year,word,count,total_words,freq_per_million
2015,students,3939,488838,8057.88
2015,said,3517,488838,7194.61
2015,people,2624,488838,5367.83
2015,one,2369,488838,4846.19
2015,there,2112,488838,4320.45
2015,all,2031,488838,4154.75
2015,student,1706,488838,3489.91
2015,year,1687,488838,3451.04
2015,like,1678,488838,3432.63
2015,campus,1593,488838,3258.75
2015,out,1554,488838,3178.97
2015,time,1392,488838,2847.57
2015,new,1375,488838,2812.79
2015,many,1366,488838,2794.38
2015,university,1301,488838,2661.41
2015,some,1290,488838,2638.91
2015,contact,1207,488838,2469.12
2015,edu,1158,488838,2368.88
2015,think,1084,488838,2217.5
2015,first,1061,488838,2170.45
2015,two,1039,488838,2125.45
2015,community,1039,488838,2125.45
2015,make,1032,488838,2111.13
2015,really,1031,488838,2109.08
2015,between,950,488838,1943.38
2015,years,946,488838,1935.2
2015,world,914,488838,1869.74
2015,way,913,488838,1867.69
2015,work,910,488838,1861.56
2015,school,904,488838,1849.28
2015,last,897,488838,1834.96
2015,any,872,488838,1783.82
2015,get,853,488838,1744.95
2015,according,827,488838,1691.77
2015,program,814,488838,1665.17
2015,well,800,488838,1636.53
2015,much,794,488838,1624.26
2015,now,792,488838,1620.17
2015,take,769,488838,1573.12
2015,don,763,488838,1560.84
2015,women,763,488838,1560.84
2015,sexual,761,488838,1556.75
2015,change,756,488838,1546.52
2015,class,733,488838,1499.47
2015,different,724,488838,1481.06
2015,want,704,488838,1440.15
2015,life,692,488838,1415.6
2015,however,681,488838,1393.1
2015,group,678,488838,1386.96
2015,both,675,488838,1380.83
2015,president,669,488838,1368.55
2015,members,660,488838,1350.14
2015,need,644,488838,1317.41
2015,issues,636,488838,1301.04
2015,part,631,488838,1290.82
2015,know,618,488838,1264.22
2015,going,614,488838,1256.04
2015,research,614,488838,1256.04
2015,see,613,488838,1253.99
2015,social,610,488838,1247.86
2015,percent,602,488838,1231.49
2015,education,600,488838,1227.4
2015,around,598,488838,1223.31
2015,right,589,488838,1204.9
2015,every,588,488838,1202.85
2015,public,587,488838,1200.81
2015,something,585,488838,1196.72
2015,against,584,488838,1194.67
2015,lot,579,488838,1184.44
2015,made,577,488838,1180.35
2015,health,577,488838,1180.35
2015,things,572,488838,1170.12
2015,day,569,488838,1163.98
2015,use,566,488838,1157.85
2015,experience,566,488838,1157.85
2015,good,554,488838,1133.3
2015,help,554,488838,1133.3
2015,place,553,488838,1131.25
2015,important,552,488838,1129.21
2015,process,550,488838,1125.12
2015,come,549,488838,1123.07
2015,groups,547,488838,1118.98
2015,go,546,488838,1116.93
2015,team,545,488838,1114.89
2015,support,540,488838,1104.66
2015,three,535,488838,1094.43
2015,state,532,488838,1088.3
2015,event,529,488838,1082.16
2015,black,519,488838,1061.7
2015,fact,510,488838,1043.29
2015,assault,510,488838,1043.29
2015,back,509,488838,1041.24
2015,better,509,488838,1041.24
2015,law,502,488838,1026.93
2015,issue,500,488838,1022.83
2015,science,498,488838,1018.74
2015,here,493,488838,1008.51
2015,college,480,488838,981.92
2015,high,476,488838,973.74
2015,individual,476,488838,973.74
2015,another,475,488838,971.69
2015,states,474,488838,969.65
2015,week,472,488838,965.56
2015,down,472,488838,965.56
2015,faculty,467,488838,955.33
2015,without,465,488838,951.24
2015,long,463,488838,947.14
2015,american,462,488838,945.1
2015,policy,461,488838,943.05
2015,government,457,488838,934.87
2015,center,457,488838,934.87
2015,climate,455,488838,930.78
2015,often,454,488838,928.73
2015,system,448,488838,916.46
2015,professor,448,488838,916.46
2015,able,445,488838,910.32
2015,future,443,488838,906.23
2015,say,443,488838,906.23
2015,case,443,488838,906.23
2015,past,438,488838,896.0
2015,must,437,488838,893.96
2015,court,436,488838,891.91
2015,whether,434,488838,887.82
2015,feel,434,488838,887.82
2015,never,432,488838,883.73
2015,department,431,488838,881.68
2015,course,427,488838,873.5
2015,political,425,488838,869.41
2015,end,422,488838,863.27
2015,working,419,488838,857.13
2015,off,418,488838,855.09
2015,project,408,488838,834.63
2015,events,408,488838,834.63
2015,including,405,488838,828.5
2015,history,405,488838,828.5
2015,free,405,488838,828.5
2015,few,404,488838,826.45
2015,human,403,488838,824.4
2015,senate,401,488838,820.31
2015,find,400,488838,818.27
2015,number,399,488838,816.22
2015,actually,396,488838,810.08
2015,best,394,488838,805.99
2015,always,394,488838,805.99
2015,information,394,488838,805.99
2015,country,388,488838,793.72
2015,making,387,488838,791.67
2015,become,386,488838,789.63
2015,already,384,488838,785.54
2015,having,383,488838,783.49
2015,next,380,488838,777.35
2015,national,380,488838,777.35
2015,decision,378,488838,773.26
2015,doing,377,488838,771.22
2015,less,376,488838,769.17
2015,great,375,488838,767.13
2015,house,374,488838,765.08
2015,found,372,488838,760.99
2015,white,371,488838,758.94
2015,real,369,488838,754.85
2015,power,369,488838,754.85
2015,graduate,369,488838,754.85
2015,divestment,368,488838,752.81
2015,used,367,488838,750.76
2015,order,363,488838,742.58
2015,person,363,488838,742.58
2015,current,362,488838,740.53
2015,example,358,488838,732.35
2015,look,357,488838,730.3
2015,point,352,488838,720.07
2015,united,349,488838,713.94
2015,lives,348,488838,711.89
2015,explained,348,488838,711.89
2015,violence,347,488838,709.85
2015,added,346,488838,707.8
2015,study,345,488838,705.76
2015,open,344,488838,703.71
2015,culture,342,488838,699.62
2015,office,340,488838,695.53
2015,based,339,488838,693.48
2015,food,339,488838,693.48
2015,data,338,488838,691.44
2015,put,337,488838,689.39
2015,staff,337,488838,689.39
2015,thing,337,488838,689.39
2015,major,335,488838,685.3
2015,recent,333,488838,681.21
2015,rather,332,488838,679.16
2015,idea,330,488838,675.07
2015,question,330,488838,675.07
2015,problem,329,488838,673.02
2015,assu,329,488838,673.02
2015,care,328,488838,670.98
2015,others,328,488838,670.98
2015,far,325,488838,664.84
2015,enough,325,488838,664.84
2015,quarter,320,488838,654.61
2015,trying,320,488838,654.61
2015,little,319,488838,652.57
2015,especially,319,488838,652.57
2015,together,317,488838,648.48
2015,learning,317,488838,648.48
2015,article,317,488838,648.48
2015,action,315,488838,644.39
2015,academic,314,488838,642.34
2015,within,313,488838,640.29
2015,undergraduate,310,488838,634.16
2015,director,309,488838,632.11
2015,believe,308,488838,630.07
2015,family,308,488838,630.07
2015,create,307,488838,628.02
2015,talk,306,488838,625.97
2015,role,306,488838,625.97
2015,media,305,488838,623.93
2015,party,304,488838,621.88
2015,police,303,488838,619.84
2015,four,303,488838,619.84
2015,today,303,488838,619.84
2015,several,303,488838,619.84
2015,business,302,488838,617.79
2015,second,302,488838,617.79
2015,building,302,488838,617.79
2015,tsd,301,488838,615.75
2015,big,301,488838,615.75
2015,technology,301,488838,615.75
2015,rights,299,488838,611.65
2015,across,298,488838,609.61
2015,space,297,488838,607.56
2015,water,296,488838,605.52
2015,means,296,488838,605.52
2015,board,294,488838,601.43
2015,called,291,488838,595.29
2015,computer,290,488838,593.24
2015,doesn,290,488838,593.24
2015,away,289,488838,591.2
2015,classes,289,488838,591.2
2015,children,288,488838,589.15
2015,opportunity,288,488838,589.15
2015,ways,288,488838,589.15
2015,times,286,488838,585.06
2015,society,286,488838,585.06
2015,service,285,488838,583.02
2015,themselves,285,488838,583.02
2015,am,284,488838,580.97
2015,engineering,284,488838,580.97
2015,co,284,488838,580.97
2015,everyone,283,488838,578.92
2015,didn,283,488838,578.92
2015,provide,283,488838,578.92
2015,gender,283,488838,578.92
2015,given,282,488838,576.88
2015,among,281,488838,574.83
2015,energy,281,488838,574.83
2015,america,279,488838,570.74
2015,member,279,488838,570.74
2015,instead,278,488838,568.7
2015,international,276,488838,564.6
2015,involved,276,488838,564.6
2015,self,276,488838,564.6
2015,email,275,488838,562.56
2015,discussion,275,488838,562.56
2015,funding,275,488838,562.56
2015,likely,274,488838,560.51
2015,justice,274,488838,560.51
2015,impact,273,488838,558.47
2015,five,273,488838,558.47
2015,continue,271,488838,554.38
2015,outside,271,488838,554.38
2015,old,271,488838,554.38
2015,show,270,488838,552.33
2015,thought,269,488838,550.28
2015,came,268,488838,548.24
2015,makes,267,488838,546.19
2015,focus,266,488838,544.15
2015,act,266,488838,544.15
2015,movement,266,488838,544.15
2015,israel,265,488838,542.1
2015,dining,264,488838,540.06
2015,questions,263,488838,538.01
2015,understand,262,488838,535.96
2015,give,258,488838,527.78
2015,john,258,488838,527.78
2015,programs,258,488838,527.78
2015,companies,257,488838,525.74
2015,coming,257,488838,525.74
2015,young,257,488838,525.74
2015,kind,257,488838,525.74
2015,set,257,488838,525.74
2015,taking,255,488838,521.65
2015,difficult,255,488838,521.65
2015,lead,254,488838,519.6
2015,got,254,488838,519.6
2015,using,253,488838,517.55
2015,organization,253,488838,517.55
2015,love,252,488838,515.51
2015,looking,251,488838,513.46
2015,isn,250,488838,511.42
2015,hope,250,488838,511.42
2015,start,249,488838,509.37
2015,california,249,488838,509.37
2015,matter,248,488838,507.33
2015,once,248,488838,507.33
2015,done,246,488838,503.23
2015,wanted,245,488838,501.19
2015,currently,244,488838,499.14
2015,large,243,488838,497.1
2015,general,242,488838,495.05
2015,play,242,488838,495.05
2015,learn,242,488838,495.05
2015,asked,242,488838,495.05
2015,committee,241,488838,493.01
2015,story,241,488838,493.01
2015,seems,241,488838,493.01
2015,personal,241,488838,493.01
2015,sense,239,488838,488.91
2015,hard,239,488838,488.91
2015,non,239,488838,488.91
2015,body,238,488838,486.87
2015,communities,238,488838,486.87
2015,possible,238,488838,486.87
2015,report,238,488838,486.87
2015,interest,238,488838,486.87
2015,sae,238,488838,486.87
2015,least,235,488838,480.73
2015,security,235,488838,480.73
2015,bill,235,488838,480.73
2015,fossil,235,488838,480.73
2015,cases,234,488838,478.69
2015,reason,234,488838,478.69
2015,housing,234,488838,478.69
2015,ideas,234,488838,478.69
2015,money,233,488838,476.64
2015,comes,233,488838,476.64
2015,took,232,488838,474.59
2015,night,232,488838,474.59
2015,game,232,488838,474.59
2015,side,231,488838,472.55
2015,administration,231,488838,472.55
2015,home,231,488838,472.55
2015,simply,230,488838,470.5
2015,cannot,230,488838,470.5
2015,low,229,488838,468.46
2015,countries,229,488838,468.46
2015,itself,229,488838,468.46
2015,call,228,488838,466.41
2015,term,228,488838,466.41
2015,try,228,488838,466.41
2015,despite,228,488838,466.41
2015,situation,228,488838,466.41
2015,job,227,488838,464.37
2015,run,227,488838,464.37
2015,bring,226,488838,462.32
2015,address,226,488838,462.32
2015,thinking,226,488838,462.32
2015,getting,226,488838,462.32
2015,potential,225,488838,460.28
2015,force,225,488838,460.28
2015,resources,224,488838,458.23
2015,obama,223,488838,456.18
2015,experiences,222,488838,454.14
2015,told,222,488838,454.14
2015,problems,221,488838,452.09
2015,response,221,488838,452.09
2015,art,221,488838,452.09
2015,attention,221,488838,452.09
2015,friends,221,488838,452.09
2015,let,220,488838,450.05
2015,until,220,488838,450.05
2015,certain,220,488838,450.05
2015,humanities,220,488838,450.05
2015,almost,219,488838,448.0
2015,felt,219,488838,448.0
2015,due,219,488838,448.0
2015,level,219,488838,448.0
2015,title,219,488838,448.0
2015,meeting,218,488838,445.96
2015,face,217,488838,443.91
2015,live,217,488838,443.91
2015,further,217,488838,443.91
2015,individuals,216,488838,441.86
2015,access,216,488838,441.86
2015,fall,216,488838,441.86
2015,concerns,216,488838,441.86
2015,wrote,216,488838,441.86
2015,addition,215,488838,439.82
2015,income,214,488838,437.77
2015,environment,214,488838,437.77
2015,someone,213,488838,435.73
2015,provost,213,488838,435.73
2015,efforts,212,488838,433.68
2015,mental,212,488838,433.68
2015,small,211,488838,431.64
2015,sure,211,488838,431.64
2015,americans,210,488838,429.59
2015,read,210,488838,429.59
2015,debate,210,488838,429.59
2015,teaching,209,488838,427.54
2015,goal,209,488838,427.54
2015,conversation,208,488838,425.5
2015,ever,207,488838,423.45
2015,began,207,488838,423.45
2015,room,207,488838,423.45
2015,held,207,488838,423.45
2015,specific,206,488838,421.41
2015,middle,206,488838,421.41
2015,cs,206,488838,421.41
2015,policies,205,488838,419.36
2015,writing,205,488838,419.36
2015,started,205,488838,419.36
2015,field,205,488838,419.36
2015,war,205,488838,419.36
2015,career,205,488838,419.36
2015,million,205,488838,419.36
2015,ago,205,488838,419.36
2015,result,203,488838,415.27
2015,online,203,488838,415.27
2015,full,203,488838,415.27
2015,recently,202,488838,413.22
2015,reported,201,488838,411.18
2015,area,201,488838,411.18
2015,consider,201,488838,411.18
2015,survey,201,488838,411.18
2015,organizations,200,488838,409.13
2015,services,200,488838,409.13
2015,needs,199,488838,407.09
2015,diversity,199,488838,407.09
2015,easy,199,488838,407.09
2015,men,198,488838,405.04
2015,led,198,488838,405.04
2015,interested,198,488838,405.04
2015,summer,198,488838,405.04
2015,main,198,488838,405.04
2015,beyond,197,488838,403.0
2015,studies,197,488838,403.0
2015,taken,197,488838,403.0
2015,ask,196,488838,400.95
2015,former,196,488838,400.95
2015,later,196,488838,400.95
2015,industry,195,488838,398.91
2015,everything,194,488838,396.86
2015,seen,194,488838,396.86
2015,received,194,488838,396.86
2015,hall,193,488838,394.81
2015,global,192,488838,392.77
2015,economic,192,488838,392.77
2015,news,192,488838,392.77
2015,dorm,192,488838,392.77
2015,share,192,488838,392.77
2015,sometime,192,488838,392.77
2015,stories,191,488838,390.72
2015,again,191,488838,390.72
2015,spring,191,488838,390.72
2015,left,191,488838,390.72
2015,common,191,488838,390.72
2015,clear,190,488838,388.68
2015,environmental,190,488838,388.68
2015,safety,190,488838,388.68
2015,medical,189,488838,386.63
2015,include,189,488838,386.63
2015,financial,188,488838,384.59
2015,design,188,488838,384.59
2015,words,187,488838,382.54
2015,development,187,488838,382.54
2015,tell,187,488838,382.54
2015,strong,187,488838,382.54
2015,bike,187,488838,382.54
2015,true,186,488838,380.49
2015,particular,186,488838,380.49
2015,line,186,488838,380.49
2015,single,185,488838,378.45
2015,opportunities,184,488838,376.4
2015,changes,184,488838,376.4
2015,plan,184,488838,376.4
2015,decided,184,488838,376.4
2015,anti,184,488838,376.4
2015,similar,183,488838,374.36
2015,dialogue,183,488838,374.36
2015,hours,182,488838,372.31
2015,position,182,488838,372.31
2015,understanding,181,488838,370.27
2015,keep,181,488838,370.27
2015,perhaps,181,488838,370.27
2015,hennessy,181,488838,370.27
2015,leaders,180,488838,368.22
2015,allow,179,488838,366.17
2015,form,179,488838,366.17
2015,went,178,488838,364.13
2015,speech,178,488838,364.13
2015,forward,178,488838,364.13
2015,vote,178,488838,364.13
2015,ph,178,488838,364.13
2015,jewish,178,488838,364.13
2015,company,177,488838,362.08
2015,behind,177,488838,362.08
2015,woman,177,488838,362.08
2015,available,177,488838,362.08
2015,days,176,488838,360.04
2015,seem,176,488838,360.04
2015,statement,176,488838,360.04
2015,letter,176,488838,360.04
2015,projects,175,488838,357.99
2015,either,175,488838,357.99
2015,won,175,488838,357.99
2015,hopes,175,488838,357.99
2015,along,174,488838,355.95
2015,living,174,488838,355.95
2015,freshman,174,488838,355.95
2015,actions,174,488838,355.95
2015,safe,173,488838,353.9
2015,deal,173,488838,353.9
2015,anything,172,488838,351.85
2015,freedom,171,488838,349.81
2015,early,171,488838,349.81
2015,alcohol,171,488838,349.81
2015,color,171,488838,349.81
2015,schools,170,488838,347.76
2015,near,170,488838,347.76
2015,various,169,488838,345.72
2015,meet,169,488838,345.72
2015,cause,169,488838,345.72
2015,half,169,488838,345.72
2015,death,169,488838,345.72
2015,race,169,488838,345.72
2015,increase,168,488838,343.67
2015,entire,168,488838,343.67
2015,nothing,168,488838,343.67
2015,spoke,168,488838,343.67
2015,fun,168,488838,343.67
2015,man,168,488838,343.67
2015,majority,167,488838,341.63
2015,audience,167,488838,341.63
2015,success,167,488838,341.63
2015,language,167,488838,341.63
2015,move,166,488838,339.58
2015,victim,166,488838,339.58
2015,view,165,488838,337.54
2015,campaign,165,488838,337.54
2015,positive,165,488838,337.54
2015,following,165,488838,337.54
2015,whole,165,488838,337.54
2015,worked,165,488838,337.54
2015,universities,165,488838,337.54
2015,san,165,488838,337.54
2015,ix,165,488838,337.54
2015,medicine,164,488838,335.49
2015,researchers,164,488838,335.49
2015,knowledge,164,488838,335.49
2015,bad,164,488838,335.49
2015,known,164,488838,335.49
2015,light,163,488838,333.44
2015,effective,163,488838,333.44
2015,civil,163,488838,333.44
2015,particularly,162,488838,331.4
2015,lack,162,488838,331.4
2015,tuesday,162,488838,331.4
2015,athletes,162,488838,331.4
2015,ability,161,488838,329.35
2015,word,161,488838,329.35
2015,residents,161,488838,329.35
2015,top,161,488838,329.35
2015,season,161,488838,329.35
2015,friday,160,488838,327.31
2015,cultural,160,488838,327.31
2015,created,160,488838,327.31
2015,federal,160,488838,327.31
2015,mean,160,488838,327.31
2015,cardinal,160,488838,327.31
2015,else,159,488838,325.26
2015,build,159,488838,325.26
2015,control,159,488838,325.26
2015,vice,159,488838,325.26
2015,population,159,488838,325.26
2015,nature,159,488838,325.26
2015,anyone,158,488838,323.22
2015,systems,157,488838,321.17
2015,executive,157,488838,321.17
2015,suspect,157,488838,321.17
2015,approach,157,488838,321.17
2015,arts,157,488838,321.17
2015,higher,155,488838,317.08
2015,towards,155,488838,317.08
2015,focused,155,488838,317.08
2015,creating,155,488838,317.08
2015,parents,155,488838,317.08
2015,caps,155,488838,317.08
2015,brought,154,488838,315.03
2015,certainly,154,488838,315.03
2015,sort,154,488838,315.03
2015,name,154,488838,315.03
2015,effort,154,488838,315.03
2015,local,154,488838,315.03
2015,opinions,154,488838,315.03
2015,sit,154,488838,315.03
2015,south,153,488838,312.99
2015,previous,153,488838,312.99
2015,six,152,488838,310.94
2015,short,152,488838,310.94
2015,reality,151,488838,308.9
2015,greater,151,488838,308.9
2015,released,151,488838,308.9
2016,said,3424,479470,7141.22
2016,students,3406,479470,7103.68
2016,people,2331,479470,4861.62
2016,one,2210,479470,4609.26
2016,all,2203,479470,4594.66
2016,student,1936,479470,4037.79
2016,there,1823,479470,3802.11
2016,year,1535,479470,3201.45
2016,new,1501,479470,3130.54
2016,campus,1499,479470,3126.37
2016,time,1486,479470,3099.26
2016,like,1486,479470,3099.26
2016,out,1467,479470,3059.63
2016,university,1445,479470,3013.74
2016,many,1249,479470,2604.96
2016,some,1168,479470,2436.02
2016,contact,1152,479470,2402.65
2016,first,1148,479470,2394.31
2016,edu,1112,479470,2319.23
2016,community,1082,479470,2256.66
2016,think,1071,479470,2233.72
2016,two,1018,479470,2123.18
2016,years,984,479470,2052.27
2016,sexual,935,479470,1950.07
2016,really,934,479470,1947.98
2016,work,932,479470,1943.81
2016,make,924,479470,1927.13
2016,well,891,479470,1858.3
2016,way,882,479470,1839.53
2016,school,877,479470,1829.1
2016,between,871,479470,1816.59
2016,world,841,479470,1754.02
2016,senate,831,479470,1733.16
2016,research,809,479470,1687.28
2016,last,796,479470,1660.17
2016,according,795,479470,1658.08
2016,much,787,479470,1641.4
2016,program,777,479470,1620.54
2016,both,776,479470,1618.45
2016,trump,770,479470,1605.94
2016,president,769,479470,1603.85
2016,get,752,479470,1568.4
2016,now,738,479470,1539.2
2016,don,728,479470,1518.34
2016,any,711,479470,1482.89
2016,education,684,479470,1426.58
2016,want,680,479470,1418.23
2016,take,668,479470,1393.2
2016,change,667,479470,1391.12
2016,however,664,479470,1384.86
2016,class,663,479470,1382.78
2016,life,661,479470,1378.61
2016,faculty,656,479470,1368.18
2016,assault,655,479470,1366.09
2016,know,648,479470,1351.49
2016,different,647,479470,1349.41
2016,graduate,643,479470,1341.06
2016,group,643,479470,1341.06
2016,women,626,479470,1305.61
2016,policy,622,479470,1297.27
2016,support,620,479470,1293.09
2016,see,617,479470,1286.84
2016,around,617,479470,1286.84
2016,need,609,479470,1270.15
2016,percent,609,479470,1270.15
2016,part,605,479470,1261.81
2016,members,597,479470,1245.12
2016,made,592,479470,1234.7
2016,going,579,479470,1207.58
2016,three,575,479470,1199.24
2016,lot,574,479470,1197.16
2016,issues,573,479470,1195.07
2016,experience,566,479470,1180.47
2016,event,566,479470,1180.47
2016,things,563,479470,1174.21
2016,day,561,479470,1170.04
2016,every,559,479470,1165.87
2016,something,549,479470,1145.01
2016,american,549,479470,1145.01
2016,health,547,479470,1140.84
2016,center,547,479470,1140.84
2016,alcohol,546,479470,1138.76
2016,team,543,479470,1132.5
2016,here,543,479470,1132.5
2016,social,537,479470,1119.99
2016,public,532,479470,1109.56
2016,college,532,479470,1109.56
2016,professor,523,479470,1090.79
2016,political,522,479470,1088.7
2016,process,520,479470,1084.53
2016,go,519,479470,1082.45
2016,use,503,479470,1049.08
2016,back,503,479470,1049.08
2016,right,489,479470,1019.88
2016,important,489,479470,1019.88
2016,good,488,479470,1017.79
2016,against,479,479470,999.02
2016,better,477,479470,994.85
2016,high,476,479470,992.76
2016,future,473,479470,986.51
2016,working,471,479470,982.33
2016,funding,471,479470,982.33
2016,say,471,479470,982.33
2016,system,462,479470,963.56
2016,groups,456,479470,951.05
2016,place,452,479470,942.71
2016,department,452,479470,942.71
2016,next,451,479470,940.62
2016,feel,451,479470,940.62
2016,past,449,479470,936.45
2016,another,448,479470,934.37
2016,issue,447,479470,932.28
2016,come,446,479470,930.19
2016,never,445,479470,928.11
2016,able,445,479470,928.11
2016,history,444,479470,926.02
2016,state,443,479470,923.94
2016,help,434,479470,905.17
2016,country,432,479470,900.99
2016,without,432,479470,900.99
2016,undergraduate,429,479470,894.74
2016,long,426,479470,888.48
2016,course,417,479470,869.71
2016,am,414,479470,863.45
2016,down,410,479470,855.11
2016,best,406,479470,846.77
2016,culture,401,479470,836.34
2016,often,398,479470,830.08
2016,assu,397,479470,828.0
2016,diversity,395,479470,823.83
2016,science,394,479470,821.74
2016,always,393,479470,819.66
2016,individual,393,479470,819.66
2016,case,392,479470,817.57
2016,off,388,479470,809.23
2016,found,388,479470,809.23
2016,end,388,479470,809.23
2016,tsd,388,479470,809.23
2016,party,387,479470,807.14
2016,person,385,479470,802.97
2016,few,385,479470,802.97
2016,fact,382,479470,796.71
2016,board,382,479470,796.71
2016,hard,380,479470,792.54
2016,four,375,479470,782.11
2016,human,372,479470,775.86
2016,including,371,479470,773.77
2016,whether,370,479470,771.69
2016,within,369,479470,769.6
2016,week,363,479470,757.09
2016,election,363,479470,757.09
2016,great,359,479470,748.74
2016,states,358,479470,746.66
2016,talk,357,479470,744.57
2016,quarter,355,479470,740.4
2016,staff,354,479470,738.32
2016,doing,353,479470,736.23
2016,must,353,479470,736.23
2016,care,352,479470,734.14
2016,white,349,479470,727.89
2016,project,349,479470,727.89
2016,thought,349,479470,727.89
2016,less,347,479470,723.72
2016,question,347,479470,723.72
2016,government,344,479470,717.46
2016,making,342,479470,713.29
2016,office,342,479470,713.29
2016,review,341,479470,711.2
2016,number,339,479470,707.03
2016,idea,339,479470,707.03
2016,current,339,479470,707.03
2016,events,338,479470,704.95
2016,study,337,479470,702.86
2016,climate,337,479470,702.86
2016,believe,337,479470,702.86
2016,point,335,479470,698.69
2016,having,335,479470,698.69
2016,find,334,479470,696.6
2016,turner,331,479470,690.35
2016,become,329,479470,686.17
2016,information,329,479470,686.17
2016,body,329,479470,686.17
2016,open,327,479470,682.0
2016,bill,327,479470,682.0
2016,someone,326,479470,679.92
2016,used,324,479470,675.75
2016,called,323,479470,673.66
2016,among,323,479470,673.66
2016,look,323,479470,673.66
2016,article,322,479470,671.57
2016,others,320,479470,667.4
2016,ways,319,479470,665.32
2016,discussion,319,479470,665.32
2016,house,318,479470,663.23
2016,music,318,479470,663.23
2016,director,316,479470,659.06
2016,media,315,479470,656.98
2016,today,314,479470,654.89
2016,black,314,479470,654.89
2016,society,311,479470,648.63
2016,real,311,479470,648.63
2016,financial,311,479470,648.63
2016,western,311,479470,648.63
2016,national,310,479470,646.55
2016,rather,310,479470,646.55
2016,put,309,479470,644.46
2016,together,309,479470,644.46
2016,law,309,479470,644.46
2016,actually,308,479470,642.38
2016,thing,307,479470,640.29
2016,enough,307,479470,640.29
2016,decision,307,479470,640.29
2016,across,305,479470,636.12
2016,meeting,305,479470,636.12
2016,clinton,305,479470,636.12
2016,data,305,479470,636.12
2016,academic,304,479470,634.03
2016,instead,303,479470,631.95
2016,times,302,479470,629.86
2016,opportunity,302,479470,629.86
2016,problem,302,479470,629.86
2016,came,301,479470,627.78
2016,space,299,479470,623.61
2016,asked,297,479470,619.43
2016,committee,295,479470,615.26
2016,home,294,479470,613.18
2016,friends,292,479470,609.01
2016,several,289,479470,602.75
2016,already,289,479470,602.75
2016,gsc,289,479470,602.75
2016,report,288,479470,600.66
2016,based,288,479470,600.66
2016,personal,287,479470,598.58
2016,five,287,479470,598.58
2016,free,286,479470,596.49
2016,administration,285,479470,594.41
2016,especially,285,479470,594.41
2016,family,284,479470,592.32
2016,understand,283,479470,590.24
2016,justice,282,479470,588.15
2016,away,281,479470,586.06
2016,court,279,479470,581.89
2016,didn,279,479470,581.89
2016,questions,279,479470,581.89
2016,lives,278,479470,579.81
2016,member,278,479470,579.81
2016,full,276,479470,575.64
2016,news,275,479470,573.55
2016,order,275,479470,573.55
2016,recent,275,479470,573.55
2016,love,274,479470,571.46
2016,create,274,479470,571.46
2016,continue,273,479470,569.38
2016,set,273,479470,569.38
2016,america,272,479470,567.29
2016,ever,272,479470,567.29
2016,wrote,272,479470,567.29
2016,major,271,479470,565.21
2016,humanities,271,479470,565.21
2016,least,270,479470,563.12
2016,everyone,268,479470,558.95
2016,give,268,479470,558.95
2016,reported,268,479470,558.95
2016,ideas,268,479470,558.95
2016,violence,268,479470,558.95
2016,little,268,479470,558.95
2016,outside,267,479470,556.86
2016,action,266,479470,554.78
2016,given,266,479470,554.78
2016,added,265,479470,552.69
2016,night,265,479470,552.69
2016,left,263,479470,548.52
2016,took,263,479470,548.52
2016,programs,263,479470,548.52
2016,service,263,479470,548.52
2016,communities,263,479470,548.52
2016,survey,263,479470,548.52
2016,campaign,262,479470,546.44
2016,impact,262,479470,546.44
2016,means,261,479470,544.35
2016,building,261,479470,544.35
2016,far,261,479470,544.35
2016,currently,261,479470,544.35
2016,engineering,260,479470,542.27
2016,teaching,259,479470,540.18
2016,united,259,479470,540.18
2016,got,259,479470,540.18
2016,international,258,479470,538.09
2016,sure,258,479470,538.09
2016,vote,256,479470,533.92
2016,energy,255,479470,531.84
2016,conversation,255,479470,531.84
2016,example,255,479470,531.84
2016,told,254,479470,529.75
2016,again,254,479470,529.75
2016,response,254,479470,529.75
2016,start,254,479470,529.75
2016,experiences,254,479470,529.75
2016,california,254,479470,529.75
2016,gender,253,479470,527.67
2016,hennessy,253,479470,527.67
2016,hope,253,479470,527.67
2016,kind,253,479470,527.67
2016,trying,251,479470,523.49
2016,provide,251,479470,523.49
2016,show,250,479470,521.41
2016,room,249,479470,519.32
2016,schools,249,479470,519.32
2016,john,248,479470,517.24
2016,water,247,479470,515.15
2016,felt,246,479470,513.07
2016,self,246,479470,513.07
2016,focus,246,479470,513.07
2016,role,244,479470,508.9
2016,wanted,243,479470,506.81
2016,low,242,479470,504.72
2016,second,242,479470,504.72
2016,game,242,479470,504.72
2016,power,241,479470,502.64
2016,money,241,479470,502.64
2016,classes,240,479470,500.55
2016,former,239,479470,498.47
2016,involved,239,479470,498.47
2016,let,239,479470,498.47
2016,provost,239,479470,498.47
2016,housing,239,479470,498.47
2016,themselves,238,479470,496.38
2016,studies,238,479470,496.38
2016,using,236,479470,492.21
2016,co,236,479470,492.21
2016,potential,235,479470,490.12
2016,man,234,479470,488.04
2016,sports,234,479470,488.04
2016,taking,233,479470,485.95
2016,area,233,479470,485.95
2016,simply,233,479470,485.95
2016,non,233,479470,485.95
2016,april,232,479470,483.87
2016,men,232,479470,483.87
2016,anti,232,479470,483.87
2016,athletes,231,479470,481.78
2016,learning,230,479470,479.7
2016,story,230,479470,479.7
2016,learn,230,479470,479.7
2016,politics,230,479470,479.7
2016,until,229,479470,477.61
2016,mental,229,479470,477.61
2016,fall,229,479470,477.61
2016,done,229,479470,477.61
2016,big,229,479470,477.61
2016,lack,228,479470,475.53
2016,looking,228,479470,475.53
2016,concerns,228,479470,475.53
2016,live,227,479470,473.44
2016,large,227,479470,473.44
2016,business,227,479470,473.44
2016,leadership,227,479470,473.44
2016,comes,226,479470,471.35
2016,technology,226,479470,471.35
2016,despite,225,479470,469.27
2016,field,225,479470,469.27
2016,interested,224,479470,467.18
2016,began,223,479470,465.1
2016,doesn,222,479470,463.01
2016,makes,222,479470,463.01
2016,organizations,222,479470,463.01
2016,due,221,479470,460.93
2016,name,221,479470,460.93
2016,young,220,479470,458.84
2016,job,220,479470,458.84
2016,writing,219,479470,456.75
2016,email,218,479470,454.67
2016,early,218,479470,454.67
2016,ph,217,479470,452.58
2016,race,216,479470,450.5
2016,economic,216,479470,450.5
2016,resources,216,479470,450.5
2016,ago,216,479470,450.5
2016,candidate,215,479470,448.41
2016,small,214,479470,446.33
2016,matter,214,479470,446.33
2016,read,213,479470,444.24
2016,problems,213,479470,444.24
2016,understanding,213,479470,444.24
2016,started,213,479470,444.24
2016,possible,211,479470,440.07
2016,sense,211,479470,440.07
2016,medical,210,479470,437.98
2016,old,209,479470,435.9
2016,plan,209,479470,435.9
2016,further,209,479470,435.9
2016,addition,208,479470,433.81
2016,art,208,479470,433.81
2016,later,207,479470,431.73
2016,thinking,207,479470,431.73
2016,changes,207,479470,431.73
2016,held,207,479470,431.73
2016,top,207,479470,431.73
2016,identity,207,479470,431.73
2016,beyond,206,479470,429.64
2016,development,206,479470,429.64
2016,behind,206,479470,429.64
2016,myself,206,479470,429.64
2016,bring,205,479470,427.56
2016,once,205,479470,427.56
2016,itself,205,479470,427.56
2016,address,205,479470,427.56
2016,computer,205,479470,427.56
2016,general,205,479470,427.56
2016,face,205,479470,427.56
2016,went,205,479470,427.56
2016,level,204,479470,425.47
2016,words,204,479470,425.47
2016,led,203,479470,423.38
2016,towards,202,479470,421.3
2016,anything,202,479470,421.3
2016,efforts,202,479470,421.3
2016,debate,202,479470,421.3
2016,weeks,201,479470,419.21
2016,lead,201,479470,419.21
2016,certain,201,479470,419.21
2016,coming,200,479470,417.13
2016,received,200,479470,417.13
2016,getting,199,479470,415.04
2016,rights,198,479470,412.96
2016,call,198,479470,412.96
2016,players,198,479470,412.96
2016,cannot,197,479470,410.87
2016,organization,197,479470,410.87
2016,needs,197,479470,410.87
2016,almost,197,479470,410.87
2016,safety,196,479470,408.78
2016,million,195,479470,406.7
2016,projects,195,479470,406.7
2016,food,195,479470,406.7
2016,increase,195,479470,406.7
2016,global,195,479470,406.7
2016,days,194,479470,404.61
2016,income,194,479470,404.61
2016,hall,194,479470,404.61
2016,language,193,479470,402.53
2016,obama,193,479470,402.53
2016,clear,192,479470,400.44
2016,woman,192,479470,400.44
2016,whole,191,479470,398.36
2016,hillary,191,479470,398.36
2016,individuals,189,479470,394.19
2016,following,188,479470,392.1
2016,goal,188,479470,392.1
2016,seen,188,479470,392.1
2016,discussed,188,479470,392.1
2016,forward,187,479470,390.01
2016,explained,187,479470,390.01
2016,force,187,479470,390.01
2016,candidates,186,479470,387.93
2016,difficult,186,479470,387.93
2016,answer,186,479470,387.93
2016,likely,185,479470,385.84
2016,attention,185,479470,385.84
2016,statement,185,479470,385.84
2016,association,185,479470,385.84
2016,keep,184,479470,383.76
2016,leaders,184,479470,383.76
2016,position,184,479470,383.76
2016,career,184,479470,383.76
2016,dauber,184,479470,383.76
2016,institutions,183,479470,381.67
2016,football,183,479470,381.67
2016,isn,182,479470,379.59
2016,run,182,479470,379.59
2016,ask,182,479470,379.59
2016,move,181,479470,377.5
2016,everything,181,479470,377.5
2016,interest,181,479470,377.5
2016,seems,180,479470,375.41
2016,worked,180,479470,375.41
2016,heard,180,479470,375.41
2016,spring,179,479470,373.33
2016,perhaps,179,479470,373.33
2016,term,179,479470,373.33
2016,cited,179,479470,373.33
2016,access,178,479470,371.24
2016,freshman,178,479470,371.24
2016,tell,178,479470,371.24
2016,expressed,178,479470,371.24
2016,along,177,479470,369.16
2016,present,177,479470,369.16
2016,bike,177,479470,369.16
2016,play,177,479470,369.16
2016,available,176,479470,367.07
2016,industry,176,479470,367.07
2016,stories,176,479470,367.07
2016,throughout,175,479470,364.99
2016,resolution,175,479470,364.99
2016,brock,175,479470,364.99
2016,senator,175,479470,364.99
2016,movement,174,479470,362.9
2016,children,174,479470,362.9
2016,vice,174,479470,362.9
2016,donald,173,479470,360.82
2016,recently,173,479470,360.82
2016,bernie,173,479470,360.82
2016,core,173,479470,360.82
2016,single,172,479470,358.73
2016,plans,172,479470,358.73
2016,previous,172,479470,358.73
2016,summer,172,479470,358.73
2016,sanders,171,479470,356.64
2016,similar,171,479470,356.64
2016,season,171,479470,356.64
2016,particular,170,479470,354.56
2016,result,170,479470,354.56
2016,senior,170,479470,354.56
2016,diverse,170,479470,354.56
2016,chair,170,479470,354.56
2016,won,170,479470,354.56
2016,arts,170,479470,354.56
2016,side,169,479470,352.47
2016,sex,169,479470,352.47
2016,policies,169,479470,352.47
2016,particularly,169,479470,352.47
2016,talking,169,479470,352.47
2016,six,168,479470,350.39
2016,include,168,479470,350.39
2016,nothing,167,479470,348.3
2016,anyone,167,479470,348.3
2016,form,167,479470,348.3
2016,terms,167,479470,348.3
2016,reason,167,479470,348.3
2016,letter,167,479470,348.3
2016,environmental,166,479470,346.22
2016,hopes,166,479470,346.22
2016,values,166,479470,346.22
2016,americans,165,479470,344.13
2016,allow,165,479470,344.13
2016,short,165,479470,344.13
2016,try,165,479470,344.13
2016,chance,165,479470,344.13
2016,act,164,479470,342.04
2016,series,164,479470,342.04
2016,leader,163,479470,339.96
2016,released,163,479470,339.96
2016,cultural,163,479470,339.96
2016,training,163,479470,339.96
2016,taken,162,479470,337.87
2016,brought,162,479470,337.87
2016,republican,162,479470,337.87
2016,parents,161,479470,335.79
2016,band,161,479470,335.79
2016,medicine,161,479470,335.79
2016,positive,161,479470,335.79
2016,city,160,479470,333.7
2016,aid,160,479470,333.7
2016,saw,160,479470,333.7
2016,council,160,479470,333.7
2016,created,159,479470,331.62
2016,initiative,159,479470,331.62
2016,companies,159,479470,331.62
2016,mean,159,479470,331.62
2016,either,159,479470,331.62
2016,jan,158,479470,329.53
2016,hours,158,479470,329.53
2016,included,158,479470,329.53
2016,opportunities,158,479470,329.53
2016,living,157,479470,327.44
2016,longer,157,479470,327.44
2016,half,157,479470,327.44
2016,fellow,157,479470,327.44
2016,interests,157,479470,327.44
2016,results,157,479470,327.44
2016,focused,157,479470,327.44
2016,serra,157,479470,327.44
2016,local,156,479470,325.36
2016,executive,156,479470,325.36
2016,occurred,156,479470,325.36
2016,female,156,479470,325.36
2016,cases,156,479470,325.36
2016,share,155,479470,323.27
2016,probably,155,479470,323.27
2016,york,155,479470,323.27
2016,speech,154,479470,321.19
2016,tuesday,154,479470,321.19
2016,decided,154,479470,321.19
2016,environment,154,479470,321.19
2016,upon,154,479470,321.19
2016,countries,153,479470,319.1
2016,majority,153,479470,319.1
2016,teams,153,479470,319.1
2016,value,153,479470,319.1
2016,palo,153,479470,319.1
2016,ability,153,479470,319.1
2016,institution,152,479470,317.02
2016,finally,152,479470,317.02
2016,known,152,479470,317.02
2016,ourselves,152,479470,317.02
2016,alumni,152,479470,317.02
2016,jewish,152,479470,317.02
2016,dorm,151,479470,314.93
2016,alto,151,479470,314.93
2016,nation,150,479470,312.85
2017,students,3887,477533,8139.75
2017,said,3438,477533,7199.5
2017,people,2271,477533,4755.69
2017,one,2210,477533,4627.95
2017,all,2030,477533,4251.02
2017,student,1976,477533,4137.93
2017,there,1879,477533,3934.81
2017,university,1840,477533,3853.14
2017,campus,1620,477533,3392.44
2017,like,1589,477533,3327.52
2017,out,1498,477533,3136.96
2017,time,1456,477533,3049.0
2017,year,1373,477533,2875.19
2017,new,1342,477533,2810.28
2017,some,1294,477533,2709.76
2017,community,1283,477533,2686.73
2017,many,1167,477533,2443.81
2017,first,1158,477533,2424.96
2017,contact,1102,477533,2307.69
2017,work,1093,477533,2288.85
2017,make,1035,477533,2167.39
2017,school,1022,477533,2140.17
2017,edu,989,477533,2071.06
2017,think,982,477533,2056.4
2017,two,916,477533,1918.19
2017,between,857,477533,1794.64
2017,really,836,477533,1750.66
2017,way,833,477533,1744.38
2017,well,831,477533,1740.19
2017,years,825,477533,1727.63
2017,any,821,477533,1719.25
2017,professor,819,477533,1715.06
2017,president,773,477533,1618.74
2017,world,771,477533,1614.55
2017,get,767,477533,1606.17
2017,now,762,477533,1595.7
2017,much,758,477533,1587.32
2017,according,748,477533,1566.38
2017,members,741,477533,1551.73
2017,something,732,477533,1532.88
2017,don,729,477533,1526.6
2017,last,727,477533,1522.41
2017,take,722,477533,1511.94
2017,graduate,719,477533,1505.66
2017,trump,709,477533,1484.71
2017,sexual,708,477533,1482.62
2017,research,707,477533,1480.53
2017,group,698,477533,1461.68
2017,support,698,477533,1461.68
2017,senate,694,477533,1453.3
2017,process,685,477533,1434.46
2017,life,679,477533,1421.89
2017,both,677,477533,1417.7
2017,class,663,477533,1388.39
2017,want,659,477533,1380.01
2017,need,655,477533,1371.63
2017,however,643,477533,1346.5
2017,know,640,477533,1340.22
2017,things,638,477533,1336.03
2017,public,633,477533,1325.56
2017,see,633,477533,1325.56
2017,right,615,477533,1287.87
2017,made,614,477533,1285.78
2017,day,609,477533,1275.3
2017,program,606,477533,1269.02
2017,part,605,477533,1266.93
2017,change,604,477533,1264.83
2017,american,604,477533,1264.83
2017,different,594,477533,1243.89
2017,education,594,477533,1243.89
2017,department,589,477533,1233.42
2017,political,587,477533,1229.23
2017,here,584,477533,1222.95
2017,faculty,582,477533,1218.76
2017,good,572,477533,1197.82
2017,around,563,477533,1178.98
2017,every,563,477533,1178.98
2017,lot,549,477533,1149.66
2017,come,546,477533,1143.38
2017,social,543,477533,1137.09
2017,against,542,477533,1135.0
2017,women,541,477533,1132.91
2017,feel,539,477533,1128.72
2017,issues,537,477533,1124.53
2017,long,532,477533,1114.06
2017,going,531,477533,1111.97
2017,important,531,477533,1111.97
2017,say,528,477533,1105.68
2017,help,522,477533,1093.12
2017,college,518,477533,1084.74
2017,back,517,477533,1082.65
2017,center,513,477533,1074.27
2017,percent,513,477533,1074.27
2017,place,501,477533,1049.14
2017,use,495,477533,1036.58
2017,policy,494,477533,1034.48
2017,high,493,477533,1032.39
2017,experience,492,477533,1030.3
2017,go,489,477533,1024.01
2017,someone,486,477533,1017.73
2017,news,480,477533,1005.17
2017,groups,480,477533,1005.17
2017,working,477,477533,998.88
2017,course,470,477533,984.23
2017,office,468,477533,980.04
2017,staff,468,477533,980.04
2017,event,468,477533,980.04
2017,often,467,477533,977.94
2017,history,462,477533,967.47
2017,health,462,477533,967.47
2017,funding,459,477533,961.19
2017,three,453,477533,948.63
2017,law,453,477533,948.63
2017,assault,443,477533,927.68
2017,future,441,477533,923.5
2017,administration,440,477533,921.4
2017,better,436,477533,913.03
2017,without,425,477533,889.99
2017,week,424,477533,887.9
2017,find,423,477533,885.8
2017,care,423,477533,885.8
2017,another,415,477533,869.05
2017,case,411,477533,860.67
2017,past,411,477533,860.67
2017,academic,409,477533,856.49
2017,fact,409,477533,856.49
2017,science,408,477533,854.39
2017,always,405,477533,848.11
2017,able,404,477533,846.01
2017,tsd,393,477533,822.98
2017,issue,391,477533,818.79
2017,off,391,477533,818.79
2017,system,390,477533,816.7
2017,must,388,477533,812.51
2017,order,388,477533,812.51
2017,current,385,477533,806.23
2017,white,384,477533,804.13
2017,less,384,477533,804.13
2017,wrote,380,477533,795.76
2017,end,379,477533,793.66
2017,next,379,477533,793.66
2017,housing,377,477533,789.47
2017,down,375,477533,785.29
2017,project,375,477533,785.29
2017,information,373,477533,781.1
2017,state,373,477533,781.1
2017,making,373,477533,781.1
2017,country,372,477533,779.0
2017,few,372,477533,779.0
2017,doing,365,477533,764.35
2017,data,363,477533,760.16
2017,found,360,477533,753.87
2017,others,360,477533,753.87
2017,whether,359,477533,751.78
2017,within,359,477533,751.78
2017,quarter,357,477533,747.59
2017,states,357,477533,747.59
2017,never,356,477533,745.5
2017,called,353,477533,739.22
2017,committee,353,477533,739.22
2017,person,349,477533,730.84
2017,undergraduate,349,477533,730.84
2017,great,348,477533,728.75
2017,financial,348,477533,728.75
2017,events,347,477533,726.65
2017,including,347,477533,726.65
2017,used,346,477533,724.56
2017,article,346,477533,724.56
2017,national,346,477533,724.56
2017,rather,343,477533,718.27
2017,am,341,477533,714.09
2017,communities,339,477533,709.9
2017,meeting,339,477533,709.9
2017,best,337,477533,705.71
2017,response,337,477533,705.71
2017,times,337,477533,705.71
2017,study,337,477533,705.71
2017,board,336,477533,703.62
2017,ways,335,477533,701.52
2017,assu,335,477533,701.52
2017,media,332,477533,695.24
2017,means,332,477533,695.24
2017,home,331,477533,693.15
2017,house,330,477533,691.05
2017,studies,330,477533,691.05
2017,free,329,477533,688.96
2017,council,328,477533,686.86
2017,look,326,477533,682.68
2017,hard,324,477533,678.49
2017,problem,323,477533,676.39
2017,little,323,477533,676.39
2017,email,322,477533,674.3
2017,become,322,477533,674.3
2017,point,321,477533,672.2
2017,director,318,477533,665.92
2017,title,318,477533,665.92
2017,among,317,477533,663.83
2017,recent,315,477533,659.64
2017,space,315,477533,659.64
2017,open,314,477533,657.55
2017,team,313,477533,655.45
2017,rights,312,477533,653.36
2017,power,312,477533,653.36
2017,government,310,477533,649.17
2017,outside,309,477533,647.08
2017,black,308,477533,644.98
2017,didn,307,477533,642.89
2017,having,305,477533,638.7
2017,resources,305,477533,638.7
2017,kind,304,477533,636.61
2017,left,304,477533,636.61
2017,four,304,477533,636.61
2017,human,304,477533,636.61
2017,felt,303,477533,634.51
2017,gsc,301,477533,630.32
2017,friends,299,477533,626.13
2017,provide,299,477533,626.13
2017,instead,298,477533,624.04
2017,put,296,477533,619.85
2017,former,295,477533,617.76
2017,service,295,477533,617.76
2017,example,295,477533,617.76
2017,question,294,477533,615.66
2017,believe,294,477533,615.66
2017,thing,293,477533,613.57
2017,told,293,477533,613.57
2017,talk,293,477533,613.57
2017,major,291,477533,609.38
2017,self,290,477533,607.29
2017,action,290,477533,607.29
2017,today,289,477533,605.19
2017,doesn,288,477533,603.1
2017,especially,286,477533,598.91
2017,diversity,286,477533,598.91
2017,already,286,477533,598.91
2017,real,285,477533,596.82
2017,several,284,477533,594.72
2017,impact,284,477533,594.72
2017,actually,284,477533,594.72
2017,building,283,477533,592.63
2017,decision,282,477533,590.54
2017,thought,281,477533,588.44
2017,violence,281,477533,588.44
2017,technology,280,477533,586.35
2017,ideas,280,477533,586.35
2017,give,277,477533,580.06
2017,member,277,477533,580.06
2017,associate,277,477533,580.06
2017,justice,275,477533,575.88
2017,together,275,477533,575.88
2017,ix,275,477533,575.88
2017,continue,274,477533,573.78
2017,america,273,477533,571.69
2017,questions,271,477533,567.5
2017,hope,271,477533,567.5
2017,across,271,477533,567.5
2017,based,270,477533,565.41
2017,came,270,477533,565.41
2017,speech,269,477533,563.31
2017,concerns,268,477533,561.22
2017,trying,267,477533,559.12
2017,far,265,477533,554.94
2017,number,265,477533,554.94
2017,low,265,477533,554.94
2017,idea,264,477533,552.84
2017,understand,264,477533,552.84
2017,provost,264,477533,552.84
2017,given,263,477533,550.75
2017,writing,262,477533,548.65
2017,engineering,262,477533,548.65
2017,climate,262,477533,548.65
2017,opportunity,262,477533,548.65
2017,election,261,477533,546.56
2017,enough,261,477533,546.56
2017,united,260,477533,544.46
2017,international,259,477533,542.37
2017,california,259,477533,542.37
2017,body,259,477533,542.37
2017,sense,257,477533,538.18
2017,ph,257,477533,538.18
2017,role,256,477533,536.09
2017,makes,256,477533,536.09
2017,area,256,477533,536.09
2017,income,256,477533,536.09
2017,society,255,477533,533.99
2017,full,254,477533,531.9
2017,family,254,477533,531.9
2017,potential,254,477533,531.9
2017,report,253,477533,529.81
2017,large,252,477533,527.71
2017,personal,252,477533,527.71
2017,set,252,477533,527.71
2017,job,252,477533,527.71
2017,executive,249,477533,521.43
2017,create,248,477533,519.34
2017,bill,248,477533,519.34
2017,classes,247,477533,517.24
2017,mental,247,477533,517.24
2017,lives,246,477533,515.15
2017,taking,246,477533,515.15
2017,problems,246,477533,515.15
2017,took,246,477533,515.15
2017,obama,246,477533,515.15
2017,big,245,477533,513.05
2017,show,245,477533,513.05
2017,culture,243,477533,508.87
2017,read,243,477533,508.87
2017,money,243,477533,508.87
2017,currently,242,477533,506.77
2017,away,242,477533,506.77
2017,ever,242,477533,506.77
2017,hours,242,477533,506.77
2017,sure,241,477533,504.68
2017,beyond,241,477533,504.68
2017,caps,241,477533,504.68
2017,second,239,477533,500.49
2017,energy,239,477533,500.49
2017,cases,238,477533,498.39
2017,experiences,238,477533,498.39
2017,co,238,477533,498.39
2017,level,238,477533,498.39
2017,english,237,477533,496.3
2017,police,236,477533,494.21
2017,art,235,477533,492.11
2017,itself,235,477533,492.11
2017,until,235,477533,492.11
2017,isn,234,477533,490.02
2017,city,234,477533,490.02
2017,keep,232,477533,485.83
2017,despite,232,477533,485.83
2017,everyone,231,477533,483.74
2017,summer,231,477533,483.74
2017,tessier,231,477533,483.74
2017,asked,231,477533,483.74
2017,certain,230,477533,481.64
2017,letter,230,477533,481.64
2017,near,230,477533,481.64
2017,statement,230,477533,481.64
2017,added,230,477533,481.64
2017,needs,229,477533,479.55
2017,lavigne,229,477533,479.55
2017,using,228,477533,477.45
2017,learning,227,477533,475.36
2017,received,227,477533,475.36
2017,matter,227,477533,475.36
2017,due,226,477533,473.27
2017,organization,226,477533,473.27
2017,getting,226,477533,473.27
2017,simply,226,477533,473.27
2017,possible,226,477533,473.27
2017,myself,225,477533,471.17
2017,act,225,477533,471.17
2017,done,225,477533,471.17
2017,food,224,477533,469.08
2017,politics,224,477533,469.08
2017,love,223,477533,466.98
2017,recently,223,477533,466.98
2017,leadership,222,477533,464.89
2017,comes,222,477533,464.89
2017,spencer,222,477533,464.89
2017,five,221,477533,462.8
2017,least,221,477533,462.8
2017,chair,221,477533,462.8
2017,story,221,477533,462.8
2017,involved,220,477533,460.7
2017,themselves,220,477533,460.7
2017,difficult,220,477533,460.7
2017,efforts,220,477533,460.7
2017,learn,219,477533,458.61
2017,call,219,477533,458.61
2017,looking,219,477533,458.61
2017,policies,219,477533,458.61
2017,live,219,477533,458.61
2017,seems,218,477533,456.51
2017,face,218,477533,456.51
2017,forward,218,477533,456.51
2017,organizations,217,477533,454.42
2017,programs,217,477533,454.42
2017,legal,216,477533,452.32
2017,term,216,477533,452.32
2017,career,215,477533,450.23
2017,wanted,213,477533,446.04
2017,researchers,213,477533,446.04
2017,general,212,477533,443.95
2017,york,212,477533,443.95
2017,alcohol,211,477533,441.85
2017,addition,211,477533,441.85
2017,americans,211,477533,441.85
2017,once,210,477533,439.76
2017,lack,210,477533,439.76
2017,cannot,210,477533,439.76
2017,paper,209,477533,437.67
2017,individual,209,477533,437.67
2017,noted,209,477533,437.67
2017,small,209,477533,437.67
2017,services,208,477533,435.57
2017,campaign,207,477533,433.48
2017,interest,206,477533,431.38
2017,spring,206,477533,431.38
2017,again,205,477533,429.29
2017,almost,205,477533,429.29
2017,anything,204,477533,427.2
2017,party,204,477533,427.2
2017,movement,204,477533,427.2
2017,include,204,477533,427.2
2017,children,204,477533,427.2
2017,music,203,477533,425.1
2017,actions,202,477533,423.01
2017,schools,202,477533,423.01
2017,clear,202,477533,423.01
2017,present,201,477533,420.91
2017,position,201,477533,420.91
2017,local,201,477533,420.91
2017,african,200,477533,418.82
2017,field,200,477533,418.82
2017,plan,200,477533,418.82
2017,particularly,199,477533,416.73
2017,living,199,477533,416.73
2017,began,199,477533,416.73
2017,universities,199,477533,416.73
2017,perhaps,198,477533,414.63
2017,business,198,477533,414.63
2017,senior,198,477533,414.63
2017,goal,198,477533,414.63
2017,anti,197,477533,412.54
2017,security,197,477533,412.54
2017,fall,196,477533,410.44
2017,taken,196,477533,410.44
2017,federal,196,477533,410.44
2017,hall,196,477533,410.44
2017,later,195,477533,408.35
2017,increase,195,477533,408.35
2017,stories,194,477533,406.25
2017,changes,194,477533,406.25
2017,went,194,477533,406.25
2017,following,194,477533,406.25
2017,further,194,477533,406.25
2017,dorm,194,477533,406.25
2017,plans,194,477533,406.25
2017,words,193,477533,404.16
2017,coming,192,477533,402.07
2017,vice,192,477533,402.07
2017,reported,191,477533,399.97
2017,focus,191,477533,399.97
2017,palo,190,477533,397.88
2017,room,190,477533,397.88
2017,start,190,477533,397.88
2017,similar,189,477533,395.78
2017,speak,189,477533,395.78
2017,access,188,477533,393.69
2017,alto,187,477533,391.6
2017,days,187,477533,391.6
2017,name,187,477533,391.6
2017,gender,187,477533,391.6
2017,freshman,186,477533,389.5
2017,non,186,477533,389.5
2017,else,186,477533,389.5
2017,leaders,186,477533,389.5
2017,workers,186,477533,389.5
2017,night,185,477533,387.41
2017,hopes,185,477533,387.41
2017,senators,185,477533,387.41
2017,parents,184,477533,385.31
2017,try,184,477533,385.31
2017,post,184,477533,385.31
2017,development,183,477533,383.22
2017,interested,183,477533,383.22
2017,towards,183,477533,383.22
2017,side,182,477533,381.13
2017,specific,182,477533,381.13
2017,single,182,477533,381.13
2017,everything,182,477533,381.13
2017,relationship,181,477533,379.03
2017,early,181,477533,379.03
2017,bring,180,477533,376.94
2017,got,180,477533,376.94
2017,pay,180,477533,376.94
2017,likely,179,477533,374.84
2017,computer,179,477533,374.84
2017,started,179,477533,374.84
2017,range,179,477533,374.84
2017,reason,179,477533,374.84
2017,saying,178,477533,372.75
2017,thinking,178,477533,372.75
2017,review,178,477533,372.75
2017,assistant,178,477533,372.75
2017,nothing,178,477533,372.75
2017,whole,178,477533,372.75
2017,conversation,177,477533,370.66
2017,decisions,177,477533,370.66
2017,regarding,177,477533,370.66
2017,meet,177,477533,370.66
2017,lead,177,477533,370.66
2017,immigration,177,477533,370.66
2017,young,176,477533,368.56
2017,attention,176,477533,368.56
2017,language,175,477533,366.47
2017,explained,175,477533,366.47
2017,opportunities,174,477533,364.37
2017,available,174,477533,364.37
2017,debate,174,477533,364.37
2017,activism,174,477533,364.37
2017,toward,173,477533,362.28
2017,war,173,477533,362.28
2017,maybe,173,477533,362.28
2017,weeks,172,477533,360.18
2017,values,172,477533,360.18
2017,led,172,477533,360.18
2017,hold,171,477533,358.09
2017,initiative,171,477533,358.09
2017,planning,171,477533,358.09
2017,receive,171,477533,358.09
2017,court,170,477533,356.0
2017,reading,169,477533,353.9
2017,ask,169,477533,353.9
2017,administrators,169,477533,353.9
2017,ago,169,477533,353.9
2017,particular,169,477533,353.9
2017,leave,169,477533,353.9
2017,muslim,169,477533,353.9
2017,dean,168,477533,351.81
2017,aid,168,477533,351.81
2017,remain,167,477533,349.71
2017,move,167,477533,349.71
2017,tell,167,477533,349.71
2017,importance,167,477533,349.71
2017,break,166,477533,347.62
2017,status,166,477533,347.62
2017,medical,166,477533,347.62
2017,worked,165,477533,345.53
2017,heard,165,477533,345.53
2017,throughout,165,477533,345.53
2017,seem,164,477533,343.43
2017,ourselves,164,477533,343.43
2017,along,164,477533,343.43
2017,write,163,477533,341.34
2017,hand,163,477533,341.34
2017,challenges,163,477533,341.34
2017,discussion,163,477533,341.34
2017,discussed,163,477533,341.34
2017,mean,162,477533,339.24
2017,behind,162,477533,339.24
2017,understanding,162,477533,339.24
2017,allow,161,477533,337.15
2017,known,161,477533,337.15
2017,companies,160,477533,335.06
2017,institutions,160,477533,335.06
2017,teaching,159,477533,332.96
2017,jewish,159,477533,332.96
2017,seen,159,477533,332.96
2017,ability,159,477533,332.96
2017,let,159,477533,332.96
2017,form,159,477533,332.96
2017,drell,159,477533,332.96
2017,held,159,477533,332.96
2017,created,158,477533,330.87
2017,economic,158,477533,330.87
2017,works,158,477533,330.87
2017,online,157,477533,328.77
2017,says,157,477533,328.77
2017,sometimes,157,477533,328.77
2017,old,156,477533,326.68
2017,website,156,477533,326.68
2017,situation,156,477533,326.68
2017,run,156,477533,326.68
2017,published,156,477533,326.68
2017,men,156,477533,326.68
2017,step,155,477533,324.58
2017,concern,154,477533,322.49
2017,hear,154,477533,322.49
2017,stop,154,477533,322.49
2017,won,154,477533,322.49
2017,longer,153,477533,320.4
2017,training,153,477533,320.4
2017,vote,153,477533,320.4
2017,effort,153,477533,320.4
2017,humanities,153,477533,320.4
2017,million,152,477533,318.3
2017,environmental,152,477533,318.3
2017,line,152,477533,318.3
2017,path,152,477533,318.3
2017,middle,152,477533,318.3
2017,mind,152,477533,318.3
2017,environment,151,477533,316.21
2017,growth,151,477533,316.21
2017,residents,151,477533,316.21
2017,true,150,477533,314.11
2017,address,150,477533,314.11
2017,fellow,150,477533,314.11
2017,funds,150,477533,314.11
2017,wrong,149,477533,312.02
2017,expressed,149,477533,312.02
2017,higher,149,477533,312.02
2017,identity,149,477533,312.02
2017,result,148,477533,309.93
2017,month,148,477533,309.93
2017,areas,148,477533,309.93
2017,view,148,477533,309.93
2017,lab,148,477533,309.93
2017,color,147,477533,307.83
2018,said,4884,522049,9355.44
2018,students,4118,522049,7888.15
2018,student,2386,522049,4570.45
2018,people,2320,522049,4444.03
2018,one,2204,522049,4221.83
2018,university,2126,522049,4072.41
2018,all,2092,522049,4007.29
2018,there,2041,522049,3909.59
2018,campus,1852,522049,3547.56
2018,community,1662,522049,3183.61
2018,like,1555,522049,2978.65
2018,time,1468,522049,2812.0
2018,year,1418,522049,2716.22
2018,out,1382,522049,2647.26
2018,new,1340,522049,2566.81
2018,some,1244,522049,2382.92
2018,think,1178,522049,2256.49
2018,first,1151,522049,2204.77
2018,work,1124,522049,2153.05
2018,many,1122,522049,2149.22
2018,contact,1116,522049,2137.73
2018,edu,1091,522049,2089.84
2018,school,1077,522049,2063.02
2018,according,1047,522049,2005.56
2018,two,979,522049,1875.3
2018,between,962,522049,1842.74
2018,really,943,522049,1806.34
2018,make,927,522049,1775.7
2018,well,915,522049,1752.71
2018,way,911,522049,1745.05
2018,years,910,522049,1743.13
2018,members,902,522049,1727.81
2018,get,834,522049,1597.55
2018,however,815,522049,1561.16
2018,don,815,522049,1561.16
2018,world,811,522049,1553.49
2018,research,808,522049,1547.75
2018,support,770,522049,1474.96
2018,want,769,522049,1473.04
2018,group,760,522049,1455.8
2018,both,752,522049,1440.48
2018,take,747,522049,1430.9
2018,president,747,522049,1430.9
2018,wrote,747,522049,1430.9
2018,health,741,522049,1419.41
2018,class,740,522049,1417.49
2018,public,734,522049,1406.0
2018,any,728,522049,1394.51
2018,life,724,522049,1386.84
2018,program,717,522049,1373.43
2018,now,713,522049,1365.77
2018,issues,707,522049,1354.28
2018,process,705,522049,1350.45
2018,much,704,522049,1348.53
2018,center,689,522049,1319.8
2018,made,688,522049,1317.88
2018,last,687,522049,1315.97
2018,need,685,522049,1312.14
2018,graduate,683,522049,1308.31
2018,part,680,522049,1302.56
2018,law,679,522049,1300.64
2018,housing,661,522049,1266.16
2018,event,658,522049,1260.42
2018,know,651,522049,1247.01
2018,senate,650,522049,1245.09
2018,staff,645,522049,1235.52
2018,american,644,522049,1233.6
2018,education,643,522049,1231.69
2018,policy,640,522049,1225.94
2018,change,624,522049,1195.29
2018,faculty,622,522049,1191.46
2018,professor,609,522049,1166.56
2018,women,609,522049,1166.56
2018,long,607,522049,1162.73
2018,different,601,522049,1151.23
2018,lot,600,522049,1149.32
2018,use,599,522049,1147.4
2018,around,597,522049,1143.57
2018,including,595,522049,1139.74
2018,social,589,522049,1128.25
2018,here,587,522049,1124.42
2018,going,587,522049,1124.42
2018,political,585,522049,1120.58
2018,see,583,522049,1116.75
2018,something,581,522049,1112.92
2018,office,577,522049,1105.26
2018,experience,574,522049,1099.51
2018,committee,565,522049,1082.27
2018,day,565,522049,1082.27
2018,sexual,563,522049,1078.44
2018,against,559,522049,1070.78
2018,right,553,522049,1059.29
2018,percent,547,522049,1047.79
2018,working,546,522049,1045.88
2018,high,540,522049,1034.39
2018,three,532,522049,1019.06
2018,come,529,522049,1013.31
2018,help,526,522049,1007.57
2018,things,526,522049,1007.57
2018,place,524,522049,1003.74
2018,course,521,522049,997.99
2018,feel,520,522049,996.08
2018,college,514,522049,984.58
2018,go,512,522049,980.75
2018,co,509,522049,975.0
2018,academic,506,522049,969.26
2018,white,505,522049,967.34
2018,state,504,522049,965.43
2018,back,488,522049,934.78
2018,someone,488,522049,934.78
2018,added,484,522049,927.12
2018,undergraduate,482,522049,923.28
2018,without,481,522049,921.37
2018,california,481,522049,921.37
2018,meeting,480,522049,919.45
2018,good,479,522049,917.54
2018,assu,473,522049,906.05
2018,house,471,522049,902.21
2018,history,468,522049,896.47
2018,email,467,522049,894.55
2018,another,462,522049,884.97
2018,space,459,522049,879.23
2018,important,458,522049,877.31
2018,director,456,522049,873.48
2018,better,455,522049,871.57
2018,next,454,522049,869.65
2018,mental,443,522049,848.58
2018,past,441,522049,844.75
2018,able,440,522049,842.83
2018,report,438,522049,839.0
2018,information,438,522049,839.0
2018,future,437,522049,837.09
2018,every,436,522049,835.17
2018,groups,434,522049,831.34
2018,issue,433,522049,829.42
2018,free,431,522049,825.59
2018,article,430,522049,823.68
2018,often,429,522049,821.76
2018,care,429,522049,821.76
2018,current,428,522049,819.85
2018,trump,423,522049,810.27
2018,never,423,522049,810.27
2018,case,417,522049,798.78
2018,outside,414,522049,793.03
2018,science,411,522049,787.28
2018,told,399,522049,764.3
2018,system,399,522049,764.3
2018,down,397,522049,760.47
2018,member,397,522049,760.47
2018,say,394,522049,754.72
2018,department,392,522049,750.89
2018,board,390,522049,747.06
2018,always,389,522049,745.14
2018,rather,381,522049,729.82
2018,fact,378,522049,724.07
2018,off,377,522049,722.15
2018,end,377,522049,722.15
2018,statement,372,522049,712.58
2018,funding,372,522049,712.58
2018,decision,372,522049,712.58
2018,am,372,522049,712.58
2018,diversity,371,522049,710.66
2018,week,371,522049,710.66
2018,used,370,522049,708.75
2018,having,367,522049,703.0
2018,human,367,522049,703.0
2018,whether,367,522049,703.0
2018,title,365,522049,699.17
2018,speech,364,522049,697.25
2018,role,362,522049,693.42
2018,found,362,522049,693.42
2018,few,361,522049,691.51
2018,council,360,522049,689.59
2018,power,358,522049,685.76
2018,assault,357,522049,683.84
2018,vote,357,522049,683.84
2018,within,356,522049,681.93
2018,palo,356,522049,681.93
2018,doing,355,522049,680.01
2018,alto,355,522049,680.01
2018,technology,354,522049,678.1
2018,become,353,522049,676.18
2018,government,353,522049,676.18
2018,news,349,522049,668.52
2018,others,348,522049,666.6
2018,point,347,522049,664.69
2018,find,347,522049,664.69
2018,making,346,522049,662.77
2018,resources,346,522049,662.77
2018,area,345,522049,660.86
2018,scr,343,522049,657.03
2018,events,342,522049,655.11
2018,instead,342,522049,655.11
2018,team,341,522049,653.2
2018,concerns,340,522049,651.28
2018,workers,340,522049,651.28
2018,rights,339,522049,649.36
2018,currently,338,522049,647.45
2018,talk,337,522049,645.53
2018,international,336,522049,643.62
2018,person,335,522049,641.7
2018,states,333,522049,637.87
2018,organization,333,522049,637.87
2018,studies,331,522049,634.04
2018,less,331,522049,634.04
2018,response,331,522049,634.04
2018,former,330,522049,632.12
2018,data,330,522049,632.12
2018,family,328,522049,628.29
2018,country,327,522049,626.38
2018,chair,327,522049,626.38
2018,best,327,522049,626.38
2018,ix,327,522049,626.38
2018,across,326,522049,624.46
2018,asked,324,522049,620.63
2018,national,322,522049,616.8
2018,especially,321,522049,614.88
2018,building,320,522049,612.97
2018,didn,320,522049,612.97
2018,quarter,319,522049,611.05
2018,real,319,522049,611.05
2018,times,317,522049,607.22
2018,based,316,522049,605.31
2018,recent,315,522049,603.39
2018,four,315,522049,603.39
2018,example,315,522049,603.39
2018,must,315,522049,603.39
2018,local,315,522049,603.39
2018,called,314,522049,601.48
2018,society,314,522049,601.48
2018,discussion,313,522049,599.56
2018,project,312,522049,597.65
2018,campaign,311,522049,595.73
2018,actually,311,522049,595.73
2018,open,311,522049,595.73
2018,america,310,522049,593.81
2018,believe,310,522049,593.81
2018,black,310,522049,593.81
2018,question,309,522049,591.9
2018,city,309,522049,591.9
2018,set,308,522049,589.98
2018,understand,306,522049,586.15
2018,among,305,522049,584.24
2018,party,305,522049,584.24
2018,post,305,522049,584.24
2018,home,305,522049,584.24
2018,provide,305,522049,584.24
2018,ways,304,522049,582.32
2018,enough,304,522049,582.32
2018,major,303,522049,580.41
2018,study,302,522049,578.49
2018,look,301,522049,576.57
2018,hope,301,522049,576.57
2018,provost,301,522049,576.57
2018,second,300,522049,574.66
2018,despite,299,522049,572.74
2018,following,299,522049,572.74
2018,kind,299,522049,572.74
2018,problem,298,522049,570.83
2018,felt,297,522049,568.91
2018,already,297,522049,568.91
2018,culture,296,522049,567.0
2018,dining,296,522049,567.0
2018,service,295,522049,565.08
2018,access,293,522049,561.25
2018,development,292,522049,559.33
2018,impact,292,522049,559.33
2018,given,292,522049,559.33
2018,great,292,522049,559.33
2018,came,291,522049,557.42
2018,reported,289,522049,553.59
2018,order,287,522049,549.76
2018,several,287,522049,549.76
2018,action,287,522049,549.76
2018,medical,286,522049,547.84
2018,idea,284,522049,544.01
2018,administration,283,522049,542.09
2018,media,282,522049,540.18
2018,classes,282,522049,540.18
2018,gender,281,522049,538.26
2018,address,281,522049,538.26
2018,policies,280,522049,536.35
2018,taking,280,522049,536.35
2018,night,279,522049,534.43
2018,election,278,522049,532.52
2018,financial,278,522049,532.52
2018,friends,277,522049,530.6
2018,general,277,522049,530.6
2018,far,277,522049,530.6
2018,today,276,522049,528.69
2018,questions,276,522049,528.69
2018,review,276,522049,528.69
2018,hours,275,522049,526.77
2018,give,274,522049,524.85
2018,level,274,522049,524.85
2018,gsc,274,522049,524.85
2018,put,273,522049,522.94
2018,create,273,522049,522.94
2018,self,272,522049,521.02
2018,expressed,271,522049,519.11
2018,due,269,522049,515.28
2018,potential,269,522049,515.28
2018,efforts,269,522049,515.28
2018,together,268,522049,513.36
2018,number,268,522049,513.36
2018,race,267,522049,511.45
2018,later,266,522049,509.53
2018,violence,265,522049,507.62
2018,little,265,522049,507.62
2018,everyone,265,522049,507.62
2018,communities,264,522049,505.7
2018,money,263,522049,503.78
2018,term,263,522049,503.78
2018,away,263,522049,503.78
2018,hard,262,522049,501.87
2018,personal,262,522049,501.87
2018,native,262,522049,501.87
2018,comment,261,522049,499.95
2018,ph,261,522049,499.95
2018,conversations,260,522049,498.04
2018,name,259,522049,496.12
2018,sense,259,522049,496.12
2018,means,258,522049,494.21
2018,involved,258,522049,494.21
2018,learning,257,522049,492.29
2018,non,257,522049,492.29
2018,united,256,522049,490.38
2018,climate,255,522049,488.46
2018,needs,255,522049,488.46
2018,left,254,522049,486.54
2018,until,254,522049,486.54
2018,vice,254,522049,486.54
2018,thing,254,522049,486.54
2018,received,253,522049,484.63
2018,focus,252,522049,482.71
2018,sure,252,522049,482.71
2018,drell,252,522049,482.71
2018,thought,251,522049,480.8
2018,ideas,251,522049,480.8
2018,story,251,522049,480.8
2018,took,250,522049,478.88
2018,continue,250,522049,478.88
2018,job,250,522049,478.88
2018,organizations,250,522049,478.88
2018,residents,250,522049,478.88
2018,hall,249,522049,476.97
2018,tsd,249,522049,476.97
2018,politics,248,522049,475.05
2018,full,247,522049,473.14
2018,further,247,522049,473.14
2018,engineering,247,522049,473.14
2018,opportunity,247,522049,473.14
2018,county,247,522049,473.14
2018,run,247,522049,473.14
2018,forward,246,522049,471.22
2018,bill,246,522049,471.22
2018,conversation,245,522049,469.3
2018,low,244,522049,467.39
2018,wanted,243,522049,465.47
2018,union,243,522049,465.47
2018,makes,242,522049,463.56
2018,cases,242,522049,463.56
2018,energy,241,522049,461.64
2018,include,240,522049,459.73
2018,body,239,522049,457.81
2018,discussed,239,522049,457.81
2018,movement,238,522049,455.9
2018,services,237,522049,453.98
2018,doesn,237,522049,453.98
2018,computer,236,522049,452.06
2018,lack,235,522049,450.15
2018,read,235,522049,450.15
2018,ever,234,522049,448.23
2018,individual,234,522049,448.23
2018,court,233,522049,446.32
2018,lives,232,522049,444.4
2018,form,231,522049,442.49
2018,facebook,231,522049,442.49
2018,comes,230,522049,440.57
2018,police,229,522049,438.66
2018,problems,229,522049,438.66
2018,love,228,522049,436.74
2018,leave,228,522049,436.74
2018,changes,228,522049,436.74
2018,large,228,522049,436.74
2018,looking,227,522049,434.83
2018,trying,227,522049,434.83
2018,least,227,522049,434.83
2018,specific,227,522049,434.83
2018,small,227,522049,434.83
2018,recall,227,522049,434.83
2018,young,226,522049,432.91
2018,range,226,522049,432.91
2018,began,226,522049,432.91
2018,done,225,522049,430.99
2018,live,225,522049,430.99
2018,de,225,522049,430.99
2018,once,224,522049,429.08
2018,held,224,522049,429.08
2018,similar,224,522049,429.08
2018,face,224,522049,429.08
2018,difficult,223,522049,427.16
2018,stolen,223,522049,427.16
2018,food,222,522049,425.25
2018,experiences,222,522049,425.25
2018,bike,222,522049,425.25
2018,speakers,221,522049,423.33
2018,terms,221,522049,423.33
2018,dorm,221,522049,423.33
2018,leadership,221,522049,423.33
2018,income,221,522049,423.33
2018,disability,220,522049,421.42
2018,using,219,522049,419.5
2018,act,219,522049,419.5
2018,letter,219,522049,419.5
2018,field,218,522049,417.59
2018,interest,218,522049,417.59
2018,summer,218,522049,417.59
2018,start,218,522049,417.59
2018,planning,218,522049,417.59
2018,itself,217,522049,415.67
2018,early,217,522049,415.67
2018,certain,217,522049,415.67
2018,teaching,217,522049,415.67
2018,themselves,217,522049,415.67
2018,safety,217,522049,415.67
2018,individuals,217,522049,415.67
2018,five,216,522049,413.75
2018,learn,216,522049,413.75
2018,persky,216,522049,413.75
2018,went,215,522049,411.84
2018,addition,214,522049,409.92
2018,san,214,522049,409.92
2018,worked,213,522049,408.01
2018,institution,213,522049,408.01
2018,men,213,522049,408.01
2018,stated,212,522049,406.09
2018,survey,212,522049,406.09
2018,series,211,522049,404.18
2018,bring,211,522049,404.18
2018,children,211,522049,404.18
2018,justice,210,522049,402.26
2018,old,210,522049,402.26
2018,schools,210,522049,402.26
2018,matter,210,522049,402.26
2018,programs,210,522049,402.26
2018,beyond,210,522049,402.26
2018,brown,210,522049,402.26
2018,fall,209,522049,400.35
2018,clear,209,522049,400.35
2018,likely,209,522049,400.35
2018,possible,209,522049,400.35
2018,again,209,522049,400.35
2018,global,208,522049,398.43
2018,plan,208,522049,398.43
2018,dean,208,522049,398.43
2018,understanding,208,522049,398.43
2018,let,208,522049,398.43
2018,increase,208,522049,398.43
2018,living,207,522049,396.51
2018,regarding,207,522049,396.51
2018,republicans,207,522049,396.51
2018,ask,207,522049,396.51
2018,known,206,522049,394.6
2018,room,206,522049,394.6
2018,hospital,205,522049,392.68
2018,noted,204,522049,390.77
2018,fellow,203,522049,388.85
2018,initiative,203,522049,388.85
2018,whole,203,522049,388.85
2018,color,203,522049,388.85
2018,smith,203,522049,388.85
2018,alumni,202,522049,386.94
2018,ability,201,522049,385.02
2018,behind,201,522049,385.02
2018,alcohol,201,522049,385.02
2018,spring,200,522049,383.11
2018,position,200,522049,383.11
2018,career,200,522049,383.11
2018,near,200,522049,383.11
2018,tuesday,199,522049,381.19
2018,professors,198,522049,379.27
2018,challenges,198,522049,379.27
2018,related,198,522049,379.27
2018,myself,197,522049,377.36
2018,standard,197,522049,377.36
2018,writing,196,522049,375.44
2018,pay,196,522049,375.44
2018,associate,196,522049,375.44
2018,says,195,522049,373.53
2018,saying,195,522049,373.53
2018,along,194,522049,371.61
2018,recently,194,522049,371.61
2018,candidate,194,522049,371.61
2018,got,193,522049,369.7
2018,cardinal,193,522049,369.7
2018,man,193,522049,369.7
2018,coming,192,522049,367.78
2018,getting,192,522049,367.78
2018,particular,192,522049,367.78
2018,million,192,522049,367.78
2018,speak,192,522049,367.78
2018,goal,192,522049,367.78
2018,legal,192,522049,367.78
2018,kavanaugh,192,522049,367.78
2018,present,191,522049,365.87
2018,believes,191,522049,365.87
2018,led,191,522049,365.87
2018,plans,191,522049,365.87
2018,universities,191,522049,365.87
2018,lavigne,191,522049,365.87
2018,focused,190,522049,363.95
2018,investigation,190,522049,363.95
2018,companies,190,522049,363.95
2018,started,190,522049,363.95
2018,almost,189,522049,362.03
2018,anyone,189,522049,362.03
2018,training,189,522049,362.03
2018,allow,189,522049,362.03
2018,resident,189,522049,362.03
2018,control,188,522049,360.12
2018,freshman,188,522049,360.12
2018,tessier,188,522049,360.12
2018,available,188,522049,360.12
2018,hold,187,522049,358.2
2018,call,187,522049,358.2
2018,explained,187,522049,358.2
2018,seems,187,522049,358.2
2018,investment,187,522049,358.2
2018,senior,186,522049,356.29
2018,evidence,186,522049,356.29
2018,thinking,186,522049,356.29
2018,stories,186,522049,356.29
2018,serra,186,522049,356.29
2018,identity,186,522049,356.29
2018,environmental,186,522049,356.29
2018,executive,185,522049,354.37
2018,spoke,185,522049,354.37
2018,days,184,522049,352.46
2018,senator,184,522049,352.46
2018,anything,184,522049,352.46
2018,created,184,522049,352.46
2018,website,184,522049,352.46
2018,interested,184,522049,352.46
2018,proposed,184,522049,352.46
2018,leaders,183,522049,350.54
2018,various,183,522049,350.54
2018,centers,183,522049,350.54
2018,thursday,183,522049,350.54
2018,nothing,182,522049,348.63
2018,emphasized,182,522049,348.63
2018,business,181,522049,346.71
2018,wednesday,181,522049,346.71
2018,previous,180,522049,344.8
2018,view,180,522049,344.8
2018,judge,180,522049,344.8
2018,claims,180,522049,344.8
2018,toward,180,522049,344.8
2018,online,180,522049,344.8
2018,residential,180,522049,344.8
2018,association,180,522049,344.8
2018,particularly,179,522049,342.88
2018,candidates,179,522049,342.88
2018,language,179,522049,342.88
2018,effort,178,522049,340.96
2018,panel,177,522049,339.05
2018,friend,177,522049,339.05
2018,environment,177,522049,339.05
2018,published,177,522049,339.05
2018,nov,177,522049,339.05
2018,meet,176,522049,337.13
2018,announced,175,522049,335.22
2018,cannot,175,522049,335.22
2018,conservative,175,522049,335.22
2018,resolution,175,522049,335.22
2018,side,175,522049,335.22
2018,big,174,522049,333.3
2018,senators,173,522049,331.39
2018,reason,173,522049,331.39
2018,tax,172,522049,329.47
2018,dauber,172,522049,329.47
2018,share,172,522049,329.47
2018,seen,171,522049,327.56
2018,months,171,522049,327.56
2018,described,171,522049,327.56
2018,show,171,522049,327.56
2018,asian,171,522049,327.56
2018,institute,170,522049,325.64
2018,responsibility,170,522049,325.64
2018,knowledge,170,522049,325.64
2018,attention,170,522049,325.64
2018,taken,170,522049,325.64
2018,americans,170,522049,325.64
2018,company,170,522049,325.64
2018,towards,169,522049,323.72
2018,either,169,522049,323.72
2018,heard,169,522049,323.72
2018,diverse,168,522049,321.81
2018,weeks,168,522049,321.81
2018,tell,168,522049,321.81
2019,said,4477,526295,8506.64
2019,students,4382,526295,8326.13
2019,university,2776,526295,5274.61
2019,student,2523,526295,4793.89
2019,one,2177,526295,4136.46
2019,campus,2097,526295,3984.46
2019,people,2030,526295,3857.15
2019,all,1976,526295,3754.55
2019,there,1749,526295,3323.23
2019,year,1714,526295,3256.73
2019,community,1627,526295,3091.42
2019,like,1423,526295,2703.81
2019,time,1411,526295,2681.01
2019,out,1386,526295,2633.5
2019,new,1336,526295,2538.5
2019,contact,1238,526295,2352.29
2019,some,1202,526295,2283.89
2019,edu,1201,526295,2281.99
2019,first,1191,526295,2262.99
2019,many,1142,526295,2169.89
2019,work,1126,526295,2139.48
2019,two,1033,526295,1962.78
2019,wrote,1008,526295,1915.28
2019,between,993,526295,1886.77
2019,school,991,526295,1882.97
2019,make,944,526295,1793.67
2019,graduate,934,526295,1774.67
2019,years,932,526295,1770.87
2019,according,916,526295,1740.47
2019,think,912,526295,1732.87
2019,members,890,526295,1691.07
2019,research,883,526295,1677.77
2019,support,841,526295,1597.96
2019,housing,836,526295,1588.46
2019,program,819,526295,1556.16
2019,health,817,526295,1552.36
2019,way,816,526295,1550.46
2019,senate,780,526295,1482.06
2019,faculty,760,526295,1444.06
2019,life,758,526295,1440.26
2019,any,750,526295,1425.06
2019,well,745,526295,1415.56
2019,told,745,526295,1415.56
2019,public,737,526295,1400.36
2019,president,734,526295,1394.66
2019,education,723,526295,1373.75
2019,both,719,526295,1366.15
2019,last,699,526295,1328.15
2019,process,688,526295,1307.25
2019,don,684,526295,1299.65
2019,now,671,526295,1274.95
2019,sexual,667,526295,1267.35
2019,american,666,526295,1265.45
2019,really,658,526295,1250.25
2019,part,654,526295,1242.65
2019,including,653,526295,1240.75
2019,however,648,526295,1231.25
2019,take,646,526295,1227.45
2019,world,645,526295,1225.55
2019,college,641,526295,1217.95
2019,change,639,526295,1214.15
2019,much,634,526295,1204.65
2019,need,632,526295,1200.85
2019,social,629,526295,1195.15
2019,get,628,526295,1193.25
2019,use,627,526295,1191.35
2019,made,627,526295,1191.35
2019,report,622,526295,1181.85
2019,center,616,526295,1170.45
2019,event,615,526295,1168.55
2019,know,612,526295,1162.85
2019,want,607,526295,1153.35
2019,issues,593,526295,1126.74
2019,assu,588,526295,1117.24
2019,workers,585,526295,1111.54
2019,professor,584,526295,1109.64
2019,policy,583,526295,1107.74
2019,three,579,526295,1100.14
2019,class,573,526295,1088.74
2019,around,571,526295,1084.94
2019,see,570,526295,1083.04
2019,email,569,526295,1081.14
2019,group,566,526295,1075.44
2019,experience,565,526295,1073.54
2019,day,565,526295,1073.54
2019,staff,561,526295,1065.94
2019,added,559,526295,1062.14
2019,high,554,526295,1052.64
2019,here,549,526295,1043.14
2019,team,544,526295,1033.64
2019,important,542,526295,1029.84
2019,undergraduate,531,526295,1008.94
2019,going,526,526295,999.44
2019,against,517,526295,982.34
2019,history,516,526295,980.44
2019,government,514,526295,976.64
2019,department,512,526295,972.84
2019,academic,511,526295,970.94
2019,meeting,511,526295,970.94
2019,office,508,526295,965.24
2019,working,506,526295,961.44
2019,long,498,526295,946.24
2019,help,496,526295,942.44
2019,county,495,526295,940.54
2019,funding,494,526295,938.64
2019,place,493,526295,936.74
2019,things,492,526295,934.84
2019,without,486,526295,923.44
2019,political,486,526295,923.44
2019,co,483,526295,917.74
2019,human,483,526295,917.74
2019,committee,475,526295,902.54
2019,different,470,526295,893.04
2019,women,466,526295,885.43
2019,found,465,526295,883.53
2019,director,464,526295,881.63
2019,percent,462,526295,877.83
2019,system,460,526295,874.03
2019,every,459,526295,872.13
2019,good,458,526295,870.23
2019,decision,457,526295,868.33
2019,science,456,526295,866.43
2019,something,455,526295,864.53
2019,chinese,453,526295,860.73
2019,back,451,526295,856.93
2019,course,448,526295,851.23
2019,technology,446,526295,847.43
2019,right,445,526295,845.53
2019,food,443,526295,841.73
2019,news,443,526295,841.73
2019,article,442,526295,839.83
2019,come,441,526295,837.93
2019,future,440,526295,836.03
2019,another,439,526295,834.13
2019,lot,437,526295,830.33
2019,data,434,526295,824.63
2019,statement,430,526295,817.03
2019,go,428,526295,813.23
2019,financial,427,526295,811.33
2019,information,426,526295,809.43
2019,national,426,526295,809.43
2019,provost,425,526295,807.53
2019,law,425,526295,807.53
2019,project,423,526295,803.73
2019,week,423,526295,803.73
2019,mental,422,526295,801.83
2019,often,420,526295,798.03
2019,feel,420,526295,798.03
2019,next,416,526295,790.43
2019,better,413,526295,784.73
2019,family,410,526295,779.03
2019,assault,408,526295,775.23
2019,alto,406,526295,771.43
2019,off,405,526295,769.53
2019,current,405,526295,769.53
2019,plan,405,526295,769.53
2019,palo,405,526295,769.53
2019,past,402,526295,763.83
2019,rights,397,526295,754.33
2019,board,396,526295,752.43
2019,press,396,526295,752.43
2019,former,395,526295,750.53
2019,bill,391,526295,742.93
2019,house,390,526295,741.03
2019,states,388,526295,737.23
2019,end,387,526295,735.33
2019,concerns,387,526295,735.33
2019,must,387,526295,735.33
2019,four,385,526295,731.53
2019,whether,382,526295,725.83
2019,say,382,526295,725.83
2019,find,381,526295,723.93
2019,issue,378,526295,718.23
2019,state,377,526295,716.33
2019,drell,376,526295,714.43
2019,administration,374,526295,710.63
2019,council,374,526295,710.63
2019,international,370,526295,703.03
2019,california,369,526295,701.13
2019,free,368,526295,699.23
2019,development,364,526295,691.63
2019,others,364,526295,691.63
2019,provide,361,526295,685.93
2019,number,361,526295,685.93
2019,space,359,526295,682.13
2019,miller,359,526295,682.13
2019,down,358,526295,680.23
2019,able,358,526295,680.23
2019,care,356,526295,676.43
2019,role,356,526295,676.43
2019,china,356,526295,676.43
2019,someone,353,526295,670.73
2019,called,352,526295,668.83
2019,potential,351,526295,666.93
2019,outside,351,526295,666.93
2019,within,347,526295,659.33
2019,making,346,526295,657.43
2019,resources,345,526295,655.53
2019,second,343,526295,651.73
2019,money,342,526295,649.83
2019,best,341,526295,647.93
2019,used,340,526295,646.03
2019,climate,340,526295,646.03
2019,already,339,526295,644.13
2019,recent,339,526295,644.13
2019,among,339,526295,644.13
2019,power,339,526295,644.13
2019,case,338,526295,642.23
2019,country,337,526295,640.33
2019,ph,337,526295,640.33
2019,given,336,526295,638.43
2019,never,334,526295,634.63
2019,major,333,526295,632.72
2019,asked,333,526295,632.72
2019,based,333,526295,632.72
2019,across,332,526295,630.82
2019,service,330,526295,627.02
2019,city,330,526295,627.02
2019,fact,330,526295,627.02
2019,trump,329,526295,625.12
2019,communities,327,526295,621.32
2019,area,327,526295,621.32
2019,few,326,526295,619.42
2019,vice,325,526295,617.52
2019,rather,325,526295,617.52
2019,diversity,325,526295,617.52
2019,order,324,526295,615.62
2019,less,323,526295,613.72
2019,member,323,526295,613.72
2019,company,322,526295,611.82
2019,groups,321,526295,609.92
2019,violence,320,526295,608.02
2019,response,315,526295,598.52
2019,quarter,315,526295,598.52
2019,questions,314,526295,596.62
2019,person,313,526295,594.72
2019,five,312,526295,592.82
2019,am,312,526295,592.82
2019,believe,310,526295,589.02
2019,ways,310,526295,589.02
2019,put,303,526295,575.72
2019,impact,303,526295,575.72
2019,study,301,526295,571.92
2019,building,301,526295,571.92
2019,actually,300,526295,570.02
2019,white,300,526295,570.02
2019,currently,299,526295,568.12
2019,changes,298,526295,566.22
2019,united,298,526295,566.22
2019,efforts,298,526295,566.22
2019,continue,294,526295,558.62
2019,times,293,526295,556.72
2019,until,292,526295,554.82
2019,million,292,526295,554.82
2019,open,292,526295,554.82
2019,question,291,526295,552.92
2019,instead,289,526295,549.12
2019,anti,289,526295,549.12
2019,organization,289,526295,549.12
2019,resolution,289,526295,549.12
2019,safety,288,526295,547.22
2019,set,286,526295,543.42
2019,published,285,526295,541.52
2019,due,284,526295,539.62
2019,general,284,526295,539.62
2019,came,284,526295,539.62
2019,force,283,526295,537.72
2019,events,282,526295,535.82
2019,further,282,526295,535.82
2019,access,281,526295,533.92
2019,become,279,526295,530.12
2019,having,279,526295,530.12
2019,pay,278,526295,528.22
2019,personal,277,526295,526.32
2019,look,277,526295,526.32
2019,residential,277,526295,526.32
2019,despite,277,526295,526.32
2019,home,277,526295,526.32
2019,tuesday,277,526295,526.32
2019,hope,276,526295,524.42
2019,dining,275,526295,522.52
2019,doing,274,526295,520.62
2019,survey,274,526295,520.62
2019,especially,272,526295,516.82
2019,agreement,272,526295,516.82
2019,far,272,526295,516.82
2019,several,271,526295,514.92
2019,classes,271,526295,514.92
2019,valley,270,526295,513.02
2019,engineering,270,526295,513.02
2019,local,270,526295,513.02
2019,san,269,526295,511.12
2019,following,269,526295,511.12
2019,today,267,526295,507.32
2019,studies,267,526295,507.32
2019,together,267,526295,507.32
2019,organizations,267,526295,507.32
2019,always,266,526295,505.42
2019,include,266,526295,505.42
2019,create,265,526295,503.52
2019,universities,265,526295,503.52
2019,action,265,526295,503.52
2019,enough,264,526295,501.62
2019,noted,263,526295,499.72
2019,real,263,526295,499.72
2019,began,263,526295,499.72
2019,story,263,526295,499.72
2019,point,263,526295,499.72
2019,understand,263,526295,499.72
2019,problem,262,526295,497.82
2019,services,262,526295,497.82
2019,increase,262,526295,497.82
2019,address,262,526295,497.82
2019,proposed,261,526295,495.92
2019,discussion,261,526295,495.92
2019,de,260,526295,494.02
2019,plans,260,526295,494.02
2019,justice,260,526295,494.02
2019,culture,259,526295,492.12
2019,later,258,526295,490.22
2019,scr,258,526295,490.22
2019,schools,258,526295,490.22
2019,learning,257,526295,488.32
2019,name,257,526295,488.32
2019,live,257,526295,488.32
2019,hoover,257,526295,488.32
2019,application,256,526295,486.42
2019,black,255,526295,484.52
2019,security,255,526295,484.52
2019,hall,255,526295,484.52
2019,friends,255,526295,484.52
2019,give,254,526295,482.62
2019,regarding,254,526295,482.62
2019,example,254,526295,482.62
2019,least,253,526295,480.72
2019,lack,253,526295,480.72
2019,review,252,526295,478.82
2019,children,252,526295,478.82
2019,companies,252,526295,478.82
2019,institution,251,526295,476.92
2019,march,251,526295,476.92
2019,policies,250,526295,475.02
2019,near,250,526295,475.02
2019,society,250,526295,475.02
2019,received,249,526295,473.12
2019,took,249,526295,473.12
2019,programs,248,526295,471.22
2019,fall,248,526295,471.22
2019,away,245,526295,465.52
2019,reported,244,526295,463.62
2019,full,244,526295,463.62
2019,kind,244,526295,463.62
2019,talk,243,526295,461.72
2019,discussed,242,526295,459.82
2019,possible,242,526295,459.82
2019,sense,241,526295,457.92
2019,felt,241,526295,457.92
2019,humanities,241,526295,457.92
2019,non,240,526295,456.02
2019,didn,240,526295,456.02
2019,costs,239,526295,454.12
2019,great,239,526295,454.12
2019,term,238,526295,452.22
2019,america,238,526295,452.22
2019,party,238,526295,452.22
2019,affairs,237,526295,450.32
2019,admissions,237,526295,450.32
2019,medical,236,526295,448.42
2019,cole,236,526295,448.42
2019,using,236,526295,448.42
2019,media,236,526295,448.42
2019,days,236,526295,448.42
2019,ideas,236,526295,448.42
2019,little,235,526295,446.52
2019,jewish,235,526295,446.52
2019,computer,234,526295,444.62
2019,beyond,234,526295,444.62
2019,post,233,526295,442.72
2019,toward,233,526295,442.72
2019,cited,233,526295,442.72
2019,chair,232,526295,440.82
2019,expressed,232,526295,440.82
2019,union,231,526295,438.92
2019,april,231,526295,438.92
2019,forward,230,526295,437.02
2019,idea,230,526295,437.02
2019,greek,230,526295,437.02
2019,executive,229,526295,435.12
2019,facebook,229,526295,435.12
2019,themselves,229,526295,435.12
2019,living,229,526295,435.12
2019,candidate,228,526295,433.22
2019,election,228,526295,433.22
2019,involved,227,526295,431.32
2019,comes,226,526295,429.42
2019,comment,226,526295,429.42
2019,clear,226,526295,429.42
2019,series,226,526295,429.42
2019,brubaker,226,526295,429.42
2019,federal,225,526295,427.52
2019,worked,224,526295,425.62
2019,needs,224,526295,425.62
2019,specific,224,526295,425.62
2019,alcohol,224,526295,425.62
2019,taking,224,526295,425.62
2019,healthcare,224,526295,425.62
2019,thursday,224,526295,425.62
2019,act,223,526295,423.72
2019,individual,223,526295,423.72
2019,led,223,526295,423.72
2019,experiences,223,526295,423.72
2019,thought,222,526295,421.82
2019,wednesday,221,526295,419.92
2019,lives,221,526295,419.92
2019,described,221,526295,419.92
2019,announced,220,526295,418.02
2019,related,220,526295,418.02
2019,residents,220,526295,418.02
2019,early,220,526295,418.02
2019,left,219,526295,416.12
2019,once,219,526295,416.12
2019,addition,219,526295,416.12
2019,court,219,526295,416.12
2019,months,219,526295,416.12
2019,doesn,218,526295,414.22
2019,ai,218,526295,414.22
2019,dorm,217,526295,412.32
2019,affordable,217,526295,412.32
2019,reflect,216,526295,410.42
2019,body,216,526295,410.42
2019,focus,216,526295,410.42
2019,room,215,526295,408.52
2019,cost,215,526295,408.52
2019,wanted,215,526295,408.52
2019,values,215,526295,408.52
2019,title,215,526295,408.52
2019,leave,214,526295,406.62
2019,business,214,526295,406.62
2019,researchers,213,526295,404.72
2019,gsc,212,526295,402.82
2019,similar,211,526295,400.92
2019,senator,211,526295,400.92
2019,position,211,526295,400.92
2019,environmental,211,526295,400.92
2019,large,209,526295,397.12
2019,face,209,526295,397.12
2019,certain,209,526295,397.12
2019,shared,208,526295,395.22
2019,individuals,208,526295,395.22
2019,hours,208,526295,395.22
2019,words,208,526295,395.22
2019,means,207,526295,393.32
2019,opportunity,206,526295,391.42
2019,available,206,526295,391.42
2019,conversation,206,526295,391.42
2019,ever,206,526295,391.42
2019,thing,206,526295,391.42
2019,month,205,526295,389.52
2019,view,205,526295,389.52
2019,vote,205,526295,389.52
2019,read,205,526295,389.52
2019,self,205,526295,389.52
2019,matter,204,526295,387.62
2019,low,203,526295,385.72
2019,senior,203,526295,385.72
2019,petition,203,526295,385.72
2019,itself,202,526295,383.82
2019,call,202,526295,383.82
2019,additional,202,526295,383.82
2019,level,200,526295,380.02
2019,known,200,526295,380.02
2019,goal,200,526295,380.02
2019,projects,199,526295,378.11
2019,held,199,526295,378.11
2019,problems,199,526295,378.11
2019,understanding,198,526295,376.21
2019,speech,197,526295,374.31
2019,job,197,526295,374.31
2019,challenges,197,526295,374.31
2019,global,196,526295,372.41
2019,makes,196,526295,372.41
2019,planning,196,526295,372.41
2019,santa,195,526295,370.51
2019,sure,195,526295,370.51
2019,summer,195,526295,370.51
2019,saying,195,526295,370.51
2019,legal,195,526295,370.51
2019,clara,195,526295,370.51
2019,hopes,195,526295,370.51
2019,hard,195,526295,370.51
2019,disability,195,526295,370.51
2019,affordability,195,526295,370.51
2019,environment,194,526295,368.61
2019,small,193,526295,366.71
2019,audience,193,526295,366.71
2019,learn,193,526295,366.71
2019,bring,192,526295,364.81
2019,receive,192,526295,364.81
2019,gender,192,526295,364.81
2019,done,192,526295,364.81
2019,leadership,192,526295,364.81
2019,recently,191,526295,362.91
2019,night,191,526295,362.91
2019,line,191,526295,362.91
2019,benefits,190,526295,361.01
2019,debate,190,526295,361.01
2019,harassment,190,526295,361.01
2019,medicine,190,526295,361.01
2019,big,189,526295,359.11
2019,cannot,189,526295,359.11
2019,keep,189,526295,359.11
2019,trying,189,526295,359.11
2019,multiple,189,526295,359.11
2019,reason,189,526295,359.11
2019,higher,189,526295,359.11
2019,task,189,526295,359.11
2019,funds,188,526295,357.21
2019,likely,188,526295,357.21
2019,request,187,526295,355.31
2019,seen,187,526295,355.31
2019,teaching,187,526295,355.31
2019,monday,186,526295,353.41
2019,included,186,526295,353.41
2019,spoke,186,526295,353.41
2019,previous,186,526295,353.41
2019,whose,186,526295,353.41
2019,ability,186,526295,353.41
2019,units,185,526295,351.51
2019,emphasized,185,526295,351.51
2019,spokesperson,184,526295,349.61
2019,knowledge,184,526295,349.61
2019,common,184,526295,349.61
2019,economic,184,526295,349.61
2019,politics,183,526295,347.71
2019,commitment,183,526295,347.71
2019,senators,183,526295,347.71
2019,meet,183,526295,347.71
2019,simply,183,526295,347.71
2019,present,182,526295,345.81
2019,website,182,526295,345.81
2019,taken,182,526295,345.81
2019,energy,182,526295,345.81
2019,color,182,526295,345.81
2019,dean,182,526295,345.81
2019,conversations,182,526295,345.81
2019,bay,182,526295,345.81
2019,aid,181,526295,343.91
2019,friday,181,526295,343.91
2019,single,181,526295,343.91
2019,everyone,181,526295,343.91
2019,families,181,526295,343.91
2019,importance,181,526295,343.91
2019,stories,181,526295,343.91
2019,ago,181,526295,343.91
2019,coming,181,526295,343.91
2019,book,180,526295,342.01
2019,incident,179,526295,340.11
2019,again,179,526295,340.11
2019,associate,179,526295,340.11
2019,candidates,179,526295,340.11
2019,employees,178,526295,338.21
2019,associated,178,526295,338.21
2019,along,178,526295,338.21
2019,death,178,526295,338.21
2019,result,177,526295,336.31
2019,behind,177,526295,336.31
2019,terms,177,526295,336.31
2019,looking,177,526295,336.31
2019,let,177,526295,336.31
2019,district,177,526295,336.31
2019,east,176,526295,334.41
2019,ask,176,526295,334.41
2019,systems,176,526295,334.41
2019,focused,176,526295,334.41
2019,increased,175,526295,332.51
2019,weeks,175,526295,332.51
2019,show,175,526295,332.51
2019,risk,175,526295,332.51
2019,share,175,526295,332.51
2019,concern,175,526295,332.51
2019,letter,175,526295,332.51
2019,tech,175,526295,332.51
2019,getting,175,526295,332.51
2019,hospital,175,526295,332.51
2019,career,175,526295,332.51
2019,fellow,174,526295,330.61
2019,difficult,174,526295,330.61
2019,interest,173,526295,328.71
2019,jan,173,526295,328.71
2019,significant,173,526295,328.71
2019,decided,173,526295,328.71
2019,start,172,526295,326.81
2019,administrators,172,526295,326.81
2019,throughout,172,526295,326.81
2019,income,171,526295,324.91
2019,situation,171,526295,324.91
2019,field,171,526295,324.91
2019,per,171,526295,324.91
2019,continued,171,526295,324.91
2019,seems,170,526295,323.01
2020,students,8653,712415,12146.01
2020,said,6820,712415,9573.07
2020,university,3995,712415,5607.69
2020,campus,3252,712415,4564.76
2020,student,3235,712415,4540.89
2020,people,3177,712415,4459.48
2020,all,3047,712415,4277.0
2020,one,2514,712415,3528.84
2020,there,2483,712415,3485.33
2020,community,2341,712415,3286.01
2020,covid,2313,712415,3246.7
2020,time,2278,712415,3197.57
2020,year,2188,712415,3071.24
2020,out,1953,712415,2741.38
2020,wrote,1937,712415,2718.92
2020,many,1925,712415,2702.08
2020,like,1922,712415,2697.87
2020,new,1806,712415,2535.04
2020,some,1806,712415,2535.04
2020,according,1745,712415,2449.42
2020,health,1722,712415,2417.13
2020,contact,1682,712415,2360.98
2020,first,1561,712415,2191.14
2020,work,1553,712415,2179.91
2020,school,1418,712415,1990.41
2020,support,1393,712415,1955.32
2020,faculty,1388,712415,1948.3
2020,quarter,1375,712415,1930.05
2020,edu,1372,712415,1925.84
2020,black,1274,712415,1788.28
2020,make,1265,712415,1775.65
2020,now,1246,712415,1748.98
2020,graduate,1244,712415,1746.17
2020,pandemic,1235,712415,1733.54
2020,take,1202,712415,1687.22
2020,think,1184,712415,1661.95
2020,email,1180,712415,1656.34
2020,public,1165,712415,1635.28
2020,two,1139,712415,1598.79
2020,members,1137,712415,1595.98
2020,county,1126,712415,1580.54
2020,need,1122,712415,1574.92
2020,research,1110,712415,1558.08
2020,really,1104,712415,1549.66
2020,workers,1092,712415,1532.81
2020,professor,1075,712415,1508.95
2020,any,1051,712415,1475.26
2020,between,1039,712415,1458.42
2020,program,1027,712415,1441.58
2020,well,1005,712415,1410.69
2020,policy,993,712415,1393.85
2020,housing,987,712415,1385.43
2020,staff,983,712415,1379.81
2020,told,970,712415,1361.57
2020,class,960,712415,1347.53
2020,president,950,712415,1333.49
2020,get,936,712415,1313.84
2020,change,932,712415,1308.23
2020,way,930,712415,1305.42
2020,education,927,712415,1301.21
2020,social,922,712415,1294.19
2020,know,910,712415,1277.35
2020,going,885,712415,1242.25
2020,years,874,712415,1226.81
2020,senate,867,712415,1216.99
2020,don,867,712415,1216.99
2020,both,863,712415,1211.37
2020,much,858,712415,1204.35
2020,person,857,712415,1202.95
2020,working,854,712415,1198.74
2020,including,844,712415,1184.7
2020,online,844,712415,1184.7
2020,classes,830,712415,1165.05
2020,added,828,712415,1162.24
2020,made,825,712415,1158.03
2020,care,824,712415,1156.63
2020,home,823,712415,1155.23
2020,place,820,712415,1151.01
2020,state,809,712415,1135.57
2020,able,804,712415,1128.56
2020,however,803,712415,1127.15
2020,data,799,712415,1121.54
2020,cases,797,712415,1118.73
2020,want,794,712415,1114.52
2020,academic,794,712415,1114.52
2020,spring,792,712415,1111.71
2020,process,790,712415,1108.9
2020,help,785,712415,1101.89
2020,back,783,712415,1099.08
2020,world,778,712415,1092.06
2020,day,772,712415,1083.64
2020,undergraduate,769,712415,1079.43
2020,coronavirus,763,712415,1071.0
2020,week,756,712415,1061.18
2020,com,748,712415,1049.95
2020,study,745,712415,1045.74
2020,see,745,712415,1045.74
2020,international,743,712415,1042.93
2020,experience,739,712415,1037.32
2020,life,738,712415,1035.91
2020,different,738,712415,1035.91
2020,response,734,712415,1030.3
2020,sexual,728,712415,1021.88
2020,around,722,712415,1013.45
2020,lot,720,712415,1010.65
2020,department,717,712415,1006.44
2020,information,717,712415,1006.44
2020,without,715,712415,1003.63
2020,important,712,712415,999.42
2020,use,712,712415,999.42
2020,assu,706,712415,991.0
2020,election,699,712415,981.17
2020,financial,696,712415,976.96
2020,fall,695,712415,975.55
2020,last,685,712415,961.52
2020,against,680,712415,954.5
2020,decision,678,712415,951.69
2020,administration,678,712415,951.69
2020,american,676,712415,948.89
2020,number,674,712415,946.08
2020,team,674,712415,946.08
2020,medicine,674,712415,946.08
2020,law,672,712415,943.27
2020,issues,667,712415,936.25
2020,part,665,712415,933.44
2020,continue,665,712415,933.44
2020,due,663,712415,930.64
2020,system,656,712415,920.81
2020,high,654,712415,918.0
2020,long,653,712415,916.6
2020,center,650,712415,912.39
2020,current,649,712415,910.99
2020,vote,645,712415,905.37
2020,states,643,712415,902.56
2020,future,642,712415,901.16
2020,three,640,712415,898.35
2020,group,637,712415,894.14
2020,summer,636,712415,892.74
2020,concerns,634,712415,889.93
2020,police,631,712415,885.72
2020,provide,630,712415,884.32
2020,whether,629,712415,882.91
2020,california,624,712415,875.89
2020,off,621,712415,871.68
2020,resources,621,712415,871.68
2020,across,621,712415,871.68
2020,science,619,712415,868.88
2020,office,617,712415,866.07
2020,op,617,712415,866.07
2020,end,613,712415,860.45
2020,director,611,712415,857.65
2020,diversity,611,712415,857.65
2020,every,608,712415,853.44
2020,college,608,712415,853.44
2020,article,607,712415,852.03
2020,editor,597,712415,837.99
2020,testing,596,712415,836.59
2020,here,594,712415,833.78
2020,country,587,712415,823.96
2020,right,587,712415,823.96
2020,go,585,712415,821.15
2020,next,583,712415,818.34
2020,come,581,712415,815.54
2020,virus,578,712415,811.32
2020,reported,577,712415,809.92
2020,government,575,712415,807.11
2020,order,571,712415,801.5
2020,must,571,712415,801.5
2020,communities,570,712415,800.1
2020,making,569,712415,798.69
2020,feel,568,712415,797.29
2020,safety,568,712415,797.29
2020,statement,566,712415,794.48
2020,past,557,712415,781.85
2020,learning,554,712415,777.64
2020,plans,549,712415,770.62
2020,already,548,712415,769.21
2020,board,546,712415,766.41
2020,stanforddaily,543,712415,762.2
2020,course,541,712415,759.39
2020,march,540,712415,757.99
2020,history,539,712415,756.58
2020,found,539,712415,756.58
2020,political,536,712415,752.37
2020,less,535,712415,750.97
2020,patients,533,712415,748.16
2020,trump,532,712415,746.76
2020,pay,531,712415,745.35
2020,provost,531,712415,745.35
2020,santa,531,712415,745.35
2020,another,530,712415,743.95
2020,violence,529,712415,742.54
2020,clara,529,712415,742.54
2020,family,524,712415,735.53
2020,letters,523,712415,734.12
2020,lives,519,712415,728.51
2020,better,518,712415,727.1
2020,times,512,712415,718.68
2020,having,511,712415,717.28
2020,news,508,712415,713.07
2020,within,507,712415,711.66
2020,access,507,712415,711.66
2020,case,504,712415,707.45
2020,things,502,712415,704.65
2020,say,499,712415,700.43
2020,based,495,712415,694.82
2020,programs,495,712415,694.82
2020,among,492,712415,690.61
2020,today,489,712415,686.4
2020,given,488,712415,684.99
2020,asked,488,712415,684.99
2020,meeting,486,712415,682.19
2020,especially,485,712415,680.78
2020,others,485,712415,680.78
2020,co,483,712415,677.98
2020,possible,479,712415,672.36
2020,needs,477,712415,669.55
2020,white,476,712415,668.15
2020,risk,475,712415,666.75
2020,medical,473,712415,663.94
2020,currently,472,712415,662.54
2020,used,472,712415,662.54
2020,changes,471,712415,661.13
2020,good,471,712415,661.13
2020,women,470,712415,659.73
2020,studies,466,712415,654.11
2020,taking,466,712415,654.11
2020,announced,465,712415,652.71
2020,committed,463,712415,649.9
2020,facebook,462,712415,648.5
2020,project,461,712415,647.09
2020,vice,458,712415,642.88
2020,open,454,712415,637.27
2020,living,453,712415,635.87
2020,ways,453,712415,635.87
2020,something,451,712415,633.06
2020,impact,450,712415,631.65
2020,individuals,450,712415,631.65
2020,crisis,450,712415,631.65
2020,organizations,449,712415,630.25
2020,letter,449,712415,630.25
2020,plan,445,712415,624.64
2020,best,444,712415,623.23
2020,days,443,712415,621.83
2020,aid,441,712415,619.02
2020,never,440,712415,617.62
2020,ph,438,712415,614.81
2020,down,437,712415,613.41
2020,few,437,712415,613.41
2020,national,437,712415,613.41
2020,policies,436,712415,612.0
2020,hope,436,712415,612.0
2020,funding,436,712415,612.0
2020,instead,429,712415,602.18
2020,questions,427,712415,599.37
2020,action,427,712415,599.37
2020,rights,426,712415,597.97
2020,service,426,712415,597.97
2020,test,426,712415,597.97
2020,opinions,424,712415,595.16
2020,despite,423,712415,593.76
2020,lack,421,712415,590.95
2020,council,418,712415,586.74
2020,find,418,712415,586.74
2020,non,418,712415,586.74
2020,address,418,712415,586.74
2020,justice,417,712415,585.33
2020,employees,417,712415,585.33
2020,live,417,712415,585.33
2020,often,416,712415,583.93
2020,institution,415,712415,582.53
2020,china,414,712415,581.12
2020,doing,413,712415,579.72
2020,free,412,712415,578.31
2020,love,411,712415,576.91
2020,zoom,411,712415,576.91
2020,recent,410,712415,575.51
2020,using,410,712415,575.51
2020,member,410,712415,575.51
2020,researchers,408,712415,572.7
2020,virtual,407,712415,571.3
2020,potential,407,712415,571.3
2020,human,405,712415,568.49
2020,hoover,404,712415,567.09
2020,issue,403,712415,565.68
2020,event,402,712415,564.28
2020,called,402,712415,564.28
2020,early,399,712415,560.07
2020,groups,398,712415,558.66
2020,difficult,396,712415,555.86
2020,major,395,712415,554.45
2020,drell,395,712415,554.45
2020,follow,394,712415,553.05
2020,weeks,394,712415,553.05
2020,companies,393,712415,551.64
2020,schools,393,712415,551.64
2020,include,392,712415,550.24
2020,report,391,712415,548.84
2020,am,390,712415,547.43
2020,racial,390,712415,547.43
2020,income,388,712415,544.63
2020,hear,387,712415,543.22
2020,area,386,712415,541.82
2020,efforts,386,712415,541.82
2020,face,384,712415,539.01
2020,opportunity,383,712415,537.61
2020,anti,383,712415,537.61
2020,united,382,712415,536.2
2020,food,382,712415,536.2
2020,mental,382,712415,536.2
2020,likely,380,712415,533.4
2020,bill,380,712415,533.4
2020,self,379,712415,531.99
2020,create,379,712415,531.99
2020,former,377,712415,529.19
2020,stay,377,712415,529.19
2020,put,377,712415,529.19
2020,services,377,712415,529.19
2020,low,377,712415,529.19
2020,local,376,712415,527.78
2020,ed,376,712415,527.78
2020,personal,376,712415,527.78
2020,resolution,375,712415,526.38
2020,positive,375,712415,526.38
2020,always,374,712415,524.97
2020,term,374,712415,524.97
2020,four,373,712415,523.57
2020,building,372,712415,522.17
2020,increase,370,712415,519.36
2020,several,370,712415,519.36
2020,results,370,712415,519.36
2020,events,369,712415,517.96
2020,friends,369,712415,517.96
2020,campaign,366,712415,513.75
2020,start,366,712415,513.75
2020,hours,366,712415,513.75
2020,petition,366,712415,513.75
2020,until,364,712415,510.94
2020,winter,364,712415,510.94
2020,look,363,712415,509.53
2020,spread,363,712415,509.53
2020,race,361,712415,506.73
2020,believe,361,712415,506.73
2020,situation,360,712415,505.32
2020,further,360,712415,505.32
2020,racism,360,712415,505.32
2020,understand,359,712415,503.92
2020,someone,359,712415,503.92
2020,institutions,359,712415,503.92
2020,available,356,712415,499.71
2020,leadership,355,712415,498.31
2020,call,354,712415,496.9
2020,received,354,712415,496.9
2020,later,353,712415,495.5
2020,become,352,712415,494.09
2020,leave,350,712415,491.29
2020,organization,350,712415,491.29
2020,climate,350,712415,491.29
2020,house,349,712415,489.88
2020,title,348,712415,488.48
2020,technology,347,712415,487.08
2020,april,346,712415,485.67
2020,months,344,712415,482.86
2020,challenges,343,712415,481.46
2020,level,343,712415,481.46
2020,media,342,712415,480.06
2020,hard,342,712415,480.06
2020,large,342,712415,480.06
2020,least,342,712415,480.06
2020,far,341,712415,478.65
2020,role,341,712415,478.65
2020,tuesday,340,712415,477.25
2020,healthcare,340,712415,477.25
2020,together,339,712415,475.85
2020,full,337,712415,473.04
2020,beyond,336,712415,471.64
2020,palo,335,712415,470.23
2020,question,335,712415,470.23
2020,senior,335,712415,470.23
2020,second,335,712415,470.23
2020,everyone,334,712415,468.83
2020,enough,333,712415,467.42
2020,taken,333,712415,467.42
2020,teaching,333,712415,467.42
2020,instagram,333,712415,467.42
2020,set,332,712415,466.02
2020,rather,331,712415,464.62
2020,committee,331,712415,464.62
2020,alto,330,712415,463.21
2020,took,330,712415,463.21
2020,result,330,712415,463.21
2020,twitter,330,712415,463.21
2020,individual,329,712415,461.81
2020,point,327,712415,459.0
2020,fact,327,712415,459.0
2020,comment,327,712415,459.0
2020,return,326,712415,457.6
2020,following,326,712415,457.6
2020,left,325,712415,456.19
2020,body,325,712415,456.19
2020,voting,325,712415,456.19
2020,ensure,324,712415,454.79
2020,allow,323,712415,453.39
2020,felt,323,712415,453.39
2020,global,322,712415,451.98
2020,related,322,712415,451.98
2020,miranda,321,712415,450.58
2020,ix,321,712415,450.58
2020,universities,321,712415,450.58
2020,america,320,712415,449.18
2020,away,320,712415,449.18
2020,cannot,320,712415,449.18
2020,lab,319,712415,447.77
2020,experiences,318,712415,446.37
2020,power,318,712415,446.37
2020,trying,317,712415,444.97
2020,matter,317,712415,444.97
2020,clear,316,712415,443.56
2020,party,314,712415,440.75
2020,forward,313,712415,439.35
2020,thought,313,712415,439.35
2020,website,313,712415,439.35
2020,thoughts,312,712415,437.95
2020,tested,312,712415,437.95
2020,june,311,712415,436.54
2020,actually,311,712415,436.54
2020,training,311,712415,436.54
2020,biden,311,712415,436.54
2020,brown,310,712415,435.14
2020,act,308,712415,432.33
2020,didn,307,712415,430.93
2020,general,307,712415,430.93
2020,total,304,712415,426.72
2020,coming,304,712415,426.72
2020,space,304,712415,426.72
2020,addition,304,712415,426.72
2020,courses,304,712415,426.72
2020,tessier,303,712415,425.31
2020,economic,302,712415,423.91
2020,form,302,712415,423.91
2020,increased,302,712415,423.91
2020,greek,301,712415,422.51
2020,toward,300,712415,421.1
2020,opportunities,299,712415,419.7
2020,ability,299,712415,419.7
2020,spokesperson,298,712415,418.3
2020,associate,298,712415,418.3
2020,little,298,712415,418.3
2020,outside,297,712415,416.89
2020,disease,296,712415,415.49
2020,lavigne,296,712415,415.49
2020,kind,294,712415,412.68
2020,sent,294,712415,412.68
2020,worked,294,712415,412.68
2020,great,294,712415,412.68
2020,themselves,294,712415,412.68
2020,remain,293,712415,411.28
2020,share,293,712415,411.28
2020,similar,292,712415,409.87
2020,additional,292,712415,409.87
2020,updated,292,712415,409.87
2020,job,292,712415,409.87
2020,undergraduates,289,712415,405.66
2020,focus,289,712415,405.66
2020,give,289,712415,405.66
2020,chinese,288,712415,404.26
2020,again,288,712415,404.26
2020,nc,288,712415,404.26
2020,published,287,712415,402.86
2020,problem,287,712415,402.86
2020,city,286,712415,401.45
2020,money,286,712415,401.45
2020,fellow,286,712415,401.45
2020,federal,286,712415,401.45
2020,once,285,712415,400.05
2020,higher,285,712415,400.05
2020,keep,284,712415,398.64
2020,population,283,712415,397.24
2020,measures,283,712415,397.24
2020,five,283,712415,397.24
2020,came,283,712415,397.24
2020,chair,283,712415,397.24
2020,done,281,712415,394.43
2020,thing,281,712415,394.43
2020,move,281,712415,394.43
2020,institute,281,712415,394.43
2020,children,281,712415,394.43
2020,engineering,281,712415,394.43
2020,platform,281,712415,394.43
2020,million,280,712415,393.03
2020,post,279,712415,391.63
2020,means,279,712415,391.63
2020,saying,278,712415,390.22
2020,democratic,277,712415,388.82
2020,receive,277,712415,388.82
2020,required,276,712415,387.41
2020,professors,276,712415,387.41
2020,expressed,276,712415,387.41
2020,travel,275,712415,386.01
2020,previous,275,712415,386.01
2020,business,275,712415,386.01
2020,color,274,712415,384.61
2020,safe,274,712415,384.61
2020,small,272,712415,381.8
2020,residents,272,712415,381.8
2020,decisions,272,712415,381.8
2020,eds,272,712415,381.8
2020,involved,271,712415,380.4
2020,survey,270,712415,378.99
2020,real,270,712415,378.99
2020,environment,270,712415,378.99
2020,systems,269,712415,377.59
2020,sense,268,712415,376.19
2020,friday,268,712415,376.19
2020,recently,267,712415,374.78
2020,wanted,267,712415,374.78
2020,legal,267,712415,374.78
2020,mail,267,712415,374.78
2020,led,266,712415,373.38
2020,ask,265,712415,371.97
2020,created,265,712415,371.97
2020,security,265,712415,371.97
2020,monday,265,712415,371.97
2020,submissions,265,712415,371.97
2020,publishing,265,712415,371.97
2020,development,264,712415,370.57
2020,comes,263,712415,369.17
2020,allowed,262,712415,367.76
2020,young,261,712415,366.36
2020,seen,260,712415,364.96
2020,computer,260,712415,364.96
2020,makes,260,712415,364.96
2020,looking,260,712415,364.96
2020,tests,259,712415,363.55
2020,sure,257,712415,360.74
2020,families,257,712415,360.74
2020,candidates,256,712415,359.34
2020,example,256,712415,359.34
2020,room,256,712415,359.34
2020,bay,255,712415,357.94
2020,society,255,712415,357.94
2020,idea,253,712415,355.13
2020,specific,253,712415,355.13
2020,limited,253,712415,355.13
2020,frosh,253,712415,355.13
2020,began,252,712415,353.73
2020,step,252,712415,353.73
2020,executive,252,712415,353.73
2020,benefits,252,712415,353.73
2020,thursday,251,712415,352.32
2020,essential,251,712415,352.32
2020,big,251,712415,352.32
2020,harassment,250,712415,350.92
2020,bring,250,712415,350.92
2020,providing,248,712415,348.11
2020,movement,248,712415,348.11
2020,departments,248,712415,348.11
2020,emergency,247,712415,346.71
2020,started,247,712415,346.71
2020,voters,247,712415,346.71
2020,eic,247,712415,346.71
2020,vaccine,246,712415,345.3
2020,wednesday,245,712415,343.9
2020,regarding,245,712415,343.9
2020,significant,244,712415,342.5
2020,elections,244,712415,342.5
2020,culture,244,712415,342.5
2020,rate,244,712415,342.5
2020,described,243,712415,341.09
2020,throughout,243,712415,341.09
2020,close,243,712415,341.09
2020,hospital,243,712415,341.09
2020,announcement,243,712415,341.09
2020,americans,243,712415,341.09
2020,learn,242,712415,339.69
2020,outbreak,242,712415,339.69
2020,lead,241,712415,338.29
2020,shared,241,712415,338.29
2020,leaders,241,712415,338.29
2020,talk,241,712415,338.29
2020,getting,240,712415,336.88
2020,provided,240,712415,336.88
2020,assault,240,712415,336.88
2020,month,239,712415,335.48
2020,meet,239,712415,335.48
2020,associated,238,712415,334.07
2020,particularly,238,712415,334.07
2020,decided,238,712415,334.07
2020,goal,238,712415,334.07
2020,multiple,238,712415,334.07
2020,longer,237,712415,332.67
2020,discussion,237,712415,332.67
2020,funds,234,712415,328.46
2020,writing,233,712415,327.06
2020,review,233,712415,327.06
2020,hold,233,712415,327.06
2020,restrictions,233,712415,327.06
2020,attention,233,712415,327.06
2020,necessary,232,712415,325.65
2020,offer,232,712415,325.65
2021,said,4714,421010,11196.88
2021,students,4704,421010,11173.13
2021,university,2826,421010,6712.43
2021,student,2357,421010,5598.44
2021,campus,2237,421010,5313.41
2021,people,1849,421010,4391.82
2021,community,1693,421010,4021.28
2021,all,1648,421010,3914.4
2021,year,1616,421010,3838.39
2021,one,1563,421010,3712.5
2021,according,1399,421010,3322.96
2021,covid,1357,421010,3223.2
2021,there,1322,421010,3140.07
2021,new,1266,421010,3007.05
2021,time,1263,421010,2999.93
2021,some,1162,421010,2760.03
2021,like,1096,421010,2603.26
2021,health,1064,421010,2527.26
2021,many,1049,421010,2491.63
2021,out,1021,421010,2425.12
2021,wrote,991,421010,2353.86
2021,first,956,421010,2270.73
2021,work,953,421010,2263.6
2021,faculty,930,421010,2208.97
2021,pandemic,900,421010,2137.72
2021,graduate,881,421010,2092.59
2021,school,866,421010,2056.96
2021,black,855,421010,2030.83
2021,two,843,421010,2002.33
2021,members,789,421010,1874.06
2021,between,770,421010,1828.94
2021,program,755,421010,1793.31
2021,think,728,421010,1729.18
2021,quarter,723,421010,1717.3
2021,support,706,421010,1676.92
2021,make,691,421010,1641.29
2021,public,675,421010,1603.29
2021,now,667,421010,1584.29
2021,social,665,421010,1579.53
2021,added,648,421010,1539.16
2021,person,647,421010,1536.78
2021,week,641,421010,1522.53
2021,life,635,421010,1508.28
2021,staff,626,421010,1486.9
2021,last,621,421010,1475.02
2021,take,617,421010,1465.52
2021,research,602,421010,1429.89
2021,undergraduate,598,421010,1420.39
2021,both,598,421010,1420.39
2021,cases,597,421010,1418.02
2021,professor,596,421010,1415.64
2021,really,595,421010,1413.27
2021,years,590,421010,1401.39
2021,senate,586,421010,1391.89
2021,including,583,421010,1384.77
2021,get,582,421010,1382.39
2021,policy,578,421010,1372.89
2021,process,574,421010,1363.39
2021,email,569,421010,1351.51
2021,way,565,421010,1342.01
2021,any,553,421010,1313.51
2021,change,550,421010,1306.38
2021,vaccine,544,421010,1292.13
2021,assu,543,421010,1289.76
2021,made,540,421010,1282.63
2021,day,535,421010,1270.75
2021,need,534,421010,1268.38
2021,academic,522,421010,1239.88
2021,housing,520,421010,1235.13
2021,education,505,421010,1199.5
2021,back,504,421010,1197.12
2021,class,500,421010,1187.62
2021,help,491,421010,1166.24
2021,center,491,421010,1166.24
2021,well,489,421010,1161.49
2021,much,489,421010,1161.49
2021,experience,485,421010,1151.99
2021,american,479,421010,1137.74
2021,however,475,421010,1128.24
2021,fall,466,421010,1106.86
2021,care,463,421010,1099.74
2021,don,461,421010,1094.99
2021,working,453,421010,1075.98
2021,president,453,421010,1075.98
2021,part,448,421010,1064.11
2021,county,446,421010,1059.36
2021,classes,446,421010,1059.36
2021,able,444,421010,1054.61
2021,long,442,421010,1049.86
2021,within,441,421010,1047.48
2021,system,441,421010,1047.48
2021,against,434,421010,1030.85
2021,plans,430,421010,1021.35
2021,safety,427,421010,1014.23
2021,going,427,421010,1014.23
2021,group,426,421010,1011.85
2021,see,426,421010,1011.85
2021,decision,424,421010,1007.1
2021,communities,423,421010,1004.73
2021,world,422,421010,1002.35
2021,past,421,421010,999.98
2021,know,420,421010,997.6
2021,state,419,421010,995.23
2021,around,417,421010,990.48
2021,home,416,421010,988.1
2021,place,414,421010,983.35
2021,different,411,421010,976.22
2021,co,411,421010,976.22
2021,want,408,421010,969.1
2021,important,407,421010,966.72
2021,high,404,421010,959.6
2021,future,394,421010,935.84
2021,lot,394,421010,935.84
2021,california,391,421010,928.72
2021,college,389,421010,923.97
2021,studies,387,421010,919.22
2021,frosh,383,421010,909.72
2021,department,382,421010,907.34
2021,director,382,421010,907.34
2021,continue,379,421010,900.22
2021,something,376,421010,893.09
2021,team,375,421010,890.72
2021,testing,374,421010,888.34
2021,three,374,421010,888.34
2021,law,372,421010,883.59
2021,across,369,421010,876.46
2021,provide,367,421010,871.71
2021,feel,366,421010,869.34
2021,asian,364,421010,864.59
2021,concerns,363,421010,862.21
2021,council,360,421010,855.09
2021,study,359,421010,852.71
2021,whether,358,421010,850.34
2021,resources,357,421010,847.96
2021,without,356,421010,845.59
2021,go,356,421010,845.59
2021,come,356,421010,845.59
2021,committee,354,421010,840.84
2021,due,350,421010,831.33
2021,house,350,421010,831.33
2021,event,349,421010,828.96
2021,office,348,421010,826.58
2021,individuals,345,421010,819.46
2021,found,344,421010,817.08
2021,medicine,343,421010,814.71
2021,use,343,421010,814.71
2021,number,341,421010,809.96
2021,violence,341,421010,809.96
2021,contact,339,421010,805.21
2021,every,338,421010,802.83
2021,issues,338,421010,802.83
2021,spring,337,421010,800.46
2021,especially,336,421010,798.08
2021,positive,334,421010,793.33
2021,current,333,421010,790.96
2021,right,332,421010,788.58
2021,currently,332,421010,788.58
2021,op,330,421010,783.83
2021,sexual,330,421010,783.83
2021,access,329,421010,781.45
2021,response,324,421010,769.58
2021,science,323,421010,767.2
2021,off,322,421010,764.83
2021,next,321,421010,762.45
2021,course,321,421010,762.45
2021,online,320,421010,760.08
2021,diversity,319,421010,757.7
2021,better,319,421010,757.7
2021,information,318,421010,755.33
2021,report,317,421010,752.95
2021,justice,316,421010,750.58
2021,things,316,421010,750.58
2021,despite,314,421010,745.83
2021,another,313,421010,743.45
2021,police,312,421010,741.08
2021,history,312,421010,741.08
2021,data,312,421010,741.08
2021,climate,311,421010,738.7
2021,making,310,421010,736.32
2021,here,309,421010,733.95
2021,building,309,421010,733.95
2021,winter,307,421010,729.2
2021,learning,305,421010,724.45
2021,groups,305,421010,724.45
2021,must,305,421010,724.45
2021,others,304,421010,722.07
2021,case,304,421010,722.07
2021,com,304,421010,722.07
2021,return,304,421010,722.07
2021,say,303,421010,719.7
2021,often,302,421010,717.32
2021,vaccinated,300,421010,712.57
2021,among,300,421010,712.57
2021,reported,299,421010,710.2
2021,weeks,297,421010,705.45
2021,test,296,421010,703.07
2021,white,293,421010,695.95
2021,ph,293,421010,695.95
2021,lack,292,421010,693.57
2021,meeting,292,421010,693.57
2021,editor,291,421010,691.19
2021,summer,290,421010,688.82
2021,states,288,421010,684.07
2021,language,288,421010,684.07
2021,events,287,421010,681.69
2021,medical,285,421010,676.94
2021,policies,284,421010,674.57
2021,media,284,421010,674.57
2021,statement,283,421010,672.19
2021,days,282,421010,669.82
2021,living,282,421010,669.82
2021,article,282,421010,669.82
2021,needs,280,421010,665.07
2021,good,279,421010,662.69
2021,political,279,421010,662.69
2021,told,279,421010,662.69
2021,space,279,421010,662.69
2021,mental,276,421010,655.57
2021,opinions,276,421010,655.57
2021,end,276,421010,655.57
2021,board,275,421010,653.19
2021,less,274,421010,650.82
2021,opportunity,272,421010,646.07
2021,gsc,272,421010,646.07
2021,administration,271,421010,643.69
2021,stanforddaily,271,421010,643.69
2021,changes,271,421010,643.69
2021,government,270,421010,641.31
2021,already,269,421010,638.94
2021,live,268,421010,636.56
2021,non,266,421010,631.81
2021,greek,266,421010,631.81
2021,based,262,421010,622.31
2021,used,261,421010,619.94
2021,provost,260,421010,617.56
2021,virtual,260,421010,617.56
2021,former,259,421010,615.19
2021,international,259,421010,615.19
2021,having,257,421010,610.44
2021,women,257,421010,610.44
2021,low,257,421010,610.44
2021,vaccination,256,421010,608.06
2021,instead,256,421010,608.06
2021,member,256,421010,608.06
2021,santa,254,421010,603.31
2021,plan,254,421010,603.31
2021,hope,254,421010,603.31
2021,announced,254,421010,603.31
2021,letters,252,421010,598.56
2021,country,251,421010,596.19
2021,given,251,421010,596.19
2021,lives,249,421010,591.43
2021,find,249,421010,591.43
2021,received,248,421010,589.06
2021,major,247,421010,586.68
2021,election,247,421010,586.68
2021,become,245,421010,581.93
2021,increase,245,421010,581.93
2021,united,245,421010,581.93
2021,funding,245,421010,581.93
2021,organization,244,421010,579.56
2021,efforts,244,421010,579.56
2021,doing,244,421010,579.56
2021,financial,244,421010,579.56
2021,risk,243,421010,577.18
2021,occurred,243,421010,577.18
2021,term,243,421010,577.18
2021,recent,243,421010,577.18
2021,clara,241,421010,572.43
2021,comes,240,421010,570.06
2021,few,240,421010,570.06
2021,several,240,421010,570.06
2021,vice,239,421010,567.68
2021,impact,239,421010,567.68
2021,start,239,421010,567.68
2021,organizations,238,421010,565.31
2021,action,238,421010,565.31
2021,family,238,421010,565.31
2021,focus,238,421010,565.31
2021,workers,237,421010,562.93
2021,four,237,421010,562.93
2021,senators,237,421010,562.93
2021,services,236,421010,560.56
2021,self,234,421010,555.81
2021,face,233,421010,553.43
2021,ways,233,421010,553.43
2021,fully,232,421010,551.06
2021,body,232,421010,551.06
2021,second,231,421010,548.68
2021,programs,231,421010,548.68
2021,never,230,421010,546.31
2021,large,230,421010,546.31
2021,population,229,421010,543.93
2021,until,228,421010,541.55
2021,open,227,421010,539.18
2021,anti,227,421010,539.18
2021,create,227,421010,539.18
2021,rather,226,421010,536.8
2021,safe,226,421010,536.8
2021,service,226,421010,536.8
2021,always,225,421010,534.43
2021,role,224,421010,532.05
2021,understand,224,421010,532.05
2021,power,223,421010,529.68
2021,fact,222,421010,527.3
2021,times,222,421010,527.3
2021,hours,221,421010,524.93
2021,national,221,421010,524.93
2021,asked,220,421010,522.55
2021,down,220,421010,522.55
2021,called,220,421010,522.55
2021,share,220,421010,522.55
2021,taking,219,421010,520.18
2021,jan,219,421010,520.18
2021,required,219,421010,520.18
2021,five,219,421010,520.18
2021,best,218,421010,517.8
2021,set,218,421010,517.8
2021,free,218,421010,517.8
2021,vaccines,217,421010,515.43
2021,early,217,421010,515.43
2021,everyone,217,421010,515.43
2021,residents,215,421010,510.68
2021,follow,215,421010,510.68
2021,order,215,421010,510.68
2021,human,215,421010,510.68
2021,challenges,215,421010,510.68
2021,spokesperson,214,421010,508.3
2021,friends,214,421010,508.3
2021,area,213,421010,505.93
2021,committed,212,421010,503.55
2021,racial,212,421010,503.55
2021,news,211,421010,501.18
2021,love,209,421010,496.43
2021,include,209,421010,496.43
2021,receive,209,421010,496.43
2021,disability,209,421010,496.43
2021,following,208,421010,494.05
2021,scr,208,421010,494.05
2021,took,208,421010,494.05
2021,miranda,208,421010,494.05
2021,vote,207,421010,491.67
2021,technology,207,421010,491.67
2021,hoover,206,421010,489.3
2021,felt,206,421010,489.3
2021,outside,205,421010,486.92
2021,chair,204,421010,484.55
2021,edu,203,421010,482.17
2021,potential,202,421010,479.8
2021,available,202,421010,479.8
2021,months,202,421010,479.8
2021,survey,202,421010,479.8
2021,issue,202,421010,479.8
2021,themselves,201,421010,477.42
2021,possible,201,421010,477.42
2021,leadership,200,421010,475.05
2021,hear,200,421010,475.05
2021,resolution,200,421010,475.05
2021,didn,200,421010,475.05
2021,personal,200,421010,475.05
2021,far,199,421010,472.67
2021,wednesday,199,421010,472.67
2021,culture,199,421010,472.67
2021,believe,198,421010,470.3
2021,away,198,421010,470.3
2021,am,198,421010,470.3
2021,tuesday,198,421010,470.3
2021,address,198,421010,470.3
2021,sense,197,421010,467.92
2021,patients,197,421010,467.92
2021,full,197,421010,467.92
2021,someone,197,421010,467.92
2021,clear,196,421010,465.55
2021,institution,196,421010,465.55
2021,associated,196,421010,465.55
2021,hard,195,421010,463.17
2021,least,194,421010,460.8
2021,march,194,421010,460.8
2021,move,194,421010,460.8
2021,allowed,194,421010,460.8
2021,later,193,421010,458.42
2021,senior,192,421010,456.05
2021,difficult,192,421010,456.05
2021,came,191,421010,453.67
2021,drell,191,421010,453.67
2021,energy,191,421010,453.67
2021,facebook,190,421010,451.3
2021,coming,190,421010,451.3
2021,ras,190,421010,451.3
2021,together,190,421010,451.3
2021,bring,189,421010,448.92
2021,experiences,189,421010,448.92
2021,throughout,189,421010,448.92
2021,beyond,189,421010,448.92
2021,individual,188,421010,446.55
2021,room,187,421010,444.17
2021,results,187,421010,444.17
2021,ensure,187,421010,444.17
2021,getting,186,421010,441.79
2021,questions,186,421010,441.79
2021,training,185,421010,439.42
2021,environmental,185,421010,439.42
2021,race,185,421010,439.42
2021,project,185,421010,439.42
2021,spread,184,421010,437.04
2021,leaders,184,421010,437.04
2021,twitter,184,421010,437.04
2021,brown,184,421010,437.04
2021,actually,184,421010,437.04
2021,society,183,421010,434.67
2021,comment,183,421010,434.67
2021,likely,183,421010,434.67
2021,forward,183,421010,434.67
2021,further,182,421010,432.29
2021,done,182,421010,432.29
2021,kind,182,421010,432.29
2021,point,182,421010,432.29
2021,fellow,181,421010,429.92
2021,residential,181,421010,429.92
2021,courses,181,421010,429.92
2021,associate,181,421010,429.92
2021,related,181,421010,429.92
2021,left,180,421010,427.54
2021,institutions,180,421010,427.54
2021,equity,180,421010,427.54
2021,story,180,421010,427.54
2021,rights,180,421010,427.54
2021,advocacy,180,421010,427.54
2021,neighborhood,180,421010,427.54
2021,executive,179,421010,425.17
2021,put,179,421010,425.17
2021,company,179,421010,425.17
2021,recently,179,421010,425.17
2021,shared,179,421010,425.17
2021,form,178,421010,422.79
2021,hopes,177,421010,420.42
2021,enough,177,421010,420.42
2021,opportunities,177,421010,420.42
2021,children,176,421010,418.04
2021,taken,175,421010,415.67
2021,similar,175,421010,415.67
2021,big,174,421010,413.29
2021,companies,174,421010,413.29
2021,example,173,421010,410.92
2021,expressed,173,421010,410.92
2021,thought,173,421010,410.92
2021,limited,173,421010,410.92
2021,dining,173,421010,410.92
2021,cannot,173,421010,410.92
2021,means,172,421010,408.54
2021,ed,172,421010,408.54
2021,multiple,172,421010,408.54
2021,little,172,421010,408.54
2021,reporting,172,421010,408.54
2021,african,172,421010,408.54
2021,led,171,421010,406.17
2021,serve,171,421010,406.17
2021,allow,171,421010,406.17
2021,once,171,421010,406.17
2021,april,171,421010,406.17
2021,title,170,421010,403.79
2021,de,170,421010,403.79
2021,level,169,421010,401.42
2021,special,169,421010,401.42
2021,business,169,421010,401.42
2021,administrators,169,421010,401.42
2021,institute,168,421010,399.04
2021,position,168,421010,399.04
2021,learn,168,421010,399.04
2021,lavigne,167,421010,396.67
2021,specific,167,421010,396.67
2021,explained,167,421010,396.67
2021,environment,167,421010,396.67
2021,general,167,421010,396.67
2021,petition,167,421010,396.67
2021,democracy,166,421010,394.29
2021,tessier,166,421010,394.29
2021,schools,166,421010,394.29
2021,researchers,166,421010,394.29
2021,instagram,165,421010,391.91
2021,tests,165,421010,391.91
2021,looking,165,421010,391.91
2021,trying,165,421010,391.91
2021,period,165,421010,391.91
2021,previous,165,421010,391.91
2021,keep,165,421010,391.91
2021,remain,164,421010,389.54
2021,bike,164,421010,389.54
2021,again,163,421010,387.16
2021,additional,162,421010,384.79
2021,situation,162,421010,384.79
2021,longer,162,421010,384.79
2021,look,162,421010,384.79
2021,thursday,162,421010,384.79
2021,trump,161,421010,382.41
2021,makes,161,421010,382.41
2021,provided,160,421010,380.04
2021,today,160,421010,380.04
2021,real,160,421010,380.04
2021,color,160,421010,380.04
2021,increased,160,421010,380.04
2021,meet,160,421010,380.04
2021,houses,159,421010,377.66
2021,income,159,421010,377.66
2021,started,159,421010,377.66
2021,thoughts,158,421010,375.29
2021,professors,158,421010,375.29
2021,majority,158,421010,375.29
2021,career,158,421010,375.29
2021,advocates,158,421010,375.29
2021,using,158,421010,375.29
2021,local,158,421010,375.29
2021,engagement,158,421010,375.29
2021,great,157,421010,372.91
2021,variant,157,421010,372.91
2021,began,156,421010,370.54
2021,understanding,156,421010,370.54
2021,problem,156,421010,370.54
2021,small,156,421010,370.54
2021,field,156,421010,370.54
2021,tsd,156,421010,370.54
2021,healthcare,155,421010,368.16
2021,americans,155,421010,368.16
2021,importance,155,421010,368.16
2021,global,155,421010,368.16
2021,rate,155,421010,368.16
2021,ix,155,421010,368.16
2021,addition,154,421010,365.79
2021,hold,154,421010,365.79
2021,systems,153,421010,363.41
2021,actions,153,421010,363.41
2021,young,153,421010,363.41
2021,leave,153,421010,363.41
2021,dean,153,421010,363.41
2021,worked,153,421010,363.41
2021,rates,152,421010,361.04
2021,undergraduates,152,421010,361.04
2021,gatherings,152,421010,361.04
2021,focused,152,421010,361.04
2021,racism,151,421010,358.66
2021,wanted,151,421010,358.66
2021,name,151,421010,358.66
2021,ability,151,421010,358.66
2021,month,151,421010,358.66
2021,lead,151,421010,358.66
2021,san,151,421010,358.66
2021,speech,150,421010,356.29
2021,act,150,421010,356.29
2021,monday,150,421010,356.29
2021,thing,149,421010,353.91
2021,held,149,421010,353.91
2021,goal,149,421010,353.91
2021,theme,149,421010,353.91
2021,alcohol,149,421010,353.91
2021,matter,148,421010,351.54
2021,universities,148,421010,351.54
2021,approach,148,421010,351.54
2021,run,148,421010,351.54
2021,created,148,421010,351.54
2021,question,147,421010,349.16
2021,status,147,421010,349.16
2021,bay,147,421010,349.16
2021,legal,147,421010,349.16
2021,higher,147,421010,349.16
2021,employees,146,421010,346.79
2021,reflect,146,421010,346.79
2021,break,146,421010,346.79
2021,decisions,146,421010,346.79
2021,toward,146,421010,346.79
2021,engineering,146,421010,346.79
2021,platform,146,421010,346.79
2021,athletes,146,421010,346.79
2021,give,145,421010,344.41
2021,request,145,421010,344.41
2021,food,145,421010,344.41
2021,post,144,421010,342.03
2021,virus,144,421010,342.03
2021,activities,143,421010,339.66
2021,present,143,421010,339.66
2021,respond,143,421010,339.66
2021,interest,143,421010,339.66
2021,problems,143,421010,339.66
2021,restrictions,142,421010,337.28
2021,disease,141,421010,334.91
2021,travel,141,421010,334.91
2021,writing,141,421010,334.91
2021,necessary,141,421010,334.91
2021,apply,141,421010,334.91
2021,eligible,141,421010,334.91
2021,section,141,421010,334.91
2021,became,140,421010,332.53
2021,seniors,140,421010,332.53
2021,teaching,140,421010,332.53
2021,hate,140,421010,332.53
2021,call,139,421010,330.16
2021,whole,139,421010,330.16
2021,included,138,421010,327.78
2021,result,138,421010,327.78
2021,assault,138,421010,327.78
2021,cantonese,138,421010,327.78
2022,said,3948,346976,11378.31
2022,students,3913,346976,11277.44
2022,university,1927,346976,5553.7
2022,student,1817,346976,5236.67
2022,campus,1470,346976,4236.6
2022,people,1339,346976,3859.06
2022,according,1311,346976,3778.36
2022,one,1293,346976,3726.48
2022,all,1286,346976,3706.31
2022,community,1249,346976,3599.67
2022,year,1237,346976,3565.09
2022,there,1116,346976,3216.36
2022,school,1070,346976,3083.79
2022,time,1069,346976,3080.9
2022,like,1042,346976,3003.09
2022,out,1010,346976,2910.86
2022,new,929,346976,2677.42
2022,wrote,898,346976,2588.08
2022,health,854,346976,2461.27
2022,first,801,346976,2308.52
2022,some,799,346976,2302.75
2022,many,781,346976,2250.88
2022,support,753,346976,2170.18
2022,between,747,346976,2152.89
2022,work,733,346976,2112.54
2022,faculty,682,346976,1965.55
2022,covid,634,346976,1827.22
2022,graduate,630,346976,1815.69
2022,two,622,346976,1792.63
2022,think,610,346976,1758.05
2022,research,602,346976,1734.99
2022,life,561,346976,1616.83
2022,years,560,346976,1613.94
2022,members,560,346976,1613.94
2022,make,549,346976,1582.24
2022,really,534,346976,1539.01
2022,public,526,346976,1515.95
2022,now,518,346976,1492.9
2022,program,508,346976,1464.08
2022,take,489,346976,1409.32
2022,well,482,346976,1389.15
2022,help,482,346976,1389.15
2022,day,477,346976,1374.73
2022,social,473,346976,1363.21
2022,way,471,346976,1357.44
2022,need,467,346976,1345.91
2022,staff,461,346976,1328.62
2022,change,455,346976,1311.33
2022,any,453,346976,1305.57
2022,get,449,346976,1294.04
2022,president,449,346976,1294.04
2022,including,445,346976,1282.51
2022,world,441,346976,1270.98
2022,reported,440,346976,1268.1
2022,education,438,346976,1262.34
2022,both,437,346976,1259.45
2022,last,435,346976,1253.69
2022,professor,430,346976,1239.28
2022,ukraine,429,346976,1236.4
2022,women,428,346976,1233.51
2022,climate,424,346976,1221.99
2022,process,420,346976,1210.46
2022,housing,419,346976,1207.58
2022,around,418,346976,1204.69
2022,week,416,346976,1198.93
2022,law,412,346976,1187.4
2022,policy,407,346976,1172.99
2022,don,404,346976,1164.35
2022,mental,401,346976,1155.7
2022,part,396,346976,1141.29
2022,want,395,346976,1138.41
2022,back,395,346976,1138.41
2022,know,394,346976,1135.53
2022,center,390,346976,1124.0
2022,much,389,346976,1121.12
2022,academic,388,346976,1118.23
2022,care,387,346976,1115.35
2022,added,384,346976,1106.7
2022,going,383,346976,1103.82
2022,made,381,346976,1098.06
2022,against,380,346976,1095.18
2022,long,377,346976,1086.53
2022,sexual,375,346976,1080.77
2022,class,373,346976,1075.0
2022,experience,371,346976,1069.24
2022,however,371,346976,1069.24
2022,different,368,346976,1060.59
2022,future,365,346976,1051.95
2022,here,365,346976,1051.95
2022,event,365,346976,1051.95
2022,three,365,346976,1051.95
2022,email,360,346976,1037.54
2022,issues,355,346976,1023.13
2022,co,353,346976,1017.36
2022,american,353,346976,1017.36
2022,group,353,346976,1017.36
2022,california,353,346976,1017.36
2022,senate,353,346976,1017.36
2022,working,351,346976,1011.6
2022,department,351,346976,1011.6
2022,high,350,346976,1008.72
2022,system,346,346976,997.19
2022,feel,344,346976,991.42
2022,person,341,346976,982.78
2022,see,340,346976,979.89
2022,science,340,346976,979.89
2022,place,340,346976,979.89
2022,house,332,346976,956.84
2022,resources,331,346976,953.96
2022,college,329,346976,948.19
2022,right,325,346976,936.66
2022,lot,321,346976,925.14
2022,go,320,346976,922.25
2022,funding,320,346976,922.25
2022,across,320,346976,922.25
2022,told,320,346976,922.25
2022,safety,317,346976,913.61
2022,director,315,346976,907.84
2022,occurred,313,346976,902.08
2022,office,313,346976,902.08
2022,every,310,346976,893.43
2022,among,308,346976,887.67
2022,state,306,346976,881.91
2022,quarter,303,346976,873.26
2022,team,302,346976,870.38
2022,undergraduate,301,346976,867.5
2022,country,300,346976,864.61
2022,come,298,346976,858.85
2022,international,298,346976,858.85
2022,important,297,346976,855.97
2022,found,297,346976,855.97
2022,use,296,346976,853.08
2022,power,296,346976,853.08
2022,another,294,346976,847.32
2022,pandemic,291,346976,838.67
2022,continue,290,346976,835.79
2022,ph,290,346976,835.79
2022,article,286,346976,824.26
2022,case,285,346976,821.38
2022,family,284,346976,818.5
2022,better,282,346976,812.74
2022,provide,282,346976,812.74
2022,home,280,346976,806.97
2022,off,279,346976,804.09
2022,classes,279,346976,804.09
2022,energy,276,346976,795.44
2022,due,275,346976,792.56
2022,able,274,346976,789.68
2022,violence,273,346976,786.8
2022,within,270,346976,778.15
2022,theft,270,346976,778.15
2022,concerns,269,346976,775.27
2022,black,268,346976,772.39
2022,fossil,267,346976,769.51
2022,report,266,346976,766.62
2022,current,265,346976,763.74
2022,course,264,346976,760.86
2022,information,264,346976,760.86
2022,decision,264,346976,760.86
2022,statement,262,346976,755.1
2022,political,261,346976,752.21
2022,data,259,346976,746.45
2022,former,259,346976,746.45
2022,next,257,346976,740.69
2022,culture,257,346976,740.69
2022,access,256,346976,737.8
2022,companies,255,346976,734.92
2022,based,254,346976,732.04
2022,cases,253,346976,729.16
2022,history,252,346976,726.28
2022,things,251,346976,723.39
2022,making,249,346976,717.63
2022,war,249,346976,717.63
2022,building,246,346976,708.98
2022,called,242,346976,697.45
2022,something,242,346976,697.45
2022,find,241,346976,694.57
2022,past,241,346976,694.57
2022,board,241,346976,694.57
2022,whether,240,346976,691.69
2022,ukrainian,240,346976,691.69
2022,several,239,346976,688.81
2022,states,238,346976,685.93
2022,friends,237,346976,683.04
2022,especially,237,346976,683.04
2022,action,236,346976,680.16
2022,impact,234,346976,674.4
2022,often,232,346976,668.63
2022,learning,232,346976,668.63
2022,good,231,346976,665.75
2022,increase,231,346976,665.75
2022,address,230,346976,662.87
2022,member,229,346976,659.99
2022,without,228,346976,657.11
2022,meeting,226,346976,651.34
2022,tessier,226,346976,651.34
2022,court,226,346976,651.34
2022,currently,224,346976,645.58
2022,testing,223,346976,642.7
2022,communities,222,346976,639.81
2022,space,222,346976,639.81
2022,justice,222,346976,639.81
2022,studies,220,346976,634.05
2022,events,220,346976,634.05
2022,groups,220,346976,634.05
2022,non,220,346976,634.05
2022,lavigne,220,346976,634.05
2022,response,219,346976,631.17
2022,down,218,346976,628.29
2022,recent,217,346976,625.4
2022,dining,215,346976,619.64
2022,positive,215,346976,619.64
2022,felt,215,346976,619.64
2022,others,213,346976,613.88
2022,already,213,346976,613.88
2022,policies,212,346976,610.99
2022,second,212,346976,610.99
2022,issue,211,346976,608.11
2022,number,211,346976,608.11
2022,industry,211,346976,608.11
2022,used,211,346976,608.11
2022,financial,211,346976,608.11
2022,free,211,346976,608.11
2022,efforts,210,346976,605.23
2022,end,209,346976,602.35
2022,april,209,346976,602.35
2022,away,208,346976,599.47
2022,national,207,346976,596.58
2022,needs,207,346976,596.58
2022,technology,207,346976,596.58
2022,fall,207,346976,596.58
2022,few,207,346976,596.58
2022,de,207,346976,596.58
2022,doing,206,346976,593.7
2022,committee,206,346976,593.7
2022,sustainability,206,346976,593.7
2022,study,205,346976,590.82
2022,four,205,346976,590.82
2022,together,205,346976,590.82
2022,living,205,346976,590.82
2022,shared,205,346976,590.82
2022,say,204,346976,587.94
2022,despite,203,346976,585.05
2022,council,203,346976,585.05
2022,rate,202,346976,582.17
2022,russia,202,346976,582.17
2022,create,201,346976,579.29
2022,oct,201,346976,579.29
2022,include,200,346976,576.41
2022,fuel,200,346976,576.41
2022,become,199,346976,573.53
2022,times,199,346976,573.53
2022,online,198,346976,570.64
2022,comment,198,346976,570.64
2022,hope,196,346976,564.88
2022,received,196,346976,564.88
2022,bike,196,346976,564.88
2022,russian,196,346976,564.88
2022,start,195,346976,562.0
2022,always,195,346976,562.0
2022,less,194,346976,559.12
2022,jan,194,346976,559.12
2022,outside,194,346976,559.12
2022,given,193,346976,556.23
2022,following,193,346976,556.23
2022,instead,193,346976,556.23
2022,rights,192,346976,553.35
2022,must,192,346976,553.35
2022,share,191,346976,550.47
2022,courses,191,346976,550.47
2022,asked,190,346976,547.59
2022,schools,189,346976,544.71
2022,spokesperson,189,346976,544.71
2022,election,189,346976,544.71
2022,security,189,346976,544.71
2022,programs,189,346976,544.71
2022,role,188,346976,541.82
2022,believe,188,346976,541.82
2022,opportunity,188,346976,541.82
2022,government,188,346976,541.82
2022,party,188,346976,541.82
2022,room,187,346976,538.94
2022,project,186,346976,536.06
2022,took,186,346976,536.06
2022,never,186,346976,536.06
2022,available,186,346976,536.06
2022,everyone,185,346976,533.18
2022,live,185,346976,533.18
2022,administration,185,346976,533.18
2022,media,184,346976,530.3
2022,bill,184,346976,530.3
2022,open,183,346976,527.41
2022,left,183,346976,527.41
2022,united,183,346976,527.41
2022,gsc,183,346976,527.41
2022,assu,183,346976,527.41
2022,having,182,346976,524.53
2022,best,182,346976,524.53
2022,difficult,181,346976,521.65
2022,someone,181,346976,521.65
2022,engineering,181,346976,521.65
2022,area,179,346976,515.89
2022,lack,179,346976,515.89
2022,early,179,346976,515.89
2022,leadership,178,346976,513.0
2022,ways,178,346976,513.0
2022,food,178,346976,513.0
2022,individuals,176,346976,507.24
2022,night,176,346976,507.24
2022,human,176,346976,507.24
2022,general,175,346976,504.36
2022,led,175,346976,504.36
2022,results,174,346976,501.48
2022,services,174,346976,501.48
2022,term,173,346976,498.59
2022,potential,173,346976,498.59
2022,act,173,346976,498.59
2022,hopes,172,346976,495.71
2022,taking,172,346976,495.71
2022,vice,172,346976,495.71
2022,vote,172,346976,495.71
2022,am,172,346976,495.71
2022,nov,171,346976,492.83
2022,major,171,346976,492.83
2022,full,171,346976,492.83
2022,learn,170,346976,489.95
2022,point,170,346976,489.95
2022,comes,170,346976,489.95
2022,plans,170,346976,489.95
2022,county,170,346976,489.95
2022,tsd,170,346976,489.95
2022,business,169,346976,487.07
2022,real,169,346976,487.07
2022,came,169,346976,487.07
2022,white,169,346976,487.07
2022,resolution,168,346976,484.18
2022,medical,167,346976,481.3
2022,questions,167,346976,481.3
2022,organization,167,346976,481.3
2022,call,167,346976,481.3
2022,big,167,346976,481.3
2022,global,166,346976,478.42
2022,thursday,166,346976,478.42
2022,senior,165,346976,475.54
2022,company,165,346976,475.54
2022,look,165,346976,475.54
2022,personal,165,346976,475.54
2022,later,165,346976,475.54
2022,until,165,346976,475.54
2022,hall,165,346976,475.54
2022,democracy,165,346976,475.54
2022,increased,164,346976,472.66
2022,actually,164,346976,472.66
2022,further,163,346976,469.77
2022,set,163,346976,469.77
2022,little,163,346976,469.77
2022,leaders,163,346976,469.77
2022,plan,163,346976,469.77
2022,receive,162,346976,466.89
2022,put,162,346976,466.89
2022,changes,162,346976,466.89
2022,forward,161,346976,464.01
2022,monday,161,346976,464.01
2022,tests,161,346976,464.01
2022,opportunities,160,346976,461.13
2022,didn,160,346976,461.13
2022,institutions,160,346976,461.13
2022,language,160,346976,461.13
2022,caps,160,346976,461.13
2022,importance,159,346976,458.24
2022,again,159,346976,458.24
2022,similar,159,346976,458.24
2022,assault,159,346976,458.24
2022,face,159,346976,458.24
2022,environment,158,346976,455.36
2022,days,157,346976,452.48
2022,greek,157,346976,452.48
2022,getting,156,346976,449.6
2022,clear,156,346976,449.6
2022,once,156,346976,449.6
2022,previous,156,346976,449.6
2022,expressed,156,346976,449.6
2022,trying,156,346976,449.6
2022,news,155,346976,446.72
2022,test,155,346976,446.72
2022,title,155,346976,446.72
2022,weeks,154,346976,443.83
2022,chair,154,346976,443.83
2022,asian,154,346976,443.83
2022,money,154,346976,443.83
2022,children,154,346976,443.83
2022,five,154,346976,443.83
2022,described,153,346976,440.95
2022,winter,153,346976,440.95
2022,alumni,152,346976,438.07
2022,rather,152,346976,438.07
2022,isolation,152,346976,438.07
2022,wednesday,152,346976,438.07
2022,stem,152,346976,438.07
2022,dean,152,346976,438.07
2022,fellow,151,346976,435.19
2022,far,151,346976,435.19
2022,investigation,151,346976,435.19
2022,order,150,346976,432.31
2022,looking,150,346976,432.31
2022,field,150,346976,432.31
2022,survey,149,346976,429.42
2022,possible,149,346976,429.42
2022,challenges,149,346976,429.42
2022,kind,149,346976,429.42
2022,problem,149,346976,429.42
2022,low,148,346976,426.54
2022,example,148,346976,426.54
2022,organizations,148,346976,426.54
2022,experiences,147,346976,423.66
2022,nurses,147,346976,423.66
2022,beyond,146,346976,420.78
2022,tuesday,146,346976,420.78
2022,society,146,346976,420.78
2022,sense,146,346976,420.78
2022,march,146,346976,420.78
2022,letter,146,346976,420.78
2022,today,145,346976,417.9
2022,city,145,346976,417.9
2022,conversation,144,346976,415.01
2022,question,144,346976,415.01
2022,body,144,346976,415.01
2022,involved,144,346976,415.01
2022,months,143,346976,412.13
2022,additional,143,346976,412.13
2022,gender,143,346976,412.13
2022,means,143,346976,412.13
2022,legal,143,346976,412.13
2022,union,143,346976,412.13
2022,petty,143,346976,412.13
2022,medicine,142,346976,409.25
2022,diversity,142,346976,409.25
2022,show,142,346976,409.25
2022,month,142,346976,409.25
2022,provided,142,346976,409.25
2022,talk,142,346976,409.25
2022,great,141,346976,406.37
2022,admissions,141,346976,406.37
2022,understand,140,346976,403.49
2022,environmental,140,346976,403.49
2022,multiple,140,346976,403.49
2022,explained,140,346976,403.49
2022,executive,139,346976,400.6
2022,website,139,346976,400.6
2022,likely,139,346976,400.6
2022,race,139,346976,400.6
2022,ix,139,346976,400.6
2022,enough,138,346976,397.72
2022,color,138,346976,397.72
2022,hours,138,346976,397.72
2022,jewish,138,346976,397.72
2022,themselves,137,346976,394.84
2022,summer,137,346976,394.84
2022,give,137,346976,394.84
2022,coming,137,346976,394.84
2022,self,137,346976,394.84
2022,included,137,346976,394.84
2022,name,137,346976,394.84
2022,love,136,346976,391.96
2022,service,136,346976,391.96
2022,move,136,346976,391.96
2022,provost,136,346976,391.96
2022,postdocs,136,346976,391.96
2022,toward,136,346976,391.96
2022,interest,136,346976,391.96
2022,neighborhood,136,346976,391.96
2022,sent,136,346976,391.96
2022,putin,136,346976,391.96
2022,workers,135,346976,389.08
2022,friday,135,346976,389.08
2022,doerr,135,346976,389.08
2022,keep,134,346976,386.19
2022,healthcare,134,346976,386.19
2022,federal,134,346976,386.19
2022,form,134,346976,386.19
2022,cannot,134,346976,386.19
2022,small,134,346976,386.19
2022,income,133,346976,383.31
2022,started,133,346976,383.31
2022,individual,133,346976,383.31
2022,got,133,346976,383.31
2022,million,132,346976,380.43
2022,fact,132,346976,380.43
2022,began,132,346976,380.43
2022,least,132,346976,380.43
2022,feb,132,346976,380.43
2022,barletta,132,346976,380.43
2022,identity,131,346976,377.55
2022,wanted,131,346976,377.55
2022,young,131,346976,377.55
2022,june,131,346976,377.55
2022,residents,131,346976,377.55
2022,researchers,130,346976,374.67
2022,equity,130,346976,374.67
2022,thing,130,346976,374.67
2022,focus,130,346976,374.67
2022,vehicle,130,346976,374.67
2022,career,130,346976,374.67
2022,speech,130,346976,374.67
2022,risk,128,346976,368.9
2022,run,128,346976,368.9
2022,professors,127,346976,366.02
2022,created,127,346976,366.02
2022,throughout,127,346976,366.02
2022,systems,127,346976,366.02
2022,lead,127,346976,366.02
2022,return,126,346976,363.14
2022,large,126,346976,363.14
2022,institution,126,346976,363.14
2022,san,126,346976,363.14
2022,parents,126,346976,363.14
2022,associate,125,346976,360.26
2022,remains,125,346976,360.26
2022,dorm,125,346976,360.26
2022,options,125,346976,360.26
2022,announced,124,346976,357.37
2022,taken,124,346976,357.37
2022,spoke,124,346976,357.37
2022,chinese,124,346976,357.37
2022,spring,124,346976,357.37
2022,worked,123,346976,354.49
2022,thought,123,346976,354.49
2022,aid,123,346976,354.49
2022,goal,122,346976,351.61
2022,level,122,346976,351.61
2022,held,122,346976,351.61
2022,hard,122,346976,351.61
2022,campaign,122,346976,351.61
2022,dashboard,121,346976,348.73
2022,sudps,121,346976,348.73
2022,remain,121,346976,348.73
2022,post,120,346976,345.85
2022,police,120,346976,345.85
2022,meet,120,346976,345.85
2022,related,120,346976,345.85
2022,woman,120,346976,345.85
2022,curry,120,346976,345.85
2022,experts,119,346976,342.96
2022,required,119,346976,342.96
2022,commitment,119,346976,342.96
2022,problems,119,346976,342.96
2022,specific,118,346976,340.08
2022,prior,118,346976,340.08
2022,approach,118,346976,340.08
2022,teaching,118,346976,340.08
2022,majumdar,118,346976,340.08
2022,build,117,346976,337.2
2022,reach,117,346976,337.2
2022,various,117,346976,337.2
2022,using,117,346976,337.2
2022,positivity,117,346976,337.2
2022,universities,117,346976,337.2
2022,lives,117,346976,337.2
2022,bring,117,346976,337.2
2022,writing,116,346976,334.32
2022,story,116,346976,334.32
2022,platform,116,346976,334.32
2022,harvard,116,346976,334.32
2022,emphasized,115,346976,331.44
2022,serve,115,346976,331.44
2022,content,115,346976,331.44
2022,allow,115,346976,331.44
2022,relationship,115,346976,331.44
2022,updated,115,346976,331.44
2022,ability,115,346976,331.44
2022,late,115,346976,331.44
2022,tech,115,346976,331.44
2022,safe,115,346976,331.44
2022,abortion,115,346976,331.44
2022,published,114,346976,328.55
2022,ensure,114,346976,328.55
2022,peer,114,346976,328.55
2022,recently,114,346976,328.55
2022,third,113,346976,325.67
2022,idea,113,346976,325.67
2022,ultimately,113,346976,325.67
2022,america,113,346976,325.67
2022,strong,113,346976,325.67
2022,sciences,113,346976,325.67
2022,makes,113,346976,325.67
2022,bay,113,346976,325.67
2022,done,112,346976,322.79
2022,respond,112,346976,322.79
2022,knowledge,112,346976,322.79
2022,behind,112,346976,322.79
2022,myself,112,346976,322.79
2022,death,112,346976,322.79
2022,reached,112,346976,322.79
2022,crisis,112,346976,322.79
2022,higher,111,346976,319.91
2022,creating,111,346976,319.91
2022,heard,111,346976,319.91
2022,raised,110,346976,317.02
2022,development,110,346976,317.02
2022,old,110,346976,317.02
2023,said,3751,280868,13355.03
2023,students,2737,280868,9744.79
2023,student,1803,280868,6419.39
2023,university,1791,280868,6376.66
2023,campus,1111,280868,3955.59
2023,year,1080,280868,3845.22
2023,one,1040,280868,3702.81
2023,people,1039,280868,3699.25
2023,all,1018,280868,3624.48
2023,according,1012,280868,3603.12
2023,there,938,280868,3339.65
2023,faculty,934,280868,3325.41
2023,community,858,280868,3054.82
2023,graduate,857,280868,3051.26
2023,wrote,838,280868,2983.61
2023,between,817,280868,2908.84
2023,like,799,280868,2844.75
2023,reported,795,280868,2830.51
2023,time,718,280868,2556.36
2023,out,711,280868,2531.44
2023,research,706,280868,2513.64
2023,some,680,280868,2421.07
2023,many,646,280868,2300.01
2023,new,630,280868,2243.05
2023,school,616,280868,2193.2
2023,members,587,280868,2089.95
2023,first,555,280868,1976.02
2023,academic,547,280868,1947.53
2023,senate,532,280868,1894.13
2023,tessier,520,280868,1851.4
2023,lavigne,519,280868,1847.84
2023,work,516,280868,1837.16
2023,two,514,280868,1830.04
2023,president,512,280868,1822.92
2023,years,479,280868,1705.43
2023,professor,476,280868,1694.75
2023,committee,466,280868,1659.14
2023,think,433,280868,1541.65
2023,support,431,280868,1534.53
2023,any,421,280868,1498.92
2023,including,412,280868,1466.88
2023,process,410,280868,1459.76
2023,last,407,280868,1449.08
2023,gsc,406,280868,1445.52
2023,really,401,280868,1427.72
2023,around,399,280868,1420.6
2023,way,396,280868,1409.91
2023,program,387,280868,1377.87
2023,now,382,280868,1360.07
2023,report,381,280868,1356.51
2023,public,380,280868,1352.95
2023,event,375,280868,1335.15
2023,science,372,280868,1324.47
2023,well,361,280868,1285.3
2023,make,359,280868,1278.18
2023,center,357,280868,1271.06
2023,undergraduate,349,280868,1242.58
2023,statement,346,280868,1231.9
2023,co,344,280868,1224.77
2023,health,343,280868,1221.21
2023,funding,338,280868,1203.41
2023,want,337,280868,1199.85
2023,theft,336,280868,1196.29
2023,day,333,280868,1185.61
2023,both,333,280868,1185.61
2023,director,329,280868,1171.37
2023,world,322,280868,1146.45
2023,get,321,280868,1142.89
2023,department,319,280868,1135.76
2023,assu,319,280868,1135.76
2023,against,318,280868,1132.2
2023,however,313,280868,1114.4
2023,union,312,280868,1110.84
2023,need,309,280868,1100.16
2023,education,308,280868,1096.6
2023,email,306,280868,1089.48
2023,law,306,280868,1089.48
2023,made,305,280868,1085.92
2023,part,304,280868,1082.36
2023,issues,303,280868,1078.8
2023,ugs,301,280868,1071.68
2023,code,301,280868,1071.68
2023,ph,301,280868,1071.68
2023,workers,300,280868,1068.12
2023,life,298,280868,1061.0
2023,data,297,280868,1057.44
2023,group,297,280868,1057.44
2023,going,295,280868,1050.32
2023,social,294,280868,1046.76
2023,take,293,280868,1043.19
2023,honor,293,280868,1043.19
2023,board,292,280868,1039.63
2023,article,292,280868,1039.63
2023,israel,291,280868,1036.07
2023,change,287,280868,1021.83
2023,different,286,280868,1018.27
2023,oct,285,280868,1014.71
2023,know,284,280868,1011.15
2023,much,282,280868,1004.03
2023,use,282,280868,1004.03
2023,place,282,280868,1004.03
2023,events,282,280868,1004.03
2023,don,279,280868,993.35
2023,class,278,280868,989.79
2023,long,276,280868,982.67
2023,meeting,275,280868,979.11
2023,concerns,270,280868,961.31
2023,council,268,280868,954.18
2023,see,267,280868,950.62
2023,here,262,280868,932.82
2023,safety,262,280868,932.82
2023,study,261,280868,929.26
2023,system,261,280868,929.26
2023,provost,260,280868,925.7
2023,next,258,280868,918.58
2023,important,256,280868,911.46
2023,lot,255,280868,907.9
2023,high,253,280868,900.78
2023,help,250,280868,890.1
2023,american,250,280868,890.1
2023,future,249,280868,886.54
2023,current,246,280868,875.86
2023,another,246,280868,875.86
2023,working,246,280868,875.86
2023,every,245,280868,872.3
2023,three,244,280868,868.74
2023,based,244,280868,868.74
2023,past,241,280868,858.05
2023,neighborhood,240,280868,854.49
2023,feel,238,280868,847.37
2023,energy,238,280868,847.37
2023,speech,234,280868,833.13
2023,several,233,280868,829.57
2023,right,232,280868,826.01
2023,action,232,280868,826.01
2023,back,230,280868,818.89
2023,paper,228,280868,811.77
2023,former,226,280868,804.65
2023,something,226,280868,804.65
2023,go,225,280868,801.09
2023,building,225,280868,801.09
2023,resolution,225,280868,801.09
2023,care,225,280868,801.09
2023,found,224,280868,797.53
2023,jewish,224,280868,797.53
2023,review,221,280868,786.85
2023,april,220,280868,783.29
2023,california,219,280868,779.73
2023,administration,218,280868,776.17
2023,college,218,280868,776.17
2023,able,218,280868,776.17
2023,asked,217,280868,772.6
2023,across,217,280868,772.6
2023,called,216,280868,769.04
2023,chair,216,280868,769.04
2023,studies,215,280868,765.48
2023,decision,214,280868,761.92
2023,say,213,280868,758.36
2023,come,212,280868,754.8
2023,issue,211,280868,751.24
2023,quarter,210,280868,747.68
2023,experience,210,280868,747.68
2023,office,210,280868,747.68
2023,reporting,208,280868,740.56
2023,freedom,208,280868,740.56
2023,major,205,280868,729.88
2023,course,204,280868,726.32
2023,violence,204,280868,726.32
2023,housing,203,280868,722.76
2023,told,202,280868,719.2
2023,policy,202,280868,719.2
2023,used,201,280868,715.64
2023,week,200,280868,712.08
2023,food,200,280868,712.08
2023,information,198,280868,704.96
2023,house,198,280868,704.96
2023,climate,197,280868,701.4
2023,news,197,280868,701.4
2023,due,197,280868,701.4
2023,without,196,280868,697.84
2023,recent,196,280868,697.84
2023,petty,195,280868,694.28
2023,down,194,280868,690.72
2023,free,194,280868,690.72
2023,human,194,280868,690.72
2023,history,193,280868,687.16
2023,whether,193,280868,687.16
2023,within,193,280868,687.16
2023,having,193,280868,687.16
2023,case,192,280868,683.6
2023,power,192,280868,683.6
2023,water,191,280868,680.03
2023,things,191,280868,680.03
2023,resources,190,280868,676.47
2023,member,189,280868,672.91
2023,better,189,280868,672.91
2023,vote,189,280868,672.91
2023,proctoring,189,280868,672.91
2023,response,188,280868,669.35
2023,sexual,188,280868,669.35
2023,team,188,280868,669.35
2023,staff,187,280868,665.79
2023,court,185,280868,658.67
2023,among,185,280868,658.67
2023,rights,185,280868,658.67
2023,election,184,280868,655.11
2023,war,184,280868,655.11
2023,engineering,183,280868,651.55
2023,state,183,280868,651.55
2023,technology,182,280868,647.99
2023,white,181,280868,644.43
2023,following,180,280868,640.87
2023,groups,180,280868,640.87
2023,role,178,280868,633.75
2023,nov,178,280868,633.75
2023,media,177,280868,630.19
2023,national,174,280868,619.51
2023,led,174,280868,619.51
2023,changes,174,280868,619.51
2023,hamas,174,280868,619.51
2023,currently,170,280868,605.27
2023,annual,170,280868,605.27
2023,expressed,170,280868,605.27
2023,black,170,280868,605.27
2023,questions,169,280868,601.71
2023,person,169,280868,601.71
2023,previous,169,280868,601.71
2023,took,169,280868,601.71
2023,comment,168,280868,598.15
2023,palestinian,168,280868,598.15
2023,organization,166,280868,591.02
2023,making,166,280868,591.02
2023,march,166,280868,591.02
2023,second,165,280868,587.46
2023,times,165,280868,587.46
2023,learn,165,280868,587.46
2023,sudps,165,280868,587.46
2023,added,164,280868,583.9
2023,incident,162,280868,576.78
2023,good,162,280868,576.78
2023,sit,161,280868,573.22
2023,leadership,161,280868,573.22
2023,open,160,280868,569.66
2023,end,160,280868,569.66
2023,include,160,280868,569.66
2023,third,160,280868,569.66
2023,policies,160,280868,569.66
2023,find,160,280868,569.66
2023,martinez,160,280868,569.66
2023,especially,159,280868,566.1
2023,family,158,280868,562.54
2023,level,158,280868,562.54
2023,classes,158,280868,562.54
2023,less,157,280868,558.98
2023,shared,157,280868,558.98
2023,doing,157,280868,558.98
2023,four,157,280868,558.98
2023,senior,156,280868,555.42
2023,area,156,280868,555.42
2023,impact,156,280868,555.42
2023,provide,156,280868,555.42
2023,set,155,280868,551.86
2023,political,155,280868,551.86
2023,continue,155,280868,551.86
2023,ai,155,280868,551.86
2023,must,154,280868,548.3
2023,international,154,280868,548.3
2023,bill,154,280868,548.3
2023,received,153,280868,544.74
2023,police,153,280868,544.74
2023,leaders,153,280868,544.74
2023,genentech,153,280868,544.74
2023,sustainability,152,280868,541.18
2023,fact,152,280868,541.18
2023,put,152,280868,541.18
2023,letter,152,280868,541.18
2023,service,151,280868,537.62
2023,potential,150,280868,534.06
2023,already,149,280868,530.5
2023,didn,149,280868,530.5
2023,number,149,280868,530.5
2023,never,148,280868,526.94
2023,institution,148,280868,526.94
2023,body,148,280868,526.94
2023,financial,148,280868,526.94
2023,ways,148,280868,526.94
2023,language,147,280868,523.38
2023,access,147,280868,523.38
2023,understand,147,280868,523.38
2023,together,147,280868,523.38
2023,project,147,280868,523.38
2023,investigation,147,280868,523.38
2023,sgwu,147,280868,523.38
2023,using,146,280868,519.82
2023,communities,146,280868,519.82
2023,look,145,280868,516.26
2023,great,145,280868,516.26
2023,large,145,280868,516.26
2023,website,145,280868,516.26
2023,space,145,280868,516.26
2023,field,145,280868,516.26
2023,government,145,280868,516.26
2023,few,144,280868,512.7
2023,often,143,280868,509.14
2023,address,143,280868,509.14
2023,hope,143,280868,509.14
2023,later,143,280868,509.14
2023,outside,142,280868,505.58
2023,efforts,142,280868,505.58
2023,believe,142,280868,505.58
2023,israeli,142,280868,505.58
2023,taking,141,280868,502.02
2023,hall,141,280868,502.02
2023,lack,141,280868,502.02
2023,saller,141,280868,502.02
2023,others,140,280868,498.45
2023,states,140,280868,498.45
2023,living,139,280868,494.89
2023,covid,139,280868,494.89
2023,programs,139,280868,494.89
2023,grant,139,280868,494.89
2023,gaza,139,280868,494.89
2023,company,138,280868,491.33
2023,results,138,280868,491.33
2023,reached,138,280868,491.33
2023,full,138,280868,491.33
2023,diversity,138,280868,491.33
2023,writing,136,280868,484.21
2023,felt,136,280868,484.21
2023,increase,136,280868,484.21
2023,non,136,280868,484.21
2023,despite,135,280868,480.65
2023,justice,135,280868,480.65
2023,further,134,280868,477.09
2023,security,134,280868,477.09
2023,opportunity,134,280868,477.09
2023,create,134,280868,477.09
2023,spoke,133,280868,473.53
2023,lab,133,280868,473.53
2023,run,133,280868,473.53
2023,asian,133,280868,473.53
2023,best,132,280868,469.97
2023,away,132,280868,469.97
2023,bicycle,132,280868,469.97
2023,big,131,280868,466.41
2023,culture,131,280868,466.41
2023,tuesday,131,280868,466.41
2023,always,130,280868,462.85
2023,actually,130,280868,462.85
2023,clear,130,280868,462.85
2023,came,129,280868,459.29
2023,error,129,280868,459.29
2023,teaching,129,280868,459.29
2023,days,129,280868,459.29
2023,began,129,280868,459.29
2023,given,129,280868,459.29
2023,institutions,129,280868,459.29
2023,country,129,280868,459.29
2023,provided,128,280868,455.73
2023,five,128,280868,455.73
2023,jan,128,280868,455.73
2023,learning,128,280868,455.73
2023,held,128,280868,455.73
2023,race,128,280868,455.73
2023,campaign,128,280868,455.73
2023,call,127,280868,452.17
2023,night,127,280868,452.17
2023,affordability,127,280868,452.17
2023,question,126,280868,448.61
2023,weeks,126,280868,448.61
2023,feb,126,280868,448.61
2023,spokesperson,125,280868,445.05
2023,post,125,280868,445.05
2023,point,125,280868,445.05
2023,bay,125,280868,445.05
2023,researchers,125,280868,445.05
2023,included,125,280868,445.05
2023,proposed,125,280868,445.05
2023,rather,125,280868,445.05
2023,vice,125,280868,445.05
2023,computer,125,280868,445.05
2023,act,124,280868,441.49
2023,announced,124,280868,441.49
2023,published,124,280868,441.49
2023,off,123,280868,437.93
2023,experiences,123,280868,437.93
2023,associate,123,280868,437.93
2023,courses,122,280868,434.37
2023,until,122,280868,434.37
2023,money,122,280868,434.37
2023,example,121,280868,430.81
2023,hours,121,280868,430.81
2023,order,120,280868,427.25
2023,become,120,280868,427.25
2023,least,119,280868,423.69
2023,needs,119,280868,423.69
2023,instead,119,280868,423.69
2023,home,119,280868,423.69
2023,friday,118,280868,420.13
2023,dean,118,280868,420.13
2023,taken,118,280868,420.13
2023,plan,118,280868,420.13
2023,position,118,280868,420.13
2023,companies,118,280868,420.13
2023,scientists,118,280868,420.13
2023,request,117,280868,416.57
2023,mental,117,280868,416.57
2023,survey,117,280868,416.57
2023,focus,117,280868,416.57
2023,interest,117,280868,416.57
2023,legal,116,280868,413.01
2023,involved,116,280868,413.01
2023,assault,116,280868,413.01
2023,de,116,280868,413.01
2023,organizations,116,280868,413.01
2023,duncan,116,280868,413.01
2023,possible,115,280868,409.45
2023,universities,115,280868,409.45
2023,kind,115,280868,409.45
2023,everyone,115,280868,409.45
2023,comes,115,280868,409.45
2023,available,115,280868,409.45
2023,live,115,280868,409.45
2023,identity,115,280868,409.45
2023,thursday,115,280868,409.45
2023,respond,114,280868,405.88
2023,described,114,280868,405.88
2023,story,114,280868,405.88
2023,self,114,280868,405.88
2023,united,114,280868,405.88
2023,lives,114,280868,405.88
2023,sent,113,280868,402.32
2023,wednesday,113,280868,402.32
2023,real,113,280868,402.32
2023,million,112,280868,398.76
2023,similar,112,280868,398.76
2023,executive,112,280868,398.76
2023,dining,112,280868,398.76
2023,fall,112,280868,398.76
2023,environment,112,280868,398.76
2023,global,112,280868,398.76
2023,express,112,280868,398.76
2023,early,111,280868,395.2
2023,allegations,111,280868,395.2
2023,cases,111,280868,395.2
2023,start,111,280868,395.2
2023,search,111,280868,395.2
2023,little,111,280868,395.2
2023,nature,111,280868,395.2
2023,beyond,111,280868,395.2
2023,lead,111,280868,395.2
2023,bike,111,280868,395.2
2023,directly,111,280868,395.2
2023,recently,110,280868,391.64
2023,old,110,280868,391.64
2023,specific,110,280868,391.64
2023,medicine,109,280868,388.08
2023,show,109,280868,388.08
2023,trying,109,280868,388.08
2023,enough,109,280868,388.08
2023,regarding,109,280868,388.08
2023,medical,109,280868,388.08
2023,friends,109,280868,388.08
2023,individuals,109,280868,388.08
2023,created,109,280868,388.08
2023,services,109,280868,388.08
2023,read,109,280868,388.08
2023,related,108,280868,384.52
2023,general,108,280868,384.52
2023,ideas,108,280868,384.52
2023,democracy,108,280868,384.52
2023,problem,107,280868,380.96
2023,far,107,280868,380.96
2023,fellow,107,280868,380.96
2023,san,107,280868,380.96
2023,coming,107,280868,380.96
2023,model,107,280868,380.96
2023,means,106,280868,377.4
2023,previously,106,280868,377.4
2023,sciences,106,280868,377.4
2023,approved,106,280868,377.4
2023,regrets,106,280868,377.4
2023,thought,106,280868,377.4
2023,worked,105,280868,373.84
2023,saying,105,280868,373.84
2023,hate,105,280868,373.84
2023,discussion,105,280868,373.84
2023,hoover,105,280868,373.84
2023,vehicle,105,280868,373.84
2023,integrity,105,280868,373.84
2023,society,105,280868,373.84
2023,palestine,105,280868,373.84
2023,forward,104,280868,370.28
2023,harm,104,280868,370.28
2023,months,104,280868,370.28
2023,importance,104,280868,370.28
2023,chen,104,280868,370.28
2023,environmental,104,280868,370.28
2023,collective,104,280868,370.28
2023,professors,103,280868,366.72
2023,sure,103,280868,366.72
2023,plans,103,280868,366.72
2023,room,103,280868,366.72
2023,talk,103,280868,366.72
2023,club,103,280868,366.72
2023,murdoch,103,280868,366.72
2023,known,102,280868,363.16
2023,personal,102,280868,363.16
2023,today,102,280868,363.16
2023,difficult,102,280868,363.16
2023,receive,102,280868,363.16
2023,passed,102,280868,363.16
2023,projects,102,280868,363.16
2023,business,101,280868,359.6
2023,form,101,280868,359.6
2023,am,101,280868,359.6
2023,liu,101,280868,359.6
2023,association,101,280868,359.6
2023,actions,101,280868,359.6
2023,name,100,280868,356.04
2023,seen,100,280868,356.04
2023,pandemic,100,280868,356.04
2023,monday,100,280868,356.04
2023,fourth,100,280868,356.04
2023,various,100,280868,356.04
2023,allow,99,280868,352.48
2023,crime,99,280868,352.48
2023,panel,99,280868,352.48
2023,additional,98,280868,348.92
2023,says,98,280868,348.92
2023,raised,98,280868,348.92
2023,grand,98,280868,348.92
2023,institutional,98,280868,348.92
2023,residents,98,280868,348.92
2023,recommendations,98,280868,348.92
2023,concern,98,280868,348.92
2023,hard,97,280868,345.36
2023,admissions,97,280868,345.36
2023,individual,97,280868,345.36
2023,increased,97,280868,345.36
2023,institute,97,280868,345.36
2023,conflict,97,280868,345.36
2023,voted,97,280868,345.36
2023,bring,97,280868,345.36
2023,low,96,280868,341.8
2023,winter,96,280868,341.8
2023,development,96,280868,341.8
2023,along,96,280868,341.8
2023,fuel,96,280868,341.8
2023,done,96,280868,341.8
2023,doerr,95,280868,338.24
2023,small,95,280868,338.24
2023,healthcare,95,280868,338.24
2023,math,95,280868,338.24
2023,protest,95,280868,338.24
2023,june,94,280868,334.68
2023,prior,94,280868,334.68
2023,likely,94,280868,334.68
2023,summer,94,280868,334.68
2023,challenges,94,280868,334.68
2023,approach,94,280868,334.68
2023,affirmative,94,280868,334.68
2023,berg,94,280868,334.68
2023,heard,93,280868,331.12
2023,someone,93,280868,331.12
2023,throughout,93,280868,331.12
2023,thing,93,280868,331.12
2023,commitment,93,280868,331.12
2023,county,93,280868,331.12
2023,wanted,93,280868,331.12
2023,cost,93,280868,331.12
2023,knowledge,93,280868,331.12
2023,motion,93,280868,331.12
2023,rapport,92,280868,327.56
2023,property,92,280868,327.56
2023,administrators,92,280868,327.56
2023,almost,92,280868,327.56
2023,return,92,280868,327.56
2023,list,92,280868,327.56
2023,conversation,92,280868,327.56
2023,papers,92,280868,327.56
2023,attack,92,280868,327.56
2023,carbon,92,280868,327.56
2023,line,91,280868,324.0
2023,served,91,280868,324.0
2023,once,91,280868,324.0
2023,drive,91,280868,324.0
2023,keep,91,280868,324.0
2023,saturday,91,280868,324.0
2023,design,91,280868,324.0
2023,themselves,90,280868,320.44
2023,ability,90,280868,320.44
2023,women,90,280868,320.44
2023,face,90,280868,320.44
2023,bargaining,90,280868,320.44
2023,let,89,280868,316.87
2023,left,89,280868,316.87
2023,step,89,280868,316.87
2023,conditions,89,280868,316.87
2023,industry,89,280868,316.87
2024,said,3480,250878,13871.28
2024,students,2287,250878,9115.98
2024,university,1830,250878,7294.38
2024,student,1295,250878,5161.87
2024,people,997,250878,3974.04
2024,between,894,250878,3563.49
2024,reported,868,250878,3459.85
2024,year,835,250878,3328.31
2024,campus,818,250878,3260.55
2024,all,761,250878,3033.35
2024,one,748,250878,2981.53
2024,like,740,250878,2949.64
2024,there,720,250878,2869.92
2024,community,717,250878,2857.96
2024,graduate,710,250878,2830.06
2024,out,675,250878,2690.55
2024,according,604,250878,2407.54
2024,wrote,603,250878,2403.56
2024,research,600,250878,2391.6
2024,time,591,250878,2355.73
2024,president,588,250878,2343.77
2024,many,580,250878,2311.88
2024,first,560,250878,2232.16
2024,school,531,250878,2116.57
2024,new,530,250878,2112.58
2024,some,495,250878,1973.07
2024,members,467,250878,1861.46
2024,work,467,250878,1861.46
2024,support,466,250878,1857.48
2024,think,454,250878,1809.64
2024,workers,441,250878,1757.83
2024,ph,440,250878,1753.84
2024,professor,430,250878,1713.98
2024,faculty,430,250878,1713.98
2024,years,412,250878,1642.23
2024,theft,411,250878,1638.25
2024,way,409,250878,1630.27
2024,education,407,250878,1622.3
2024,two,406,250878,1618.32
2024,including,405,250878,1614.33
2024,election,402,250878,1602.37
2024,committee,402,250878,1602.37
2024,really,392,250878,1562.51
2024,last,387,250878,1542.58
2024,against,386,250878,1538.6
2024,public,382,250878,1522.65
2024,union,373,250878,1486.78
2024,political,371,250878,1478.81
2024,make,367,250878,1462.86
2024,israel,361,250878,1438.95
2024,office,358,250878,1426.99
2024,event,354,250878,1411.04
2024,health,354,250878,1411.04
2024,building,354,250878,1411.04
2024,day,349,250878,1391.11
2024,program,336,250878,1339.3
2024,both,335,250878,1335.31
2024,undergraduate,331,250878,1319.37
2024,now,330,250878,1315.38
2024,oct,328,250878,1307.41
2024,world,319,250878,1271.53
2024,lot,319,250878,1271.53
2024,law,316,250878,1259.58
2024,state,313,250878,1247.62
2024,process,312,250878,1243.63
2024,ai,306,250878,1219.72
2024,academic,305,250878,1215.73
2024,any,302,250878,1203.77
2024,policy,297,250878,1183.84
2024,around,294,250878,1171.88
2024,science,292,250878,1163.91
2024,war,292,250878,1163.91
2024,get,292,250878,1163.91
2024,white,290,250878,1155.94
2024,former,289,250878,1151.95
2024,center,289,250878,1151.95
2024,change,285,250878,1136.01
2024,class,283,250878,1128.04
2024,bill,281,250878,1120.07
2024,need,278,250878,1108.11
2024,co,277,250878,1104.12
2024,issues,277,250878,1104.12
2024,social,276,250878,1100.14
2024,vote,275,250878,1096.15
2024,trump,274,250878,1092.16
2024,here,271,250878,1080.21
2024,speech,271,250878,1080.21
2024,senate,270,250878,1076.22
2024,going,269,250878,1072.23
2024,across,268,250878,1068.25
2024,made,268,250878,1068.25
2024,much,268,250878,1068.25
2024,free,266,250878,1060.28
2024,see,266,250878,1060.28
2024,international,265,250878,1056.29
2024,part,264,250878,1052.3
2024,funding,263,250878,1048.32
2024,however,261,250878,1040.35
2024,california,257,250878,1024.4
2024,take,256,250878,1020.42
2024,well,255,250878,1016.43
2024,petty,255,250878,1016.43
2024,don,251,250878,1000.49
2024,safety,246,250878,980.56
2024,want,244,250878,972.58
2024,place,243,250878,968.6
2024,right,243,250878,968.6
2024,report,238,250878,948.67
2024,country,234,250878,932.72
2024,sit,234,250878,932.72
2024,high,232,250878,924.75
2024,told,232,250878,924.75
2024,college,232,250878,924.75
2024,future,231,250878,920.77
2024,department,231,250878,920.77
2024,know,230,250878,916.78
2024,american,228,250878,908.81
2024,long,225,250878,896.85
2024,use,225,250878,896.85
2024,experience,225,250878,896.85
2024,called,223,250878,888.88
2024,based,223,250878,888.88
2024,three,223,250878,888.88
2024,policies,222,250878,884.89
2024,every,221,250878,880.91
2024,system,220,250878,876.92
2024,week,220,250878,876.92
2024,gaza,219,250878,872.93
2024,next,218,250878,868.95
2024,nov,218,250878,868.95
2024,democracy,217,250878,864.96
2024,feel,216,250878,860.98
2024,family,214,250878,853.0
2024,life,214,250878,853.0
2024,meeting,213,250878,849.02
2024,concerns,210,250878,837.06
2024,group,210,250878,837.06
2024,director,210,250878,837.06
2024,reached,209,250878,833.07
2024,important,209,250878,833.07
2024,working,208,250878,829.09
2024,sgwu,207,250878,825.1
2024,different,206,250878,821.12
2024,following,206,250878,821.12
2024,current,206,250878,821.12
2024,government,206,250878,821.12
2024,palestine,204,250878,813.14
2024,help,203,250878,809.16
2024,events,199,250878,793.21
2024,april,199,250878,793.21
2024,second,198,250878,789.23
2024,admissions,198,250878,789.23
2024,march,197,250878,785.24
2024,continue,197,250878,785.24
2024,assu,197,250878,785.24
2024,national,196,250878,781.26
2024,team,195,250878,777.27
2024,found,195,250878,777.27
2024,states,195,250878,777.27
2024,history,194,250878,773.28
2024,universities,194,250878,773.28
2024,role,193,250878,769.3
2024,several,192,250878,765.31
2024,study,192,250878,765.31
2024,action,192,250878,765.31
2024,media,191,250878,761.33
2024,court,190,250878,757.34
2024,back,186,250878,741.4
2024,due,185,250878,737.41
2024,able,185,250878,737.41
2024,human,185,250878,737.41
2024,sexual,185,250878,737.41
2024,something,183,250878,729.44
2024,housing,183,250878,729.44
2024,staff,179,250878,713.49
2024,writing,178,250878,709.51
2024,bicycle,177,250878,705.52
2024,rights,177,250878,705.52
2024,course,176,250878,701.54
2024,ugs,176,250878,701.54
2024,jan,175,250878,697.55
2024,power,173,250878,689.58
2024,decision,172,250878,685.59
2024,board,172,250878,685.59
2024,levin,172,250878,685.59
2024,data,171,250878,681.61
2024,sudps,170,250878,677.62
2024,expressed,169,250878,673.63
2024,provost,169,250878,673.63
2024,email,169,250878,673.63
2024,palestinian,169,250878,673.63
2024,legacy,169,250878,673.63
2024,come,168,250878,669.65
2024,less,168,250878,669.65
2024,provide,167,250878,665.66
2024,things,166,250878,661.68
2024,care,166,250878,661.68
2024,council,166,250878,661.68
2024,feb,166,250878,661.68
2024,within,165,250878,657.69
2024,communities,165,250878,657.69
2024,companies,165,250878,657.69
2024,past,164,250878,653.7
2024,information,164,250878,653.7
2024,bargaining,164,250878,653.7
2024,statement,163,250878,649.72
2024,tuesday,162,250878,645.73
2024,good,162,250878,645.73
2024,comment,161,250878,641.75
2024,member,161,250878,641.75
2024,gsc,161,250878,641.75
2024,received,159,250878,633.77
2024,hall,159,250878,633.77
2024,go,159,250878,633.77
2024,resolution,158,250878,629.79
2024,space,158,250878,629.79
2024,pro,158,250878,629.79
2024,technology,157,250878,625.8
2024,saller,157,250878,625.8
2024,led,157,250878,625.8
2024,better,157,250878,625.8
2024,plaza,157,250878,625.8
2024,tsd,157,250878,625.8
2024,case,157,250878,625.8
2024,monday,156,250878,621.82
2024,often,156,250878,621.82
2024,researchers,155,250878,617.83
2024,resources,154,250878,613.84
2024,another,154,250878,613.84
2024,without,154,250878,613.84
2024,especially,154,250878,613.84
2024,climate,154,250878,613.84
2024,strike,153,250878,609.86
2024,administration,152,250878,605.87
2024,end,152,250878,605.87
2024,hope,152,250878,605.87
2024,increase,152,250878,605.87
2024,women,151,250878,601.89
2024,create,150,250878,597.9
2024,engineering,150,250878,597.9
2024,studies,150,250878,597.9
2024,medicine,150,250878,597.9
2024,article,150,250878,597.9
2024,martinez,149,250878,593.91
2024,open,149,250878,593.91
2024,low,149,250878,593.91
2024,classes,148,250878,589.93
2024,house,148,250878,589.93
2024,degree,147,250878,585.94
2024,set,147,250878,585.94
2024,financial,147,250878,585.94
2024,genocide,146,250878,581.96
2024,response,146,250878,581.96
2024,groups,146,250878,581.96
2024,say,145,250878,577.97
2024,food,145,250878,577.97
2024,whether,144,250878,573.98
2024,campaign,144,250878,573.98
2024,impact,143,250878,570.0
2024,creative,142,250878,566.01
2024,quarter,140,250878,558.04
2024,individuals,140,250878,558.04
2024,great,140,250878,558.04
2024,issue,140,250878,558.04
2024,recent,140,250878,558.04
2024,institutions,139,250878,554.05
2024,vehicle,139,250878,554.05
2024,major,139,250878,554.05
2024,drive,138,250878,550.07
2024,believe,138,250878,550.07
2024,service,137,250878,546.08
2024,dean,137,250878,546.08
2024,road,137,250878,546.08
2024,money,137,250878,546.08
2024,together,137,250878,546.08
2024,black,137,250878,546.08
2024,contract,137,250878,546.08
2024,united,137,250878,546.08
2024,leadership,136,250878,542.1
2024,living,136,250878,542.1
2024,making,136,250878,542.1
2024,project,135,250878,538.11
2024,despite,135,250878,538.11
2024,thursday,135,250878,538.11
2024,down,135,250878,538.11
2024,among,135,250878,538.11
2024,violence,135,250878,538.11
2024,protests,135,250878,538.11
2024,cancer,134,250878,534.12
2024,learning,133,250878,530.14
2024,chair,132,250878,526.15
2024,presidential,132,250878,526.15
2024,having,132,250878,526.15
2024,democratic,132,250878,526.15
2024,protest,132,250878,526.15
2024,culture,131,250878,522.17
2024,non,130,250878,518.18
2024,potential,130,250878,518.18
2024,access,130,250878,518.18
2024,vice,130,250878,518.18
2024,currently,130,250878,518.18
2024,involved,130,250878,518.18
2024,must,130,250878,518.18
2024,others,130,250878,518.18
2024,call,130,250878,518.18
2024,given,130,250878,518.18
2024,find,130,250878,518.18
2024,party,130,250878,518.18
2024,regarding,129,250878,514.19
2024,learn,129,250878,514.19
2024,asked,129,250878,514.19
2024,used,128,250878,510.21
2024,pay,128,250878,510.21
2024,address,128,250878,510.21
2024,previous,128,250878,510.21
2024,street,128,250878,510.21
2024,doing,128,250878,510.21
2024,ways,128,250878,510.21
2024,changes,128,250878,510.21
2024,medical,128,250878,510.21
2024,felt,127,250878,506.22
2024,four,127,250878,506.22
2024,israeli,127,250878,506.22
2024,person,126,250878,502.24
2024,never,125,250878,498.25
2024,employees,125,250878,498.25
2024,dec,124,250878,494.26
2024,run,124,250878,494.26
2024,alumni,124,250878,494.26
2024,kang,124,250878,494.26
2024,area,123,250878,490.28
2024,already,123,250878,490.28
2024,district,123,250878,490.28
2024,become,122,250878,486.29
2024,santa,122,250878,486.29
2024,came,122,250878,486.29
2024,added,122,250878,486.29
2024,passed,122,250878,486.29
2024,rather,122,250878,486.29
2024,society,122,250878,486.29
2024,give,121,250878,482.31
2024,hours,121,250878,482.31
2024,shared,121,250878,482.31
2024,stop,121,250878,482.31
2024,voters,121,250878,482.31
2024,burglary,120,250878,478.32
2024,justice,120,250878,478.32
2024,freedom,120,250878,478.32
2024,efforts,120,250878,478.32
2024,level,120,250878,478.32
2024,months,119,250878,474.33
2024,security,119,250878,474.33
2024,candidates,119,250878,474.33
2024,real,119,250878,474.33
2024,night,119,250878,474.33
2024,teaching,118,250878,470.35
2024,associate,118,250878,470.35
2024,property,118,250878,470.35
2024,courses,118,250878,470.35
2024,lives,118,250878,470.35
2024,best,117,250878,466.36
2024,beyond,117,250878,466.36
2024,large,117,250878,466.36
2024,opportunity,117,250878,466.36
2024,face,117,250878,466.36
2024,candidate,117,250878,466.36
2024,escondido,116,250878,462.38
2024,wednesday,116,250878,462.38
2024,live,116,250878,462.38
2024,chen,116,250878,462.38
2024,home,116,250878,462.38
2024,reporting,115,250878,458.39
2024,am,115,250878,458.39
2024,children,115,250878,458.39
2024,senators,115,250878,458.39
2024,conflict,115,250878,458.39
2024,higher,114,250878,454.4
2024,off,114,250878,454.4
2024,using,113,250878,450.42
2024,someone,113,250878,450.42
2024,include,113,250878,450.42
2024,local,113,250878,450.42
2024,focus,113,250878,450.42
2024,proposed,113,250878,450.42
2024,sept,113,250878,450.42
2024,few,112,250878,446.43
2024,environment,112,250878,446.43
2024,anti,112,250878,446.43
2024,number,112,250878,446.43
2024,lead,112,250878,446.43
2024,grand,112,250878,446.43
2024,big,112,250878,446.43
2024,aid,112,250878,446.43
2024,congress,112,250878,446.43
2024,needs,112,250878,446.43
2024,organizers,112,250878,446.43
2024,organization,111,250878,442.45
2024,motor,111,250878,442.45
2024,share,111,250878,442.45
2024,federal,111,250878,442.45
2024,senior,111,250878,442.45
2024,harassment,111,250878,442.45
2024,job,110,250878,438.46
2024,assistant,110,250878,438.46
2024,global,110,250878,438.46
2024,systems,110,250878,438.46
2024,always,110,250878,438.46
2024,elections,110,250878,438.46
2024,put,109,250878,434.47
2024,leaders,109,250878,434.47
2024,instead,109,250878,434.47
2024,legal,109,250878,434.47
2024,million,108,250878,430.49
2024,spoke,108,250878,430.49
2024,importance,108,250878,430.49
2024,five,108,250878,430.49
2024,today,108,250878,430.49
2024,demands,108,250878,430.49
2024,themselves,108,250878,430.49
2024,questions,108,250878,430.49
2024,jewish,107,250878,426.5
2024,times,107,250878,426.5
2024,programs,107,250878,426.5
2024,fellow,107,250878,426.5
2024,discussion,106,250878,422.52
2024,challenges,106,250878,422.52
2024,until,106,250878,422.52
2024,early,105,250878,418.53
2024,actually,105,250878,418.53
2024,similar,105,250878,418.53
2024,means,105,250878,418.53
2024,strong,104,250878,414.54
2024,everyone,104,250878,414.54
2024,energy,104,250878,414.54
2024,sustainability,104,250878,414.54
2024,movement,104,250878,414.54
2024,economic,104,250878,414.54
2024,look,103,250878,410.56
2024,position,103,250878,410.56
2024,previously,103,250878,410.56
2024,trying,103,250878,410.56
2024,business,103,250878,410.56
2024,ukraine,103,250878,410.56
2024,career,102,250878,406.57
2024,term,102,250878,406.57
2024,russia,102,250878,406.57
2024,raised,101,250878,402.59
2024,ongoing,101,250878,402.59
2024,emphasized,101,250878,402.59
2024,understand,101,250878,402.59
2024,institute,101,250878,402.59
2024,taking,101,250878,402.59
2024,full,101,250878,402.59
2024,makes,101,250878,402.59
2024,clear,101,250878,402.59
2024,point,101,250878,402.59
2024,earth,101,250878,402.59
2024,letter,100,250878,398.6
2024,friends,100,250878,398.6
2024,encampment,100,250878,398.6
2024,enough,99,250878,394.61
2024,sense,99,250878,394.61
2024,results,99,250878,394.61
2024,personal,99,250878,394.61
2024,title,99,250878,394.61
2024,plans,98,250878,390.63
2024,forward,98,250878,390.63
2024,little,97,250878,386.64
2024,specific,97,250878,386.64
2024,friday,97,250878,386.64
2024,conversation,97,250878,386.64
2024,outside,97,250878,386.64
2024,took,97,250878,386.64
2024,hard,97,250878,386.64
2024,meet,97,250878,386.64
2024,police,97,250878,386.64
2024,harris,97,250878,386.64
2024,interest,96,250878,382.66
2024,described,96,250878,382.66
2024,organizations,96,250878,382.66
2024,away,96,250878,382.66
2024,name,96,250878,382.66
2024,bring,96,250878,382.66
2024,thought,96,250878,382.66
2024,schools,95,250878,378.67
2024,talk,95,250878,378.67
2024,lack,95,250878,378.67
2024,didn,95,250878,378.67
2024,sciences,95,250878,378.67
2024,review,95,250878,378.67
2024,parents,94,250878,374.68
2024,order,94,250878,374.68
2024,actions,94,250878,374.68
2024,plan,94,250878,374.68
2024,raise,94,250878,374.68
2024,weekend,94,250878,374.68
2024,approach,93,250878,370.7
2024,began,93,250878,370.7
2024,included,93,250878,370.7
2024,institution,93,250878,370.7
2024,industry,93,250878,370.7
2024,website,92,250878,366.71
2024,dining,92,250878,366.71
2024,general,92,250878,366.71
2024,race,92,250878,366.71
2024,wanted,92,250878,366.71
2024,fossil,92,250878,366.71
2024,start,91,250878,362.73
2024,hopes,91,250878,362.73
2024,possible,91,250878,362.73
2024,conduct,91,250878,362.73
2024,green,91,250878,362.73
2024,administrators,91,250878,362.73
2024,politics,91,250878,362.73
2024,act,90,250878,358.74
2024,fall,90,250878,358.74
2024,top,90,250878,358.74
2024,toward,90,250878,358.74
2024,alto,90,250878,358.74
2024,protect,90,250878,358.74
2024,cost,90,250878,358.74
2024,county,90,250878,358.74
2024,discrimination,90,250878,358.74
2024,held,89,250878,354.75
2024,body,89,250878,354.75
2024,key,89,250878,354.75
2024,far,89,250878,354.75
2024,survey,89,250878,354.75
2024,done,89,250878,354.75
2024,significant,89,250878,354.75
2024,healthcare,89,250878,354.75
2024,city,89,250878,354.75
2024,june,89,250878,354.75
2024,palo,89,250878,354.75
2024,debate,89,250878,354.75
2024,agreement,89,250878,354.75
2024,platform,88,250878,350.77
2024,intelligence,88,250878,350.77
2024,post,88,250878,350.77
2024,announced,88,250878,350.77
2024,initiative,88,250878,350.77
2024,room,88,250878,350.77
2024,worked,88,250878,350.77
2024,throughout,88,250878,350.77
2024,sure,88,250878,350.77
2024,protesters,88,250878,350.77
2024,thing,87,250878,346.78
2024,days,87,250878,346.78
2024,doesn,87,250878,346.78
2024,ballot,87,250878,346.78
2024,allen,87,250878,346.78
2024,engage,86,250878,342.8
2024,electric,86,250878,342.8
2024,cannot,86,250878,342.8
2024,month,86,250878,342.8
2024,kind,86,250878,342.8
2024,america,86,250878,342.8
2024,young,86,250878,342.8
2024,civil,86,250878,342.8
2024,voting,86,250878,342.8
2024,environmental,86,250878,342.8
2024,related,85,250878,338.81
2024,third,85,250878,338.81
2024,ensure,85,250878,338.81
2024,form,85,250878,338.81
2024,noted,85,250878,338.81
2024,looking,85,250878,338.81
2024,san,85,250878,338.81
2024,experiences,85,250878,338.81
2024,company,85,250878,338.81
2024,further,85,250878,338.81
2024,special,85,250878,338.81
2024,old,85,250878,338.81
2024,lecturers,85,250878,338.81
2024,cells,84,250878,334.82
2024,field,84,250878,334.82
2024,development,84,250878,334.82
2024,senator,84,250878,334.82
2024,receive,84,250878,334.82
2024,areas,84,250878,334.82
2024,professors,84,250878,334.82
2024,comes,84,250878,334.82
2024,countries,84,250878,334.82
2024,panel,84,250878,334.82
2024,complaint,84,250878,334.82
2024,started,83,250878,330.84
2024,matter,83,250878,330.84
2024,taken,83,250878,330.84
2024,six,83,250878,330.84
2024,news,83,250878,330.84
2024,later,83,250878,330.84
2024,allowed,83,250878,330.84
2024,serve,83,250878,330.84
2024,left,83,250878,330.84
2024,benefits,83,250878,330.84
2024,protestors,83,250878,330.84
2024,doerr,82,250878,326.85
2024,per,82,250878,326.85
2024,labor,82,250878,326.85
2024,interview,82,250878,326.85
2025,said,3640,310396,11726.96
2025,students,2607,310396,8398.95
2025,university,1603,310396,5164.37
2025,student,1526,310396,4916.3
2025,professor,1306,310396,4207.53
2025,people,1189,310396,3830.59
2025,all,1072,310396,3453.65
2025,one,1071,310396,3450.43
2025,year,1049,310396,3379.55
2025,like,989,310396,3186.25
2025,school,975,310396,3141.15
2025,campus,917,310396,2954.29
2025,community,861,310396,2773.88
2025,between,859,310396,2767.43
2025,there,848,310396,2731.99
2025,reported,816,310396,2628.9
2025,out,789,310396,2541.91
2025,time,775,310396,2496.81
2025,trump,773,310396,2490.37
2025,research,744,310396,2396.94
2025,first,728,310396,2345.39
2025,new,726,310396,2338.95
2025,education,689,310396,2219.75
2025,president,655,310396,2110.21
2025,wrote,616,310396,1984.56
2025,work,589,310396,1897.58
2025,many,584,310396,1881.47
2025,think,559,310396,1800.93
2025,according,548,310396,1765.49
2025,really,547,310396,1762.26
2025,administration,542,310396,1746.16
2025,political,539,310396,1736.49
2025,support,534,310396,1720.38
2025,way,526,310396,1694.61
2025,now,509,310396,1639.84
2025,graduate,505,310396,1626.95
2025,ai,503,310396,1620.51
2025,years,500,310396,1610.85
2025,health,497,310396,1601.18
2025,science,496,310396,1597.96
2025,funding,492,310396,1585.07
2025,program,483,310396,1556.08
2025,two,476,310396,1533.52
2025,some,469,310396,1510.97
2025,make,461,310396,1485.2
2025,day,458,310396,1475.53
2025,last,453,310396,1459.43
2025,faculty,452,310396,1456.2
2025,american,452,310396,1456.2
2025,law,450,310396,1449.76
2025,center,446,310396,1436.87
2025,public,443,310396,1427.21
2025,theft,442,310396,1423.99
2025,world,433,310396,1394.99
2025,event,429,310396,1382.11
2025,life,427,310396,1375.66
2025,class,423,310396,1362.78
2025,co,423,310396,1362.78
2025,members,418,310396,1346.67
2025,history,413,310396,1330.56
2025,including,411,310396,1324.12
2025,against,406,310396,1308.01
2025,federal,406,310396,1308.01
2025,universities,404,310396,1301.56
2025,department,393,310396,1266.12
2025,office,393,310396,1266.12
2025,both,392,310396,1262.9
2025,lot,381,310396,1227.46
2025,take,379,310396,1221.02
2025,building,378,310396,1217.8
2025,policy,376,310396,1211.36
2025,don,373,310396,1201.69
2025,social,371,310396,1195.25
2025,every,359,310396,1156.59
2025,government,359,310396,1156.59
2025,see,358,310396,1153.37
2025,medicine,352,310396,1134.04
2025,get,348,310396,1121.15
2025,international,345,310396,1111.48
2025,across,341,310396,1098.6
2025,want,339,310396,1092.15
2025,levin,337,310396,1085.71
2025,any,336,310396,1082.49
2025,however,329,310396,1059.94
2025,around,328,310396,1056.71
2025,need,328,310396,1056.71
2025,academic,324,310396,1043.83
2025,going,317,310396,1021.28
2025,team,317,310396,1021.28
2025,country,317,310396,1021.28
2025,speech,316,310396,1018.05
2025,ugs,314,310396,1011.61
2025,use,312,310396,1005.17
2025,free,311,310396,1001.95
2025,much,309,310396,995.5
2025,made,304,310396,979.39
2025,part,303,310396,976.17
2025,process,303,310396,976.17
2025,well,302,310396,972.95
2025,state,302,310396,972.95
2025,change,301,310396,969.73
2025,director,300,310396,966.51
2025,information,298,310396,960.06
2025,week,298,310396,960.06
2025,undergraduate,297,310396,956.84
2025,long,295,310396,950.4
2025,something,293,310396,943.96
2025,different,291,310396,937.51
2025,engineering,287,310396,924.63
2025,associate,285,310396,918.18
2025,experience,284,310396,914.96
2025,right,282,310396,908.52
2025,national,279,310396,898.85
2025,former,278,310396,895.63
2025,sciences,277,310396,892.41
2025,here,277,310396,892.41
2025,current,277,310396,892.41
2025,feel,276,310396,889.19
2025,staff,273,310396,879.52
2025,without,272,310396,876.3
2025,know,270,310396,869.86
2025,back,270,310396,869.86
2025,must,270,310396,869.86
2025,meeting,268,310396,863.41
2025,future,267,310396,860.19
2025,another,267,310396,860.19
2025,three,263,310396,847.3
2025,next,261,310396,840.86
2025,system,260,310396,837.64
2025,climate,258,310396,831.2
2025,space,257,310396,827.97
2025,democracy,257,310396,827.97
2025,house,256,310396,824.75
2025,petty,256,310396,824.75
2025,care,254,310396,818.31
2025,phd,251,310396,808.64
2025,place,250,310396,805.42
2025,action,250,310396,805.42
2025,college,249,310396,802.2
2025,report,248,310396,798.98
2025,bill,248,310396,798.98
2025,rights,247,310396,795.76
2025,assu,245,310396,789.31
2025,working,245,310396,789.31
2025,california,242,310396,779.65
2025,group,242,310396,779.65
2025,gsc,241,310396,776.43
2025,things,239,310396,769.98
2025,march,239,310396,769.98
2025,email,238,310396,766.76
2025,events,238,310396,766.76
2025,high,237,310396,763.54
2025,humanities,236,310396,760.32
2025,media,235,310396,757.1
2025,institutions,235,310396,757.1
2025,important,231,310396,744.21
2025,oct,231,310396,744.21
2025,told,231,310396,744.21
2025,continue,230,310396,740.99
2025,ph,229,310396,737.77
2025,energy,228,310396,734.55
2025,provost,227,310396,731.32
2025,women,227,310396,731.32
2025,council,227,310396,731.32
2025,april,227,310396,731.32
2025,safety,226,310396,728.1
2025,programs,225,310396,724.88
2025,club,225,310396,724.88
2025,assistant,224,310396,721.66
2025,together,223,310396,718.44
2025,go,222,310396,715.22
2025,executive,222,310396,715.22
2025,human,221,310396,711.99
2025,found,221,310396,711.99
2025,senate,221,310396,711.99
2025,white,221,310396,711.99
2025,come,220,310396,708.77
2025,dei,219,310396,705.55
2025,bridge,217,310396,699.11
2025,help,216,310396,695.89
2025,studies,216,310396,695.89
2025,recent,216,310396,695.89
2025,decision,216,310396,695.89
2025,called,215,310396,692.66
2025,martinez,215,310396,692.66
2025,power,214,310396,689.44
2025,member,213,310396,686.22
2025,diversity,213,310396,686.22
2025,data,212,310396,683.0
2025,added,211,310396,679.78
2025,open,210,310396,676.56
2025,states,210,310396,676.56
2025,letter,209,310396,673.33
2025,study,208,310396,670.11
2025,within,207,310396,666.89
2025,statement,207,310396,666.89
2025,especially,207,310396,666.89
2025,policies,205,310396,660.45
2025,based,203,310396,654.0
2025,war,203,310396,654.0
2025,good,202,310396,650.78
2025,always,202,310396,650.78
2025,past,202,310396,650.78
2025,election,202,310396,650.78
2025,making,201,310396,647.56
2025,call,200,310396,644.34
2025,family,199,310396,641.12
2025,article,196,310396,631.45
2025,vice,195,310396,628.23
2025,felt,195,310396,628.23
2025,issues,195,310396,628.23
2025,senior,193,310396,621.79
2025,project,192,310396,618.56
2025,better,192,310396,618.56
2025,following,192,310396,618.56
2025,freedom,192,310396,618.56
2025,due,191,310396,615.34
2025,able,190,310396,612.12
2025,drive,189,310396,608.9
2025,higher,189,310396,608.9
2025,response,189,310396,608.9
2025,whether,188,310396,605.68
2025,learn,188,310396,605.68
2025,end,187,310396,602.46
2025,often,187,310396,602.46
2025,dining,187,310396,602.46
2025,rather,186,310396,599.23
2025,already,184,310396,592.79
2025,america,183,310396,589.57
2025,regarding,183,310396,589.57
2025,role,182,310396,586.35
2025,court,182,310396,586.35
2025,down,182,310396,586.35
2025,become,181,310396,583.13
2025,learning,180,310396,579.9
2025,best,180,310396,579.9
2025,led,179,310396,576.68
2025,jan,179,310396,576.68
2025,resources,179,310396,576.68
2025,non,178,310396,573.46
2025,global,178,310396,573.46
2025,culture,178,310396,573.46
2025,bicycle,178,310396,573.46
2025,impact,177,310396,570.24
2025,shared,177,310396,570.24
2025,vehicle,177,310396,570.24
2025,technology,177,310396,570.24
2025,legal,176,310396,567.02
2025,leadership,176,310396,567.02
2025,never,175,310396,563.8
2025,justice,175,310396,563.8
2025,create,174,310396,560.57
2025,instead,174,310396,560.57
2025,housing,174,310396,560.57
2025,live,173,310396,557.35
2025,several,172,310396,554.13
2025,communities,172,310396,554.13
2025,act,171,310396,550.91
2025,issue,171,310396,550.91
2025,provide,171,310396,550.91
2025,night,171,310396,550.91
2025,medical,171,310396,550.91
2025,find,170,310396,547.69
2025,chair,169,310396,544.47
2025,course,168,310396,541.24
2025,harvard,168,310396,541.24
2025,writing,168,310396,541.24
2025,understand,168,310396,541.24
2025,opportunity,167,310396,538.02
2025,real,167,310396,538.02
2025,fellow,167,310396,538.02
2025,physics,166,310396,534.8
2025,career,165,310396,531.58
2025,service,165,310396,531.58
2025,person,165,310396,531.58
2025,nov,165,310396,531.58
2025,order,165,310396,531.58
2025,having,164,310396,528.36
2025,second,164,310396,528.36
2025,beyond,164,310396,528.36
2025,despite,164,310396,528.36
2025,friends,163,310396,525.14
2025,road,162,310396,521.91
2025,gender,162,310396,521.91
2025,immigration,161,310396,518.69
2025,say,159,310396,512.25
2025,leaders,159,310396,512.25
2025,today,159,310396,512.25
2025,doing,158,310396,509.03
2025,hall,158,310396,509.03
2025,escondido,158,310396,509.03
2025,access,158,310396,509.03
2025,reached,157,310396,505.81
2025,believe,157,310396,505.81
2025,off,156,310396,502.58
2025,less,156,310396,502.58
2025,means,156,310396,502.58
2025,actions,156,310396,502.58
2025,share,155,310396,499.36
2025,received,155,310396,499.36
2025,hope,154,310396,496.14
2025,food,154,310396,496.14
2025,home,154,310396,496.14
2025,race,154,310396,496.14
2025,art,154,310396,496.14
2025,anti,154,310396,496.14
2025,institute,153,310396,492.92
2025,five,152,310396,489.7
2025,changes,152,310396,489.7
2025,four,151,310396,486.48
2025,israel,151,310396,486.48
2025,united,150,310396,483.25
2025,title,150,310396,483.25
2025,democratic,150,310396,483.25
2025,talk,149,310396,480.03
2025,potential,149,310396,480.03
2025,case,149,310396,480.03
2025,actually,149,310396,480.03
2025,asked,149,310396,480.03
2025,others,149,310396,480.03
2025,black,149,310396,480.03
2025,came,148,310396,476.81
2025,security,148,310396,476.81
2025,violence,148,310396,476.81
2025,million,148,310396,476.81
2025,love,148,310396,476.81
2025,chen,148,310396,476.81
2025,clinical,148,310396,476.81
2025,sudps,147,310396,473.59
2025,themselves,147,310396,473.59
2025,times,147,310396,473.59
2025,ideas,146,310396,470.37
2025,big,146,310396,470.37
2025,motor,146,310396,470.37
2025,financial,146,310396,470.37
2025,children,146,310396,470.37
2025,street,146,310396,470.37
2025,term,145,310396,467.15
2025,hours,145,310396,467.15
2025,money,145,310396,467.15
2025,room,145,310396,467.15
2025,clear,145,310396,467.15
2025,researchers,144,310396,463.92
2025,personal,144,310396,463.92
2025,feb,144,310396,463.92
2025,speak,144,310396,463.92
2025,kind,143,310396,460.7
2025,lecturer,143,310396,460.7
2025,currently,142,310396,457.48
2025,taking,142,310396,457.48
2025,given,142,310396,457.48
2025,great,142,310396,457.48
2025,build,142,310396,457.48
2025,lives,141,310396,454.26
2025,concerns,141,310396,454.26
2025,away,141,310396,454.26
2025,among,140,310396,451.04
2025,major,139,310396,447.82
2025,used,139,310396,447.82
2025,sports,139,310396,447.82
2025,dec,139,310396,447.82
2025,society,138,310396,444.59
2025,lab,138,310396,444.59
2025,didn,138,310396,444.59
2025,committee,138,310396,444.59
2025,classes,137,310396,441.37
2025,wednesday,137,310396,441.37
2025,cuts,137,310396,441.37
2025,civil,137,310396,441.37
2025,field,136,310396,438.15
2025,began,136,310396,438.15
2025,days,136,310396,438.15
2025,efforts,136,310396,438.15
2025,ba,136,310396,438.15
2025,quarter,135,310396,434.93
2025,organization,135,310396,434.93
2025,noted,135,310396,434.93
2025,living,134,310396,431.71
2025,body,134,310396,431.71
2025,held,134,310396,431.71
2025,questions,133,310396,428.48
2025,hopes,133,310396,428.48
2025,run,133,310396,428.48
2025,monday,133,310396,428.48
2025,bring,133,310396,428.48
2025,fear,133,310396,428.48
2025,engagement,133,310396,428.48
2025,set,132,310396,425.26
2025,far,132,310396,425.26
2025,board,132,310396,425.26
2025,everyone,132,310396,425.26
2025,grand,132,310396,425.26
2025,few,132,310396,425.26
2025,plan,132,310396,425.26
2025,resolution,132,310396,425.26
2025,city,132,310396,425.26
2025,de,132,310396,425.26
2025,groups,131,310396,422.04
2025,property,131,310396,422.04
2025,santa,131,310396,422.04
2025,someone,131,310396,422.04
2025,previous,130,310396,418.82
2025,conversation,129,310396,415.6
2025,friday,129,310396,415.6
2025,self,129,310396,415.6
2025,look,128,310396,412.38
2025,include,128,310396,412.38
2025,mental,128,310396,412.38
2025,early,128,310396,412.38
2025,put,128,310396,412.38
2025,area,127,310396,409.15
2025,possible,127,310396,409.15
2025,computer,127,310396,409.15
2025,wanted,127,310396,409.15
2025,business,127,310396,409.15
2025,status,127,310396,409.15
2025,let,126,310396,405.93
2025,moment,126,310396,405.93
2025,question,126,310396,405.93
2025,services,126,310396,405.93
2025,biology,126,310396,405.93
2025,doesn,126,310396,405.93
2025,palestine,126,310396,405.93
2025,asian,126,310396,405.93
2025,fact,125,310396,402.71
2025,hard,125,310396,402.71
2025,goal,125,310396,402.71
2025,experiences,125,310396,402.71
2025,full,125,310396,402.71
2025,face,125,310396,402.71
2025,pro,125,310396,402.71
2025,emphasized,124,310396,399.49
2025,news,124,310396,399.49
2025,coming,124,310396,399.49
2025,thursday,124,310396,399.49
2025,party,123,310396,396.27
2025,development,123,310396,396.27
2025,sense,123,310396,396.27
2025,number,123,310396,396.27
2025,model,123,310396,396.27
2025,sept,123,310396,396.27
2025,david,123,310396,396.27
2025,idea,122,310396,393.05
2025,took,122,310396,393.05
2025,comes,122,310396,393.05
2025,point,122,310396,393.05
2025,level,122,310396,393.05
2025,until,122,310396,393.05
2025,importance,122,310396,393.05
2025,young,122,310396,393.05
2025,using,122,310396,393.05
2025,started,121,310396,389.82
2025,approach,121,310396,389.82
2025,emeritus,121,310396,389.82
2025,private,121,310396,389.82
2025,institution,121,310396,389.82
2025,commitment,121,310396,389.82
2025,expressed,121,310396,389.82
2025,institutional,121,310396,389.82
2025,summer,120,310396,386.6
2025,environment,120,310396,386.6
2025,focus,120,310396,386.6
2025,language,120,310396,386.6
2025,matter,120,310396,386.6
2025,patients,120,310396,386.6
2025,professors,120,310396,386.6
2025,challenges,119,310396,383.38
2025,union,119,310396,383.38
2025,example,119,310396,383.38
2025,cannot,119,310396,383.38
2025,discussion,119,310396,383.38
2025,teaching,118,310396,380.16
2025,once,118,310396,380.16
2025,general,117,310396,376.94
2025,budget,117,310396,376.94
2025,sexual,117,310396,376.94
2025,interest,116,310396,373.72
2025,problem,116,310396,373.72
2025,focused,116,310396,373.72
2025,jonathan,116,310396,373.72
2025,organizations,116,310396,373.72
2025,thought,116,310396,373.72
2025,nation,116,310396,373.72
2025,values,116,310396,373.72
2025,mission,115,310396,370.49
2025,alumni,115,310396,370.49
2025,sure,115,310396,370.49
2025,donald,115,310396,370.49
2025,fall,114,310396,367.27
2025,equity,114,310396,367.27
2025,left,114,310396,367.27
2025,old,113,310396,364.05
2025,tuesday,113,310396,364.05
2025,protect,113,310396,364.05
2025,am,113,310396,364.05
2025,stand,113,310396,364.05
2025,third,112,310396,360.83
2025,lack,112,310396,360.83
2025,healthcare,112,310396,360.83
2025,burglary,112,310396,360.83
2025,electric,112,310396,360.83
2025,ways,112,310396,360.83
2025,keep,112,310396,360.83
2025,schools,111,310396,357.61
2025,ever,111,310396,357.61
2025,enough,111,310396,357.61
2025,americans,111,310396,357.61
2025,address,111,310396,357.61
2025,risk,111,310396,357.61
2025,vote,111,310396,357.61
2025,small,110,310396,354.39
2025,thinking,110,310396,354.39
2025,conduct,110,310396,354.39
2025,remain,110,310396,354.39
2025,educational,110,310396,354.39
2025,fight,110,310396,354.39
2025,opportunities,109,310396,351.16
2025,green,109,310396,351.16
2025,plans,109,310396,351.16
2025,worked,109,310396,351.16
2025,hosted,109,310396,351.16
2025,give,109,310396,351.16
2025,politics,109,310396,351.16
2025,nih,109,310396,351.16
2025,degree,108,310396,347.94
2025,annual,108,310396,347.94
2025,forward,108,310396,347.94
2025,leading,108,310396,347.94
2025,palestinian,108,310396,347.94
2025,candidate,108,310396,347.94
2025,thing,107,310396,344.72
2025,show,107,310396,344.72
2025,understanding,107,310396,344.72
2025,outside,107,310396,344.72
2025,meet,106,310396,341.5
2025,training,106,310396,341.5
2025,further,106,310396,341.5
2025,audience,106,310396,341.5
2025,trying,105,310396,338.28
2025,san,105,310396,338.28
2025,makes,105,310396,338.28
2025,dean,105,310396,338.28
2025,story,105,310396,338.28
2025,grants,105,310396,338.28
2025,described,104,310396,335.06
2025,ix,104,310396,335.06
2025,passed,104,310396,335.06
2025,key,104,310396,335.06
2025,peer,104,310396,335.06
2025,little,103,310396,331.83
2025,companies,103,310396,331.83
2025,gaza,103,310396,331.83
2025,protest,103,310396,331.83
2025,brought,103,310396,331.83
2025,announced,103,310396,331.83
2025,updated,103,310396,331.83
2025,local,102,310396,328.61
2025,throughout,102,310396,328.61
2025,post,102,310396,328.61
2025,village,102,310396,328.61
2025,towards,102,310396,328.61
2025,done,102,310396,328.61
2025,looking,101,310396,325.39
2025,similar,101,310396,325.39
2025,lead,101,310396,325.39
2025,needs,101,310396,325.39
2025,demands,101,310396,325.39
2025,admissions,101,310396,325.39
2025,helped,100,310396,322.17
2025,bay,100,310396,322.17
2025,served,100,310396,322.17
2025,won,100,310396,322.17
2025,increase,100,310396,322.17
2025,comment,100,310396,322.17
2025,large,99,310396,318.95
2025,position,99,310396,318.95
2025,involved,99,310396,318.95
2025,recently,98,310396,315.73
2025,conversations,98,310396,315.73
2025,critical,98,310396,315.73
2025,covid,98,310396,315.73
2025,met,98,310396,315.73
2025,residential,98,310396,315.73
2025,months,97,310396,312.5
2025,believes,97,310396,312.5
2025,cost,97,310396,312.5
2025,again,97,310396,312.5
2025,ukraine,97,310396,312.5
2025,water,96,310396,309.28
2025,projects,96,310396,309.28
2025,growing,96,310396,309.28
2025,aid,96,310396,309.28
2025,spaces,96,310396,309.28
2025,elections,96,310396,309.28
2025,related,95,310396,306.06
2025,allow,95,310396,306.06
2025,serve,95,310396,306.06
2025,start,95,310396,306.06
2025,ensure,95,310396,306.06
2025,dialogue,95,310396,306.06
2026,said,2191,199015,11009.22
2026,students,1676,199015,8421.48
2026,student,985,199015,4949.38
2026,university,911,199015,4577.54
2026,one,715,199015,3592.69
2026,campus,714,199015,3587.67
2026,year,676,199015,3396.73
2026,people,662,199015,3326.38
2026,between,615,199015,3090.22
2026,ai,599,199015,3009.82
2026,all,598,199015,3004.8
2026,reported,584,199015,2934.45
2026,like,542,199015,2723.41
2026,out,516,199015,2592.77
2026,time,495,199015,2487.25
2026,there,483,199015,2426.95
2026,community,480,199015,2411.88
2026,new,437,199015,2195.81
2026,research,428,199015,2150.59
2026,first,422,199015,2120.44
2026,work,412,199015,2070.2
2026,according,410,199015,2060.15
2026,wrote,407,199015,2045.07
2026,school,403,199015,2024.97
2026,education,395,199015,1984.78
2026,some,338,199015,1698.36
2026,public,334,199015,1678.27
2026,program,333,199015,1673.24
2026,way,332,199015,1668.22
2026,many,330,199015,1658.17
2026,co,330,199015,1658.17
2026,years,325,199015,1633.04
2026,class,320,199015,1607.92
2026,including,317,199015,1592.84
2026,president,316,199015,1587.82
2026,professor,308,199015,1547.62
2026,event,307,199015,1542.6
2026,two,306,199015,1537.57
2026,think,301,199015,1512.45
2026,life,300,199015,1507.42
2026,theft,290,199015,1457.18
2026,make,287,199015,1442.1
2026,center,286,199015,1437.08
2026,really,286,199015,1437.08
2026,political,281,199015,1411.95
2026,academic,281,199015,1411.95
2026,graduate,279,199015,1401.9
2026,support,278,199015,1396.88
2026,both,274,199015,1376.78
2026,team,267,199015,1341.61
2026,now,263,199015,1321.51
2026,world,260,199015,1306.43
2026,building,254,199015,1276.29
2026,policy,254,199015,1276.29
2026,health,250,199015,1256.19
2026,use,241,199015,1210.96
2026,american,238,199015,1195.89
2026,faculty,238,199015,1195.89
2026,members,235,199015,1180.82
2026,process,235,199015,1180.82
2026,data,233,199015,1170.77
2026,housing,232,199015,1165.74
2026,law,231,199015,1160.72
2026,social,230,199015,1155.69
2026,across,224,199015,1125.54
2026,government,221,199015,1110.47
2026,last,220,199015,1105.44
2026,without,219,199015,1100.42
2026,funding,218,199015,1095.39
2026,any,216,199015,1085.35
2026,science,216,199015,1085.35
2026,see,213,199015,1070.27
2026,want,213,199015,1070.27
2026,group,212,199015,1065.25
2026,against,209,199015,1050.17
2026,take,206,199015,1035.1
2026,need,205,199015,1030.07
2026,care,202,199015,1015.0
2026,undergraduate,202,199015,1015.0
2026,ph,202,199015,1015.0
2026,experience,202,199015,1015.0
2026,national,201,199015,1009.97
2026,different,201,199015,1009.97
2026,ugs,201,199015,1009.97
2026,around,199,199015,999.92
2026,made,199,199015,999.92
2026,report,198,199015,994.9
2026,federal,197,199015,989.88
2026,must,194,199015,974.8
2026,get,193,199015,969.78
2026,going,192,199015,964.75
2026,assu,192,199015,964.75
2026,human,191,199015,959.73
2026,department,191,199015,959.73
2026,trump,190,199015,954.7
2026,director,189,199015,949.68
2026,well,189,199015,949.68
2026,medical,188,199015,944.65
2026,change,188,199015,944.65
2026,working,188,199015,944.65
2026,every,187,199015,939.63
2026,april,187,199015,939.63
2026,safety,187,199015,939.63
2026,california,187,199015,939.63
2026,information,186,199015,934.6
2026,whether,183,199015,919.53
2026,much,183,199015,919.53
2026,administration,182,199015,914.5
2026,part,182,199015,914.5
2026,free,182,199015,914.5
2026,based,179,199015,899.43
2026,office,179,199015,899.43
2026,access,178,199015,894.4
2026,system,178,199015,894.4
2026,however,178,199015,894.4
2026,march,178,199015,894.4
2026,college,178,199015,894.4
2026,state,176,199015,884.36
2026,often,175,199015,879.33
2026,long,175,199015,879.33
2026,medicine,174,199015,874.31
2026,lot,174,199015,874.31
2026,high,174,199015,874.31
2026,petty,174,199015,874.31
2026,next,174,199015,874.31
2026,history,173,199015,869.28
2026,something,173,199015,869.28
2026,bill,173,199015,869.28
2026,three,171,199015,859.23
2026,good,169,199015,849.18
2026,another,169,199015,849.18
2026,day,169,199015,849.18
2026,here,168,199015,844.16
2026,current,167,199015,839.13
2026,don,167,199015,839.13
2026,rather,167,199015,839.13
2026,epstein,167,199015,839.13
2026,house,166,199015,834.11
2026,former,165,199015,829.08
2026,know,163,199015,819.03
2026,right,162,199015,814.01
2026,speech,162,199015,814.01
2026,decision,161,199015,808.98
2026,jan,161,199015,808.98
2026,future,161,199015,808.98
2026,feel,161,199015,808.98
2026,found,160,199015,803.96
2026,beyond,157,199015,788.89
2026,several,156,199015,783.86
2026,within,156,199015,783.86
2026,questions,156,199015,783.86
2026,chair,156,199015,783.86
2026,place,155,199015,778.84
2026,family,153,199015,768.79
2026,email,153,199015,768.79
2026,back,153,199015,768.79
2026,meeting,153,199015,768.79
2026,senate,153,199015,768.79
2026,person,150,199015,753.71
2026,gsc,150,199015,753.71
2026,case,148,199015,743.66
2026,country,147,199015,738.64
2026,bicycle,147,199015,738.64
2026,technology,147,199015,738.64
2026,important,147,199015,738.64
2026,universities,145,199015,728.59
2026,project,145,199015,728.59
2026,able,144,199015,723.56
2026,space,144,199015,723.56
2026,food,144,199015,723.56
2026,sexual,144,199015,723.56
2026,best,143,199015,718.54
2026,real,143,199015,718.54
2026,power,143,199015,718.54
2026,past,143,199015,718.54
2026,events,141,199015,708.49
2026,council,140,199015,703.46
2026,levin,140,199015,703.46
2026,candidate,138,199015,693.42
2026,better,138,199015,693.42
2026,come,137,199015,688.39
2026,others,137,199015,688.39
2026,feb,137,199015,688.39
2026,described,136,199015,683.37
2026,week,136,199015,683.37
2026,things,135,199015,678.34
2026,study,135,199015,678.34
2026,course,135,199015,678.34
2026,rights,133,199015,668.29
2026,ice,133,199015,668.29
2026,reached,132,199015,663.27
2026,regarding,132,199015,663.27
2026,organizations,131,199015,658.24
2026,studies,131,199015,658.24
2026,less,131,199015,658.24
2026,escondido,131,199015,658.24
2026,making,131,199015,658.24
2026,institutions,130,199015,653.22
2026,among,130,199015,653.22
2026,sudps,130,199015,653.22
2026,together,129,199015,648.19
2026,go,129,199015,648.19
2026,general,129,199015,648.19
2026,already,129,199015,648.19
2026,response,129,199015,648.19
2026,culture,128,199015,643.17
2026,recent,128,199015,643.17
2026,question,128,199015,643.17
2026,talk,128,199015,643.17
2026,asked,128,199015,643.17
2026,never,128,199015,643.17
2026,help,127,199015,638.14
2026,energy,127,199015,638.14
2026,israel,127,199015,638.14
2026,ras,127,199015,638.14
2026,international,126,199015,633.12
2026,following,126,199015,633.12
2026,personal,126,199015,633.12
2026,black,125,199015,628.09
2026,service,124,199015,623.07
2026,added,124,199015,623.07
2026,alumni,123,199015,618.04
2026,vice,123,199015,618.04
2026,union,122,199015,613.02
2026,board,122,199015,613.02
2026,share,122,199015,613.02
2026,build,121,199015,607.99
2026,become,120,199015,602.97
2026,global,120,199015,602.97
2026,violence,120,199015,602.97
2026,instead,120,199015,602.97
2026,drive,119,199015,597.94
2026,second,119,199015,597.94
2026,having,119,199015,597.94
2026,role,119,199015,597.94
2026,times,119,199015,597.94
2026,diversity,119,199015,597.94
2026,financial,118,199015,592.92
2026,policies,117,199015,587.9
2026,engineering,117,199015,587.9
2026,focused,117,199015,587.9
2026,concerns,116,199015,582.87
2026,learning,116,199015,582.87
2026,legal,116,199015,582.87
2026,called,115,199015,577.85
2026,resolution,115,199015,577.85
2026,issues,115,199015,577.85
2026,understand,114,199015,572.82
2026,impact,114,199015,572.82
2026,action,114,199015,572.82
2026,statement,114,199015,572.82
2026,told,114,199015,572.82
2026,immigration,113,199015,567.8
2026,opportunity,112,199015,562.77
2026,down,112,199015,562.77
2026,grand,112,199015,562.77
2026,freedom,111,199015,557.75
2026,continue,111,199015,557.75
2026,open,111,199015,557.75
2026,changes,110,199015,552.72
2026,white,110,199015,552.72
2026,especially,110,199015,552.72
2026,hope,110,199015,552.72
2026,always,110,199015,552.72
2026,states,109,199015,547.7
2026,staff,109,199015,547.7
2026,drop,109,199015,547.7
2026,story,109,199015,547.7
2026,believe,108,199015,542.67
2026,noted,108,199015,542.67
2026,court,108,199015,542.67
2026,groups,108,199015,542.67
2026,member,108,199015,542.67
2026,wednesday,108,199015,542.67
2026,provide,108,199015,542.67
2026,election,107,199015,537.65
2026,war,107,199015,537.65
2026,programs,106,199015,532.62
2026,find,106,199015,532.62
2026,address,106,199015,532.62
2026,actually,106,199015,532.62
2026,leadership,106,199015,532.62
2026,despite,106,199015,532.62
2026,doing,105,199015,527.6
2026,security,105,199015,527.6
2026,used,104,199015,522.57
2026,end,104,199015,522.57
2026,children,103,199015,517.55
2026,create,103,199015,517.55
2026,major,103,199015,517.55
2026,communities,103,199015,517.55
2026,senior,102,199015,512.52
2026,cannot,102,199015,512.52
2026,sengthay,102,199015,512.52
2026,themselves,102,199015,512.52
2026,business,101,199015,507.5
2026,vote,101,199015,507.5
2026,shared,100,199015,502.47
2026,area,100,199015,502.47
2026,off,100,199015,502.47
2026,systems,100,199015,502.47
2026,media,100,199015,502.47
2026,united,99,199015,497.45
2026,schools,99,199015,497.45
2026,someone,99,199015,497.45
2026,served,98,199015,492.43
2026,santa,98,199015,492.43
2026,lead,98,199015,492.43
2026,set,98,199015,492.43
2026,justice,98,199015,492.43
2026,received,98,199015,492.43
2026,outside,97,199015,487.4
2026,learn,97,199015,487.4
2026,look,96,199015,482.38
2026,goal,96,199015,482.38
2026,news,96,199015,482.38
2026,began,95,199015,477.35
2026,room,95,199015,477.35
2026,intellectual,95,199015,477.35
2026,street,95,199015,477.35
2026,society,95,199015,477.35
2026,organization,95,199015,477.35
2026,run,94,199015,472.33
2026,love,94,199015,472.33
2026,company,93,199015,467.3
2026,friends,93,199015,467.3
2026,speakers,93,199015,467.3
2026,due,92,199015,462.28
2026,call,92,199015,462.28
2026,far,92,199015,462.28
2026,joint,92,199015,462.28
2026,million,92,199015,462.28
2026,politics,91,199015,457.25
2026,plans,91,199015,457.25
2026,serve,91,199015,457.25
2026,currently,91,199015,457.25
2026,term,91,199015,457.25
2026,electric,91,199015,457.25
2026,assault,90,199015,452.23
2026,institutional,90,199015,452.23
2026,potential,90,199015,452.23
2026,property,90,199015,452.23
2026,later,90,199015,452.23
2026,issue,90,199015,452.23
2026,individual,90,199015,452.23
2026,women,90,199015,452.23
2026,article,89,199015,447.2
2026,model,89,199015,447.2
2026,took,89,199015,447.2
2026,makes,89,199015,447.2
2026,quarter,89,199015,447.2
2026,hall,89,199015,447.2
2026,emphasized,89,199015,447.2
2026,association,89,199015,447.2
2026,five,89,199015,447.2
2026,full,89,199015,447.2
2026,executive,88,199015,442.18
2026,identity,88,199015,442.18
2026,itself,88,199015,442.18
2026,felt,88,199015,442.18
2026,days,88,199015,442.18
2026,researchers,88,199015,442.18
2026,higher,88,199015,442.18
2026,number,88,199015,442.18
2026,provost,88,199015,442.18
2026,home,88,199015,442.18
2026,say,87,199015,437.15
2026,show,87,199015,437.15
2026,led,87,199015,437.15
2026,given,87,199015,437.15
2026,self,87,199015,437.15
2026,problem,87,199015,437.15
2026,sex,87,199015,437.15
2026,include,87,199015,437.15
2026,status,87,199015,437.15
2026,came,86,199015,432.13
2026,act,86,199015,432.13
2026,spaces,86,199015,432.13
2026,passed,86,199015,432.13
2026,thought,85,199015,427.1
2026,mission,85,199015,427.1
2026,development,85,199015,427.1
2026,village,85,199015,427.1
2026,residential,85,199015,427.1
2026,committee,85,199015,427.1
2026,taking,85,199015,427.1
2026,resources,85,199015,427.1
2026,knowledge,85,199015,427.1
2026,residents,85,199015,427.1
2026,jewish,85,199015,427.1
2026,civil,84,199015,422.08
2026,using,84,199015,422.08
2026,vehicle,84,199015,422.08
2026,dining,84,199015,422.08
2026,india,84,199015,422.08
2026,critical,83,199015,417.05
2026,tools,83,199015,417.05
2026,foundation,83,199015,417.05
2026,america,83,199015,417.05
2026,means,83,199015,417.05
2026,humanities,83,199015,417.05
2026,friday,83,199015,417.05
2026,field,83,199015,417.05
2026,interest,83,199015,417.05
2026,live,83,199015,417.05
2026,living,83,199015,417.05
2026,meet,83,199015,417.05
2026,kosslyn,83,199015,417.05
2026,built,82,199015,412.03
2026,understanding,82,199015,412.03
2026,form,82,199015,412.03
2026,city,82,199015,412.03
2026,dec,82,199015,412.03
2026,road,82,199015,412.03
2026,thursday,82,199015,412.03
2026,needs,82,199015,412.03
2026,courses,82,199015,412.03
2026,healthcare,81,199015,407.0
2026,everyone,81,199015,407.0
2026,ideas,81,199015,407.0
2026,expressed,81,199015,407.0
2026,possible,81,199015,407.0
2026,county,81,199015,407.0
2026,away,81,199015,407.0
2026,hosted,81,199015,407.0
2026,patients,80,199015,401.98
2026,clear,80,199015,401.98
2026,ways,80,199015,401.98
2026,four,80,199015,401.98
2026,idea,80,199015,401.98
2026,san,80,199015,401.98
2026,non,80,199015,401.98
2026,leaders,80,199015,401.98
2026,institution,80,199015,401.98
2026,comment,80,199015,401.98
2026,ra,80,199015,401.98
2026,engage,79,199015,396.96
2026,put,79,199015,396.96
2026,alongside,79,199015,396.96
2026,once,78,199015,391.93
2026,date,78,199015,391.93
2026,similar,78,199015,391.93
2026,previously,78,199015,391.93
2026,reporting,78,199015,391.93
2026,little,78,199015,391.93
2026,whose,78,199015,391.93
2026,economic,78,199015,391.93
2026,fellow,77,199015,386.91
2026,models,77,199015,386.91
2026,enforcement,77,199015,386.91
2026,annual,77,199015,386.91
2026,left,77,199015,386.91
2026,conversation,77,199015,386.91
2026,view,76,199015,381.88
2026,risk,76,199015,381.88
2026,moment,76,199015,381.88
2026,held,76,199015,381.88
2026,focus,76,199015,381.88
2026,directly,76,199015,381.88
2026,enough,76,199015,381.88
2026,included,76,199015,381.88
2026,workers,75,199015,376.86
2026,today,75,199015,376.86
2026,early,75,199015,376.86
2026,palo,75,199015,376.86
2026,published,74,199015,371.83
2026,gender,74,199015,371.83
2026,services,74,199015,371.83
2026,likely,74,199015,371.83
2026,classes,74,199015,371.83
2026,democracy,74,199015,371.83
2026,point,74,199015,371.83
2026,engagement,74,199015,371.83
2026,book,74,199015,371.83
2026,race,73,199015,366.81
2026,experiences,73,199015,366.81
2026,worked,73,199015,366.81
2026,comes,73,199015,366.81
2026,specific,73,199015,366.81
2026,lack,73,199015,366.81
2026,kind,73,199015,366.81
2026,months,72,199015,361.78
2026,mental,72,199015,361.78
2026,single,72,199015,361.78
2026,example,72,199015,361.78
2026,thinking,72,199015,361.78
2026,hours,72,199015,361.78
2026,alto,72,199015,361.78
2026,benefits,72,199015,361.78
2026,training,72,199015,361.78
2026,wanted,72,199015,361.78
2026,anti,72,199015,361.78
2026,am,72,199015,361.78
2026,expression,71,199015,356.76
2026,great,71,199015,356.76
2026,small,71,199015,356.76
2026,face,71,199015,356.76
2026,families,71,199015,356.76
2026,institute,71,199015,356.76
2026,previous,71,199015,356.76
2026,money,71,199015,356.76
2026,body,71,199015,356.76
2026,speak,71,199015,356.76
2026,friend,71,199015,356.76
2026,club,71,199015,356.76
2026,campaign,71,199015,356.76
2026,lives,70,199015,351.73
2026,relationships,70,199015,351.73
2026,keep,70,199015,351.73
2026,sense,70,199015,351.73
2026,efforts,70,199015,351.73
2026,audience,70,199015,351.73
2026,climate,70,199015,351.73
2026,fear,70,199015,351.73
2026,give,70,199015,351.73
2026,receive,69,199015,346.71
2026,big,69,199015,346.71
2026,local,69,199015,346.71
2026,programming,69,199015,346.71
2026,brown,69,199015,346.71
2026,challenges,69,199015,346.71
2026,ask,69,199015,346.71
2026,career,69,199015,346.71
2026,order,68,199015,341.68
2026,design,68,199015,341.68
2026,didn,68,199015,341.68
2026,cost,68,199015,341.68
2026,monday,68,199015,341.68
2026,ever,68,199015,341.68
2026,broader,68,199015,341.68
2026,level,68,199015,341.68
2026,few,68,199015,341.68
2026,environment,68,199015,341.68
2026,job,68,199015,341.68
2026,attention,67,199015,336.66
2026,individuals,67,199015,336.66
2026,argued,67,199015,336.66
2026,nearly,67,199015,336.66
2026,further,67,199015,336.66
2026,difficult,67,199015,336.66
2026,line,67,199015,336.66
2026,plan,67,199015,336.66
2026,young,67,199015,336.66
2026,read,67,199015,336.66
2026,prakash,67,199015,336.66
2026,lab,67,199015,336.66
2026,hard,67,199015,336.66
2026,de,67,199015,336.66
2026,deeply,66,199015,331.63
2026,effort,66,199015,331.63
2026,start,66,199015,331.63
2026,communication,66,199015,331.63
2026,alone,66,199015,331.63
2026,top,66,199015,331.63
2026,application,66,199015,331.63
2026,post,66,199015,331.63
2026,approach,66,199015,331.63
2026,coming,66,199015,331.63
2026,founder,66,199015,331.63
2026,companies,66,199015,331.63
2026,required,66,199015,331.63
2026,low,66,199015,331.63
2026,seen,65,199015,326.61
2026,raised,65,199015,326.61
2026,religious,65,199015,326.61
2026,bay,65,199015,326.61
2026,democratic,65,199015,326.61
2026,peers,65,199015,326.61
2026,ability,65,199015,326.61
2026,behind,65,199015,326.61
2026,elections,65,199015,326.61
2026,strong,65,199015,326.61
2026,plaza,65,199015,326.61
2026,name,64,199015,321.58
2026,proposed,64,199015,321.58
2026,generation,64,199015,321.58
2026,military,64,199015,321.58
2026,toward,64,199015,321.58
2026,conversations,64,199015,321.58
2026,teaching,64,199015,321.58
2026,importance,64,199015,321.58
2026,ed,64,199015,321.58
2026,significant,64,199015,321.58
2026,position,64,199015,321.58
2026,costs,64,199015,321.58
2026,multiple,64,199015,321.58
2026,organizers,64,199015,321.58
2026,rosen,64,199015,321.58
2026,move,63,199015,316.56
2026,explained,63,199015,316.56
2026,remain,63,199015,316.56
2026,actions,63,199015,316.56
2026,thing,63,199015,316.56
2026,sure,63,199015,316.56
2026,assistant,63,199015,316.56
2026,farm,63,199015,316.56
2026,per,63,199015,316.56
2026,opportunities,63,199015,316.56
2026,heard,63,199015,316.56
2026,message,63,199015,316.56
