article_id,year,corpus,article_type
1093246,2015,opinions,column
1093243,2015,opinions,column
1093297,2015,news,news
1093298,2015,news,news
1093300,2015,news,news
1093310,2015,news,news
1093288,2015,opinions,column
1093287,2015,opinions,column
1093383,2015,news,news
1093285,2015,news,news
1093359,2015,news,news
1093388,2015,news,news
1093397,2015,opinions,editorial
1093465,2015,news,news
1093462,2015,news,news
1093503,2015,news,news
1093467,2015,news,news
1093395,2015,opinions,column
1093394,2015,opinions,column
1093586,2015,opinions,column
1093460,2015,opinions,op-ed
1093396,2015,opinions,column
1093529,2015,news,news
1093469,2015,news,news
1093569,2015,news,news
1093584,2015,news,news
1093581,2015,news,news
1093544,2015,news,news
1093546,2015,opinions,column
1093582,2015,opinions,column
1093578,2015,news,news
1093655,2015,opinions,column
1093646,2015,news,news
1093656,2015,opinions,op-ed
1093654,2015,opinions,column
1093696,2015,opinions,column
1093713,2015,opinions,column
1093587,2015,news,news
1093647,2015,news,news
1093717,2015,opinions,op-ed
1093727,2015,opinions,opinion
1093776,2015,opinions,opinion
1093763,2015,news,news
1093769,2015,news,news
1093774,2015,opinions,column
1093729,2015,news,news
1093712,2015,news,news
1093709,2015,news,news
1093828,2015,news,news
1093792,2015,opinions,column
1093794,2015,news,news
1093843,2015,news,news
1093845,2015,news,news
1093844,2015,news,news
1093891,2015,news,news
1093882,2015,news,news
1093853,2015,news,news
1093849,2015,news,news
1093874,2015,opinions,column
1093859,2015,opinions,column
1093871,2015,opinions,column
1093858,2015,opinions,op-ed
1093966,2015,opinions,column
1093946,2015,opinions,column
1093945,2015,opinions,column
1093940,2015,news,news
1093939,2015,news,news
1093997,2015,news,news
1093996,2015,news,news
1094020,2015,news,news
1094027,2015,news,news
1094016,2015,news,news
1094037,2015,opinions,column
1094042,2015,opinions,column
1094023,2015,news,news
1094101,2015,opinions,column
1094099,2015,opinions,column
1094100,2015,opinions,column
1094127,2015,news,news
1094090,2015,news,news
1094022,2015,news,news
1094150,2015,opinions,column
1094112,2015,news,news
1094182,2015,opinions,column
1094183,2015,opinions,opinion
1094193,2015,opinions,column
1094186,2015,opinions,op-ed
1094196,2015,opinions,column
1094104,2015,news,news
1094107,2015,news,news
1094185,2015,news,news
1094157,2015,news,news
1094247,2015,news,news
1094232,2015,news,news
1094245,2015,news,news
1094255,2015,opinions,column
1094249,2015,opinions,column
1094254,2015,opinions,column
1094251,2015,opinions,op-ed
1094302,2015,news,news
1094246,2015,news,news
1094329,2015,opinions,column
1094326,2015,news,news
1094330,2015,opinions,op-ed
1094320,2015,news,news
1094390,2015,opinions,column
1094391,2015,opinions,opinion
1094379,2015,news,news
1094345,2015,news,news
1094387,2015,opinions,column
1094393,2015,news,news
1094433,2015,news,news
1094435,2015,news,news
1094446,2015,opinions,column
1094449,2015,opinions,opinion
1094447,2015,opinions,editorial
1094445,2015,opinions,column
1094381,2015,news,news
1094544,2015,news,news
1094531,2015,news,news
1094498,2015,news,news
1094523,2015,news,news
1094504,2015,news,news
1094512,2015,news,news
1094521,2015,opinions,opinion
1094528,2015,opinions,column
1094520,2015,opinions,op-ed
1094519,2015,opinions,column
1094346,2015,news,news
1094524,2015,news,news
1094610,2015,news,news
1094575,2015,news,news
1094600,2015,news,news
1094587,2015,news,news
1094580,2015,news,news
1094607,2015,opinions,column
1094606,2015,opinions,column
1094747,2015,opinions,editorial
1094717,2015,opinions,column
1094710,2015,opinions,column
1094715,2015,opinions,column
1094726,2015,news,news
1094725,2015,news,news
1094714,2015,news,news
1094719,2015,news,news
1094708,2015,news,news
1094817,2015,opinions,column
1094815,2015,opinions,column
1094745,2015,news,news
1094809,2015,news,news
1094839,2015,news,news
1094811,2015,news,news
1094884,2015,opinions,column
1094882,2015,opinions,column
1094886,2015,opinions,op-ed
1094883,2015,opinions,column
1094877,2015,news,news
1094963,2015,opinions,column
1094960,2015,opinions,column
1094966,2015,opinions,column
1095010,2015,news,news
1094953,2015,news,news
1094878,2015,news,news
1094954,2015,opinions,column
1094976,2015,opinions,editorial
1095092,2015,opinions,column
1095089,2015,opinions,column
1095070,2015,news,news
1095072,2015,news,news
1095126,2015,news,other
1095087,2015,opinions,op-ed
1095080,2015,news,news
1094593,2015,news,news
1095207,2015,news,news
1095245,2015,opinions,column
1095237,2015,opinions,column
1095247,2015,opinions,op-ed
1095222,2015,news,news
1095235,2015,news,news
1095234,2015,news,news
1095264,2015,news,news
1095243,2015,opinions,column
1095345,2015,opinions,column
1095355,2015,opinions,column
1095357,2015,opinions,op-ed
1095356,2015,opinions,opinion
1095239,2015,news,news
1095316,2015,news,news
1095317,2015,news,news
1095344,2015,news,news
1095411,2015,news,news
1095431,2015,news,news
1095416,2015,opinions,column
1095417,2015,opinions,column
1095421,2015,opinions,column
1095409,2015,news,news
1095440,2015,news,news
1095474,2015,news,news
1095498,2015,news,news
1095480,2015,news,news
1095518,2015,opinions,opinion
1095523,2015,opinions,column
1095482,2015,news,news
1095532,2015,opinions,column
1095506,2015,news,news
1095597,2015,opinions,column
1095608,2015,opinions,column
1095616,2015,opinions,column
1095596,2015,news,news
1095743,2015,news,news
1095736,2015,news,news
1095700,2015,news,news
1095600,2015,news,news
1095599,2015,news,news
1095602,2015,news,news
1095584,2015,news,news
1095730,2015,news,news
1095716,2015,news,news
1095782,2015,news,news
1095707,2015,news,news
1095806,2015,news,news
1095796,2015,opinions,column
1095795,2015,opinions,op-ed
1095794,2015,opinions,column
1095967,2015,news,news
1095922,2015,news,news
1095921,2015,news,news
1095999,2015,news,news
1095919,2015,opinions,column
1095924,2015,opinions,column
1095920,2015,opinions,column
1096026,2015,news,news
1096032,2015,opinions,column
1096018,2015,news,news
1096034,2015,news,news
1096043,2015,opinions,column
1096040,2015,opinions,column
1096036,2015,opinions,op-ed
1096117,2015,opinions,column
1096131,2015,opinions,column
1096188,2015,news,news
1096112,2015,news,news
1096143,2015,news,news
1096206,2015,news,news
1096184,2015,news,news
1096227,2015,news,news
1096273,2015,news,news
1096229,2015,opinions,column
1096230,2015,opinions,op-ed
1096231,2015,opinions,op-ed
1096254,2015,news,news
1096387,2015,news,news
1096333,2015,news,news
1096351,2015,news,news
1096359,2015,news,news
1096352,2015,news,news
1096346,2015,opinions,column
1096396,2015,opinions,column
1096398,2015,opinions,column
1096392,2015,opinions,column
1096353,2015,news,news
1096393,2015,news,news
1096438,2015,opinions,column
1096440,2015,opinions,column
1096462,2015,news,news
1096460,2015,news,news
1096439,2015,opinions,column
1096538,2015,news,news
1096526,2015,news,news
1096529,2015,news,news
1096518,2015,news,news
1096540,2015,opinions,column
1096541,2015,opinions,column
1096542,2015,opinions,op-ed
1096625,2015,news,news
1096617,2015,news,news
1096629,2015,news,news
1096618,2015,news,news
1096600,2015,news,news
1096641,2015,opinions,column
1096590,2015,news,news
1096653,2015,news,news
1096627,2015,opinions,op-ed
1096556,2015,opinions,editorial
1096628,2015,opinions,column
1096614,2015,opinions,op-ed
1096612,2015,opinions,column
1096609,2015,news,news
1096729,2015,news,news
1096815,2015,news,news
1096752,2015,news,news
1096742,2015,news,news
1096731,2015,news,news
1096747,2015,opinions,column
1096754,2015,opinions,column
1096749,2015,opinions,op-ed
1096764,2015,opinions,column
1096734,2015,opinions,op-ed
1096874,2015,opinions,column
1096867,2015,opinions,column
1096872,2015,news,news
1096871,2015,news,news
1096863,2015,news,news
1096862,2015,news,news
1096859,2015,news,news
1096946,2015,news,news
1096934,2015,opinions,column
1096932,2015,opinions,column
1096933,2015,opinions,column
1096942,2015,news,news
1096962,2015,news,news
1096941,2015,news,news
1096947,2015,news,news
1097015,2015,news,news
1097012,2015,news,news
1097011,2015,news,news
1097021,2015,news,news
1097074,2015,news,news
1097038,2015,opinions,editorial
1097016,2015,opinions,column
1097014,2015,opinions,column
1097029,2015,opinions,column
1097001,2015,news,news
1097107,2015,opinions,column
1097109,2015,opinions,opinion
1097106,2015,opinions,column
1097120,2015,news,news
1097121,2015,news,news
1097125,2015,news,news
1097129,2015,news,news
1097335,2015,news,news
1097356,2015,opinions,column
1097358,2015,opinions,opinion
1097360,2015,opinions,column
1097271,2015,news,news
1097266,2015,news,news
1097288,2015,news,news
1097509,2015,opinions,opinion
1097388,2015,opinions,op-ed
1097389,2015,opinions,column
1097366,2015,opinions,column
1097392,2015,news,news
1097348,2015,news,news
1097478,2015,news,news
1097485,2015,news,news
1097331,2015,news,news
1097482,2015,news,news
1097521,2015,news,news
1097600,2015,opinions,op-ed
1097631,2015,opinions,op-ed
1097629,2015,opinions,editorial
1097592,2015,news,news
1097590,2015,news,news
1097596,2015,news,news
1097588,2015,news,news
1097603,2015,news,news
1097623,2015,news,news
1097687,2015,news,news
1097679,2015,news,news
1097678,2015,news,news
1097792,2015,news,news
1097793,2015,news,news
1097812,2015,news,news
1097830,2015,opinions,column
1097833,2015,opinions,column
1097831,2015,opinions,column
1097816,2015,news,news
1097822,2015,news,news
1097836,2015,news,news
1097929,2015,opinions,column
1097919,2015,opinions,column
1097918,2015,opinions,op-ed
1097920,2015,news,news
1097917,2015,news,news
1097971,2015,news,news
1097987,2015,news,news
1098000,2015,news,news
1097989,2015,news,news
1098001,2015,opinions,opinion
1097986,2015,opinions,column
1098003,2015,opinions,opinion
1097985,2015,opinions,column
1098019,2015,news,news
1098133,2015,opinions,opinion
1098151,2015,opinions,column
1098149,2015,opinions,column
1098143,2015,opinions,column
1098128,2015,news,news
1098161,2015,news,news
1098142,2015,news,news
1098178,2015,news,news
1098067,2015,news,news
1098069,2015,news,news
1098046,2015,news,news
1098222,2015,news,news
1098145,2015,news,news
1098229,2015,opinions,column
1098213,2015,opinions,column
1098232,2015,opinions,column
1098212,2015,news,news
1098210,2015,opinions,op-ed
1098219,2015,news,news
1098227,2015,news,news
1098319,2015,news,news
1098312,2015,news,news
1098297,2015,news,news
1098309,2015,opinions,column
1098302,2015,opinions,op-ed
1098303,2015,opinions,column
1098397,2015,news,news
1098388,2015,news,news
1098396,2015,news,news
1098390,2015,news,news
1098387,2015,opinions,column
1098394,2015,opinions,column
1098474,2015,opinions,column
1098503,2015,news,news
1098471,2015,opinions,column
1098475,2015,news,news
1098484,2015,opinions,column
1098574,2015,opinions,column
1098575,2015,opinions,op-ed
1098599,2015,opinions,column
1098579,2015,opinions,column
1098485,2015,opinions,op-ed
1098571,2015,news,news
1098570,2015,news,news
1098504,2015,news,news
1098559,2015,news,news
1098695,2015,news,news
1098690,2015,news,news
1098608,2015,opinions,editorial
1098705,2015,opinions,column
1098709,2015,opinions,column
1098673,2015,news,news
1098720,2015,opinions,editorial
1098701,2015,opinions,op-ed
1098827,2015,opinions,column
1098799,2015,opinions,column
1098889,2015,opinions,op-ed
1098825,2015,news,news
1098826,2015,news,news
1098814,2015,news,news
1098942,2015,opinions,op-ed
1098933,2015,opinions,op-ed
1098918,2015,opinions,column
1098923,2015,opinions,op-ed
1098980,2015,news,news
1098926,2015,news,news
1099004,2015,news,news
1098993,2015,news,news
1098953,2015,news,news
1098945,2015,news,news
1098987,2015,news,news
1098982,2015,news,news
1098929,2015,news,news
1099002,2015,opinions,column
1098992,2015,opinions,column
1098988,2015,opinions,column
1098990,2015,opinions,op-ed
1098999,2015,opinions,column
1099215,2015,news,news
1099165,2015,news,news
1099142,2015,news,news
1099140,2015,opinions,op-ed
1099162,2015,opinions,column
1099139,2015,opinions,op-ed
1099163,2015,opinions,op-ed
1099245,2015,news,news
1099243,2015,news,news
1099236,2015,news,news
1099231,2015,news,news
1099235,2015,news,news
1099234,2015,news,news
1099282,2015,news,news
1099241,2015,news,news
1099250,2015,opinions,op-ed
1099232,2015,opinions,column
1099233,2015,opinions,column
1099253,2015,opinions,column
1099337,2015,news,news
1099368,2015,news,news
1099348,2015,news,news
1099344,2015,news,news
1099347,2015,news,news
1099354,2015,opinions,column
1099355,2015,opinions,op-ed
1099357,2015,opinions,opinion
1099356,2015,opinions,op-ed
1099350,2015,news,news
1099358,2015,news,news
1099441,2015,news,news
1099452,2015,news,news
1099408,2015,news,news
1099451,2015,opinions,column
1099440,2015,opinions,op-ed
1099449,2015,opinions,column
1099240,2015,news,news
1099515,2015,opinions,op-ed
1099526,2015,news,news
1099529,2015,news,news
1099516,2015,news,news
1099522,2015,news,news
1099525,2015,opinions,column
1099524,2015,opinions,column
1099450,2015,opinions,op-ed
1099510,2015,opinions,column
1099639,2015,news,news
1099619,2015,opinions,column
1099616,2015,opinions,op-ed
1099620,2015,opinions,column
1099653,2015,news,news
1099628,2015,news,news
1099682,2015,opinions,column
1099726,2015,news,news
1099733,2015,news,news
1099721,2015,opinions,editorial
1099658,2015,news,news
1099709,2015,news,news
1099681,2015,opinions,op-ed
1099680,2015,opinions,column
1099719,2015,news,news
1099678,2015,news,news
1099816,2015,opinions,column
1099809,2015,news,news
1099818,2015,opinions,column
1099808,2015,news,news
1099814,2015,news,news
1099803,2015,news,news
1099812,2015,news,news
1099817,2015,opinions,column
1100006,2015,opinions,column
1099988,2015,opinions,column
1099984,2015,news,news
1099983,2015,news,news
1099990,2015,news,news
1100045,2015,news,news
1100035,2015,opinions,column
1100056,2015,opinions,op-ed
1100033,2015,opinions,op-ed
1100062,2015,news,news
1100046,2015,opinions,column
1100085,2015,news,news
1100001,2015,news,news
1099982,2015,news,news
1100026,2015,news,news
1100106,2015,news,news
1100127,2015,news,news
1100143,2015,news,news
1100094,2015,news,news
1100117,2015,opinions,op-ed
1100109,2015,opinions,column
1100111,2015,news,news
1100113,2015,news,news
1100186,2015,news,news
1100184,2015,opinions,op-ed
1100219,2015,opinions,column
1100183,2015,opinions,op-ed
1100204,2015,opinions,column
1100180,2015,news,news
1100226,2015,news,news
1100194,2015,news,news
1100214,2015,news,news
1100300,2015,opinions,column
1100285,2015,opinions,column
1100315,2015,news,news
1100314,2015,news,news
1100303,2015,news,news
1100283,2015,news,news
1100391,2015,opinions,column
1100390,2015,opinions,column
1100373,2015,opinions,column
1100399,2015,news,news
1100378,2015,news,news
1100302,2015,news,news
1100376,2015,news,news
1100374,2015,news,news
1100428,2015,news,news
1100446,2015,news,news
1100429,2015,news,news
1100450,2015,news,news
1100437,2015,opinions,column
1100438,2015,opinions,column
1100436,2015,news,news
1100494,2015,opinions,op-ed
1100540,2015,opinions,column
1100516,2015,opinions,column
1100522,2015,news,news
1100527,2015,news,news
1100574,2015,news,news
1100505,2015,news,news
1100506,2015,opinions,column
1100659,2015,news,news
1100590,2015,news,news
1100617,2015,news,news
1100604,2015,opinions,column
1100611,2015,opinions,column
1100608,2015,opinions,op-ed
1100594,2015,news,news
1100598,2015,news,news
1100694,2015,opinions,column
1100672,2015,news,news
1100673,2015,news,news
1100685,2015,news,news
1100691,2015,opinions,column
1100718,2015,news,news
1100692,2015,news,news
1100709,2015,opinions,column
1100684,2015,news,news
1100804,2015,opinions,column
1100792,2015,news,news
1100788,2015,news,news
1100706,2015,news,news
1100801,2015,opinions,column
1100803,2015,news,news
1100841,2015,news,news
1100847,2015,news,news
1100861,2015,news,news
1100836,2015,opinions,column
1100837,2015,opinions,column
1100835,2015,opinions,opinion
1100902,2015,news,news
1100903,2015,opinions,column
1100904,2015,opinions,op-ed
1100899,2015,news,news
1100908,2015,news,news
1100937,2015,news,news
1100906,2015,news,news
1100925,2015,news,news
1100997,2015,opinions,column
1100979,2015,opinions,column
1100983,2015,news,other
1100974,2015,news,news
1100989,2015,news,news
1101047,2015,news,news
1101071,2015,news,news
1101089,2015,news,news
1101075,2015,opinions,column
1101069,2015,news,news
1101139,2015,news,news
1101161,2015,news,news
1101065,2015,news,news
1101141,2015,news,news
1101132,2015,opinions,column
1101133,2015,opinions,column
1101209,2015,opinions,column
1101208,2015,opinions,column
1101207,2015,opinions,column
1101214,2015,news,news
1101215,2015,news,news
1101213,2015,news,news
1101140,2015,news,news
1101292,2015,opinions,op-ed
1101288,2015,opinions,column
1101301,2015,news,news
1101304,2015,news,news
1101218,2015,news,news
1101362,2015,opinions,column
1101319,2015,news,news
1101354,2015,news,news
1101360,2015,opinions,column
1101361,2015,opinions,column
1101388,2015,news,news
1101305,2015,news,news
1101430,2015,news,news
1101433,2015,news,news
1101442,2015,opinions,column
1101445,2015,opinions,column
1101439,2015,news,news
1101448,2015,news,news
1101461,2015,news,news
1101560,2015,news,news
1101508,2015,news,news
1101562,2015,news,news
1101510,2015,opinions,column
1101509,2015,opinions,column
1101513,2015,opinions,column
1101600,2015,news,news
1101601,2015,news,news
1101598,2015,opinions,column
1101597,2015,news,news
1101652,2015,opinions,op-ed
1101735,2015,news,news
1101678,2015,opinions,opinion
1101673,2015,news,news
1101604,2015,news,news
1101677,2015,opinions,column
1101751,2015,news,news
1101699,2015,opinions,column
1101761,2015,news,news
1101757,2015,news,news
1101784,2015,opinions,op-ed
1101781,2015,opinions,column
1101783,2015,opinions,op-ed
1101829,2015,opinions,column
1101830,2015,opinions,op-ed
1101870,2015,opinions,op-ed
1101765,2015,news,news
1101839,2015,news,news
1101855,2015,news,news
1101788,2015,news,news
1101981,2015,news,news
1101988,2015,news,news
1101782,2015,news,news
1101769,2015,news,news
1102017,2015,news,news
1102042,2015,news,news
1102053,2015,opinions,column
1102052,2015,opinions,column
1102072,2015,news,news
1101859,2015,news,news
1102051,2015,opinions,column
1102125,2015,news,news
1102081,2015,opinions,column
1102080,2015,opinions,column
1102050,2015,opinions,editorial
1102138,2015,news,news
1102158,2015,news,news
1102161,2015,opinions,op-ed
1102166,2015,news,news
1102168,2015,news,news
1102204,2015,news,news
1102210,2015,news,news
1102232,2015,news,news
1102211,2015,news,news
1102238,2015,news,news
1102252,2015,news,news
1102279,2015,news,news
1102302,2015,news,news
1102326,2015,news,news
1102373,2015,news,news
1102332,2015,news,news
1102320,2015,news,news
1102365,2015,news,news
1102335,2015,news,news
1102380,2015,news,news
1102387,2015,opinions,op-ed
1102395,2015,news,news
1102399,2015,opinions,column
1102401,2015,news,news
1102428,2015,news,news
1102430,2015,news,news
1102455,2015,news,news
1102466,2015,news,news
1102463,2015,news,news
1102499,2015,news,news
1102473,2015,news,news
1102477,2015,news,news
1102475,2015,news,news
1102468,2015,news,news
1102498,2015,news,news
1102519,2015,news,news
1102517,2015,news,news
1102518,2015,news,news
1102515,2015,news,news
1102513,2015,news,news
1102549,2015,news,news
1102470,2015,news,news
1102559,2015,news,news
1102547,2015,news,news
1102536,2015,news,news
1102525,2015,news,news
1102557,2015,news,news
1102583,2015,opinions,column
1102590,2015,news,news
1102643,2015,news,news
1102632,2015,news,news
1102701,2015,news,news
1102696,2015,news,news
1102698,2015,news,news
1102703,2015,news,news
1102721,2015,news,news
1102853,2015,news,news
1102858,2015,news,news
1102835,2015,news,news
1102801,2015,news,news
1102874,2015,news,news
1102704,2015,news,news
1102880,2015,news,news
1102883,2015,news,news
1103012,2015,news,news
1103134,2015,news,news
1103011,2015,news,news
1103016,2015,news,news
1103132,2015,news,news
1103196,2015,news,news
1103215,2015,news,news
1103224,2015,news,news
1102897,2015,news,news
1103263,2015,news,news
1103235,2015,opinions,column
1103251,2015,opinions,column
1103238,2015,opinions,column
1103233,2015,news,news
1103234,2015,opinions,column
1103297,2015,news,news
1103283,2015,news,news
1103239,2015,news,news
1103216,2015,news,news
1103230,2015,news,news
1103205,2015,news,news
1103395,2015,news,news
1103457,2015,opinions,column
1103456,2015,opinions,column
1103461,2015,news,news
1103465,2015,news,news
1103467,2015,news,news
1103586,2015,news,news
1103550,2015,news,news
1103219,2015,news,news
1103558,2015,news,news
1103668,2015,news,news
1103644,2015,news,news
1103557,2015,opinions,column
1103648,2015,news,news
1103726,2015,opinions,column
1103666,2015,opinions,column
1103634,2015,opinions,column
1103642,2015,opinions,column
1103727,2015,news,news
1103724,2015,news,news
1103722,2015,news,news
1103636,2015,news,news
1103717,2015,opinions,column
1103782,2015,news,news
1103888,2015,news,news
1103819,2015,news,news
1103816,2015,news,news
1103793,2015,news,news
1103791,2015,opinions,column
1103821,2015,opinions,column
1103809,2015,news,news
1103908,2015,news,news
1103904,2015,news,news
1103930,2015,news,news
1103899,2015,news,news
1103894,2015,opinions,column
1103892,2015,opinions,column
1104070,2015,news,news
1103977,2015,news,news
1103951,2015,news,news
1103982,2015,news,news
1104019,2015,news,news
1104018,2015,news,news
1104033,2015,news,news
1103976,2015,opinions,column
1103943,2015,opinions,column
1103964,2015,opinions,column
1104022,2015,opinions,column
1104015,2015,opinions,column
1104088,2015,news,news
1104102,2015,news,news
1104092,2015,opinions,op-ed
1104110,2015,news,news
1104146,2015,opinions,column
1104183,2015,opinions,op-ed
1104206,2015,news,news
1104200,2015,news,news
1104209,2015,news,news
1104162,2015,news,news
1104174,2015,news,news
1104185,2015,news,news
1104298,2015,news,news
1104289,2015,opinions,column
1104296,2015,news,news
1104305,2015,news,news
1104293,2015,opinions,column
1104288,2015,opinions,opinion
1104406,2015,news,news
1104375,2015,news,news
1104389,2015,opinions,column
1104385,2015,news,news
1104383,2015,opinions,column
1104388,2015,news,news
1104374,2015,opinions,op-ed
1104470,2015,news,news
1104417,2015,opinions,column
1104414,2015,opinions,column
1104498,2015,news,news
1104491,2015,news,news
1104508,2015,news,news
1104529,2015,news,news
1104534,2015,news,news
1104538,2015,news,news
1104100,2015,news,news
1104448,2015,news,news
1104455,2015,news,news
1104467,2015,news,news
1104516,2015,news,news
1104496,2015,opinions,column
1104497,2015,opinions,op-ed
1104565,2015,opinions,op-ed
1104602,2015,opinions,opinion
1104596,2015,opinions,editorial
1104568,2015,news,news
1104564,2015,opinions,column
1104593,2015,news,news
1104623,2015,news,news
1104579,2015,opinions,column
1104559,2015,news,news
1104642,2015,news,news
1104648,2015,opinions,column
1104647,2015,opinions,column
1104663,2015,opinions,op-ed
1104649,2015,opinions,op-ed
1104664,2015,news,news
1104673,2015,news,news
1104676,2015,news,news
1104672,2015,news,news
1104813,2015,news,news
1104737,2015,news,news
1104762,2015,opinions,column
1104747,2015,opinions,op-ed
1104786,2015,news,news
1104749,2015,opinions,column
1104763,2015,news,news
1104780,2015,news,news
1104888,2015,news,news
1104802,2015,news,news
1104815,2015,news,news
1104899,2015,opinions,column
1104882,2015,opinions,column
1104807,2015,opinions,op-ed
1104803,2015,opinions,column
1104804,2015,news,news
1104909,2015,news,news
1104889,2015,news,news
1104911,2015,news,news
1105069,2015,news,news
1104946,2015,news,news
1104917,2015,news,news
1105014,2015,opinions,column
1105066,2015,news,news
1105064,2015,news,news
1104973,2015,news,news
1105065,2015,news,news
1105026,2015,opinions,column
1105118,2015,opinions,column
1105119,2015,opinions,op-ed
1105126,2015,opinions,column
1105107,2015,news,news
1105117,2015,opinions,column
1105205,2015,opinions,column
1105202,2015,opinions,column
1105154,2015,news,news
1105120,2015,news,news
1105123,2015,news,news
1105137,2015,news,news
1105140,2015,news,news
1105290,2015,news,news
1105201,2015,news,news
1105253,2015,news,news
1105269,2015,news,news
1105296,2015,news,news
1105281,2015,opinions,column
1105208,2015,news,news
1105248,2015,news,news
1105287,2015,opinions,op-ed
1105282,2015,opinions,column
1105214,2015,news,news
1105297,2015,opinions,column
1105122,2015,news,news
1105307,2015,news,news
1105449,2015,opinions,column
1105423,2015,opinions,op-ed
1105451,2015,news,news
1105454,2015,news,news
1105462,2015,news,news
1105481,2015,news,news
1105459,2015,news,news
1105523,2015,news,news
1105537,2015,news,news
1105536,2015,news,news
1105529,2015,news,other
1105538,2015,opinions,column
1105542,2015,opinions,column
1105525,2015,news,news
1105630,2015,opinions,op-ed
1105646,2015,news,news
1105641,2015,news,news
1105642,2015,news,news
1105633,2015,opinions,column
1105653,2015,news,news
1105638,2015,news,news
1105636,2015,opinions,column
1105629,2015,opinions,column
1105736,2015,opinions,column
1105718,2015,opinions,op-ed
1105726,2015,opinions,op-ed
1105713,2015,opinions,column
1105679,2015,news,news
1105717,2015,news,news
1105703,2015,news,news
1105725,2015,news,news
1105740,2015,news,news
1105749,2015,news,news
1105739,2015,news,news
1105754,2015,news,news
1105821,2015,news,news
1105799,2015,opinions,op-ed
1105803,2015,opinions,column
1105795,2015,opinions,column
1105797,2015,opinions,column
1105792,2015,news,news
1105798,2015,opinions,column
1105825,2015,news,news
1105810,2015,news,news
1105852,2015,news,news
1105871,2015,news,news
1105874,2015,opinions,column
1105876,2015,opinions,column
1105875,2015,opinions,op-ed
1105877,2015,news,news
1105831,2015,news,news
1105908,2015,news,news
1105882,2015,news,news
1105912,2015,news,news
1105921,2015,news,news
1105909,2015,news,news
1105893,2015,news,news
1105959,2015,opinions,column
1105958,2015,opinions,column
1105960,2015,news,news
1105957,2015,opinions,column
1105935,2015,news,news
1105979,2015,news,news
1105961,2015,news,news
1106041,2015,news,news
1106028,2015,news,news
1105982,2015,news,news
1105995,2015,news,news
1105547,2015,news,news
1106060,2015,news,news
1106076,2015,opinions,column
1106065,2015,opinions,column
1106079,2015,opinions,op-ed
1106077,2015,opinions,column
1106153,2015,opinions,column
1106176,2015,opinions,column
1106173,2015,opinions,column
1106200,2015,news,news
1106179,2015,news,news
1106170,2015,news,news
1106087,2015,news,news
1106126,2015,news,news
1106107,2015,news,news
1106099,2015,news,news
1106100,2015,news,news
1106184,2015,news,news
1106224,2015,news,news
1106241,2015,opinions,column
1106239,2015,opinions,column
1106240,2015,opinions,op-ed
1106373,2015,opinions,column
1106340,2015,opinions,column
1106371,2015,opinions,column
1106378,2015,opinions,opinion
1106308,2015,news,news
1106307,2015,news,news
1106258,2015,news,news
1106262,2015,news,news
1106247,2015,news,news
1106260,2015,news,news
1106350,2015,news,news
1106298,2015,news,news
1106387,2015,news,news
1106333,2015,news,news
1106365,2015,news,news
1106379,2015,news,news
1106344,2015,news,news
1106433,2015,opinions,column
1106432,2015,opinions,column
1106498,2015,news,news
1106466,2015,news,news
1106457,2015,news,news
1106450,2015,news,news
1106460,2015,news,news
1106561,2015,opinions,column
1106566,2015,opinions,column
1106540,2015,opinions,column
1106539,2015,opinions,column
1106476,2015,news,news
1106550,2015,news,news
1106569,2015,news,news
1106568,2015,news,news
1106538,2015,opinions,column
1106659,2015,opinions,column
1106630,2015,news,news
1106647,2015,opinions,column
1106678,2015,news,news
1106673,2015,news,news
1106669,2015,news,news
1106668,2015,news,news
1106543,2015,news,news
1106716,2015,opinions,op-ed
1106715,2015,opinions,column
1106714,2015,opinions,column
1106820,2015,opinions,column
1106740,2015,news,news
1106686,2015,news,news
1106725,2015,news,news
1106717,2015,news,news
1106071,2015,news,news
1106743,2015,news,news
1106842,2015,opinions,column
1106819,2015,opinions,column
1106732,2015,news,news
1106824,2015,news,news
1106811,2015,news,news
1106822,2015,news,news
1106858,2015,news,news
1106823,2015,news,news
1106948,2015,news,news
1106947,2015,opinions,column
1106949,2015,opinions,column
1106816,2015,news,news
1106993,2015,news,news
1106924,2015,news,news
1106942,2015,news,news
1106910,2015,news,news
1106976,2015,news,news
1106960,2015,news,news
1106927,2015,news,news
1107064,2015,opinions,column
1107065,2015,opinions,op-ed
1107069,2015,opinions,column
1107063,2015,opinions,column
1107122,2015,news,news
1107087,2015,news,news
1107093,2015,news,news
1107095,2015,news,news
1107130,2015,news,news
1107286,2015,opinions,opinion
1106914,2015,news,news
1107155,2015,news,news
1106940,2015,news,news
1107283,2015,opinions,op-ed
1107062,2015,news,news
1107341,2015,opinions,column
1107312,2015,news,news
1107284,2015,news,news
1107296,2015,news,news
1107268,2015,news,news
1107368,2015,opinions,column
1107352,2015,news,news
1107356,2015,news,news
1107408,2015,news,news
1107340,2015,news,news
1107465,2015,news,news
1107387,2015,opinions,op-ed
1107443,2015,opinions,column
1107442,2015,opinions,column
1107478,2015,opinions,opinion
1107434,2015,opinions,column
1107413,2015,news,news
1107470,2015,news,news
1107506,2015,news,news
1107456,2015,news,news
1107451,2015,news,news
1107694,2015,opinions,opinion
1107692,2015,opinions,column
1107697,2015,opinions,column
1107439,2015,news,news
1107690,2015,opinions,column
1107723,2015,opinions,op-ed
1107698,2015,news,news
1107652,2015,news,news
1107758,2015,news,news
1107704,2015,news,news
1107676,2015,news,news
1107672,2015,news,news
1107797,2015,news,news
1107961,2015,news,news
1107266,2015,news,news
1108014,2015,news,news
1108012,2015,news,news
1107681,2015,news,news
1108049,2015,news,news
1107701,2015,news,news
1108081,2015,news,news
1108101,2015,news,news
1108166,2015,opinions,column
1108209,2015,opinions,opinion
1108211,2015,opinions,column
1108197,2015,opinions,column
1108210,2015,opinions,column
1108196,2015,opinions,column
1108200,2015,opinions,column
1108284,2015,opinions,column
1108285,2015,opinions,opinion
1108249,2015,news,news
1108323,2015,news,news
1108381,2015,news,news
1108204,2015,news,news
1108182,2015,news,news
1108202,2015,news,news
1108201,2015,news,news
1108253,2015,news,news
1108214,2015,news,news
1108473,2015,news,news
1108493,2015,news,news
1108288,2015,news,news
1108564,2015,news,news
1108585,2015,news,news
1109447,2016,opinions,column
1108739,2016,news,news
1108808,2016,opinions,column
1108811,2016,opinions,column
1108810,2016,opinions,column
1108738,2016,news,news
1108735,2016,news,news
1108829,2016,news,other
1108737,2016,news,news
1108824,2016,opinions,column
1108828,2016,opinions,op-ed
1108742,2016,news,news
1108912,2016,opinions,column
1108939,2016,news,news
1108946,2016,news,news
1108947,2016,news,news
1108862,2016,news,news
1108842,2016,news,news
1108921,2016,news,news
1108906,2016,news,news
1108970,2016,opinions,column
1108994,2016,news,news
1108997,2016,news,news
1109010,2016,news,news
1108999,2016,news,news
1109033,2016,opinions,op-ed
1109032,2016,opinions,op-ed
1109043,2016,news,news
1109051,2016,news,news
1108726,2016,news,news
1109005,2016,news,news
1109130,2016,news,news
1109126,2016,opinions,column
1109124,2016,opinions,column
1109137,2016,news,news
1109139,2016,news,news
1109125,2016,opinions,op-ed
1109173,2016,news,news
1109172,2016,news,news
1109212,2016,opinions,column
1109200,2016,news,news
1109213,2016,opinions,column
1109192,2016,news,news
1109252,2016,news,news
1109222,2016,news,news
1109221,2016,news,news
1109269,2016,news,news
1109318,2016,news,news
1109329,2016,news,news
1109296,2016,news,news
1109325,2016,opinions,column
1109286,2016,opinions,column
1109331,2016,news,news
1109324,2016,news,news
1109347,2016,news,news
1109370,2016,opinions,column
1109389,2016,news,news
1109323,2016,news,news
1109478,2016,news,news
1109482,2016,news,news
1109475,2016,news,news
1109487,2016,news,news
1109446,2016,news,news
1109454,2016,opinions,column
1109526,2016,opinions,opinion
1109538,2016,news,news
1109543,2016,news,other
1109533,2016,news,news
1109559,2016,news,news
1109547,2016,news,news
1109588,2016,opinions,op-ed
1109369,2016,opinions,column
1109582,2016,news,news
1109521,2016,opinions,opinion
1109619,2016,news,news
1109612,2016,news,news
1109599,2016,news,news
1109609,2016,news,news
1109644,2016,opinions,column
1109646,2016,opinions,column
1109645,2016,opinions,column
1109678,2016,news,news
1109677,2016,news,news
1109687,2016,news,news
1109675,2016,news,news
1109724,2016,opinions,column
1109728,2016,opinions,op-ed
1109785,2016,opinions,column
1109787,2016,news,news
1109743,2016,news,news
1109744,2016,news,news
1109742,2016,news,news
1109738,2016,news,news
1109793,2016,news,news
1109813,2016,news,news
1109784,2016,opinions,column
1109814,2016,news,news
1109802,2016,opinions,column
1109842,2016,opinions,column
1109851,2016,news,news
1109849,2016,news,news
1109895,2016,opinions,column
1109850,2016,news,news
1109915,2016,news,news
1109946,2016,news,news
1109912,2016,news,news
1109919,2016,news,news
1109987,2016,news,news
1109969,2016,news,news
1109963,2016,news,news
1109994,2016,news,news
1110058,2016,news,news
1110061,2016,news,news
1110067,2016,news,news
1110057,2016,news,news
1110050,2016,opinions,column
1110080,2016,news,news
1110124,2016,opinions,opinion
1110044,2016,opinions,column
1110110,2016,opinions,op-ed
1110154,2016,opinions,column
1110103,2016,opinions,column
1110147,2016,news,news
1110158,2016,opinions,column
1110132,2016,news,news
1110115,2016,news,news
1110153,2016,opinions,column
1110252,2016,opinions,column
1110220,2016,opinions,op-ed
1110219,2016,opinions,column
1110206,2016,news,news
1110193,2016,news,news
1110157,2016,news,news
1110266,2016,opinions,column
1110302,2016,opinions,column
1110267,2016,news,news
1110275,2016,news,news
1110268,2016,news,news
1110227,2016,news,news
1110314,2016,news,news
1110294,2016,news,news
1110351,2016,news,news
1110336,2016,news,news
1110383,2016,opinions,op-ed
1110382,2016,opinions,column
1110404,2016,news,news
1110394,2016,news,news
1110402,2016,news,news
1110428,2016,news,news
1110381,2016,opinions,column
1110392,2016,news,news
1110395,2016,opinions,column
1110459,2016,news,news
1110453,2016,opinions,column
1110445,2016,opinions,column
1110479,2016,news,news
1110461,2016,news,news
1110465,2016,news,news
1110442,2016,opinions,opinion
1110544,2016,opinions,column
1110543,2016,opinions,column
1110605,2016,news,news
1110556,2016,news,news
1110583,2016,news,news
1110542,2016,news,news
1110577,2016,news,news
1110621,2016,opinions,op-ed
1110620,2016,opinions,column
1110609,2016,news,news
1110673,2016,opinions,op-ed
1110672,2016,opinions,column
1110671,2016,opinions,column
1110622,2016,news,news
1110635,2016,news,news
1110656,2016,news,news
1110737,2016,news,news
1110692,2016,news,news
1110720,2016,news,news
1110740,2016,news,news
1110677,2016,news,news
1110802,2016,news,news
1110722,2016,news,news
1110812,2016,news,news
1110736,2016,news,news
1110825,2016,opinions,column
1110819,2016,opinions,column
1110809,2016,opinions,op-ed
1110807,2016,opinions,column
1110845,2016,news,news
1110886,2016,news,news
1110950,2016,news,news
1110835,2016,news,news
1110984,2016,news,news
1110905,2016,news,news
1110908,2016,news,news
1110960,2016,opinions,column
1110959,2016,opinions,column
1111036,2016,news,news
1111076,2016,news,news
1111073,2016,news,news
1111041,2016,news,news
1111062,2016,news,news
1111038,2016,news,news
1110976,2016,news,news
1110957,2016,news,news
1110977,2016,news,news
1110971,2016,news,news
1110958,2016,news,news
1111070,2016,news,news
1111122,2016,opinions,column
1111123,2016,opinions,opinion
1111071,2016,news,news
1111119,2016,opinions,column
1111150,2016,news,news
1111120,2016,opinions,column
1111050,2016,news,news
1110949,2016,news,news
1111142,2016,news,news
1111175,2016,news,news
1111134,2016,news,news
1111242,2016,opinions,column
1111239,2016,opinions,column
1111241,2016,opinions,op-ed
1111240,2016,opinions,column
1111293,2016,opinions,op-ed
1111299,2016,opinions,column
1111254,2016,news,news
1111266,2016,news,news
1111243,2016,news,news
1111245,2016,news,news
1111258,2016,news,news
1111307,2016,news,news
1111381,2016,news,news
1111315,2016,news,news
1111320,2016,news,news
1111379,2016,opinions,op-ed
1111321,2016,news,news
1111300,2016,news,news
1111380,2016,opinions,op-ed
1111316,2016,news,news
1111475,2016,news,news
1111449,2016,news,news
1111515,2016,opinions,column
1111382,2016,news,news
1111493,2016,opinions,op-ed
1111494,2016,opinions,op-ed
1111387,2016,news,news
1111496,2016,news,news
1111487,2016,news,news
1111536,2016,news,news
1111521,2016,news,news
1111532,2016,news,news
1111460,2016,news,news
1111484,2016,news,news
1111568,2016,opinions,column
1111569,2016,opinions,op-ed
1111591,2016,opinions,opinion
1111567,2016,opinions,op-ed
1111566,2016,opinions,column
1111562,2016,news,news
1111576,2016,news,news
1111622,2016,news,news
1111594,2016,news,news
1111661,2016,news,news
1111722,2016,opinions,op-ed
1111741,2016,opinions,opinion
1111723,2016,opinions,column
1111777,2016,news,news
1111729,2016,opinions,column
1111718,2016,news,news
1111753,2016,news,news
1111720,2016,news,news
1111717,2016,news,news
1111731,2016,news,news
1111724,2016,opinions,op-ed
1111809,2016,opinions,column
1111811,2016,opinions,op-ed
1111806,2016,opinions,op-ed
1111834,2016,opinions,op-ed
1111826,2016,news,news
1111823,2016,news,news
1111875,2016,news,news
1111852,2016,news,news
1111877,2016,news,news
1111907,2016,opinions,op-ed
1111909,2016,opinions,op-ed
1111903,2016,opinions,opinion
1111985,2016,opinions,column
1112001,2016,opinions,op-ed
1111986,2016,opinions,op-ed
1112017,2016,news,news
1111997,2016,opinions,column
1111896,2016,news,news
1111908,2016,news,news
1111945,2016,news,news
1111974,2016,news,news
1112013,2016,news,news
1112019,2016,news,news
1112014,2016,news,news
1112040,2016,news,news
1111988,2016,news,news
1112064,2016,opinions,opinion
1112066,2016,opinions,column
1112129,2016,opinions,op-ed
1112063,2016,opinions,column
1112123,2016,news,news
1112131,2016,news,news
1112068,2016,news,news
1112074,2016,news,news
1112149,2016,news,news
1112084,2016,news,news
1112079,2016,news,news
1112069,2016,news,news
1112097,2016,news,news
1112173,2016,opinions,column
1112175,2016,opinions,column
1112178,2016,opinions,op-ed
1112396,2016,opinions,op-ed
1112179,2016,opinions,column
1112304,2016,opinions,op-ed
1112271,2016,news,news
1112317,2016,news,news
1112172,2016,news,news
1112197,2016,news,news
1112170,2016,news,news
1112267,2016,news,news
1112283,2016,news,news
1112171,2016,news,news
1112363,2016,news,news
1112393,2016,news,news
1112190,2016,news,news
1112124,2016,news,news
1112177,2016,opinions,column
1112406,2016,news,news
1112412,2016,news,news
1112425,2016,news,news
1112432,2016,news,news
1112456,2016,news,news
1112455,2016,opinions,op-ed
1112451,2016,opinions,op-ed
1112470,2016,opinions,column
1112469,2016,opinions,op-ed
1112484,2016,news,news
1112480,2016,news,news
1112475,2016,opinions,op-ed
1112476,2016,opinions,opinion
1112498,2016,opinions,op-ed
1112497,2016,opinions,op-ed
1112501,2016,news,news
1112529,2016,opinions,column
1112531,2016,opinions,opinion
1112546,2016,news,news
1112590,2016,news,news
1112599,2016,news,news
1112656,2016,opinions,op-ed
1112592,2016,news,news
1112593,2016,news,news
1112600,2016,news,news
1112733,2016,opinions,op-ed
1112728,2016,opinions,column
1112686,2016,news,news
1112648,2016,news,news
1112662,2016,news,news
1112650,2016,news,news
1112655,2016,news,news
1112720,2016,news,news
1112752,2016,news,news
1112724,2016,news,news
1112745,2016,news,news
1112748,2016,news,news
1112736,2016,news,news
1112811,2016,news,news
1112791,2016,news,news
1112896,2016,news,news
1112803,2016,news,news
1112849,2016,news,news
1112804,2016,news,news
1112798,2016,news,news
1112802,2016,news,news
1112825,2016,news,news
1112797,2016,news,news
1112805,2016,news,news
1112833,2016,news,news
1112799,2016,news,news
1112912,2016,opinions,op-ed
1112898,2016,opinions,column
1112908,2016,opinions,opinion
1112910,2016,opinions,opinion
1113051,2016,news,news
1113027,2016,opinions,op-ed
1112918,2016,news,news
1112960,2016,news,news
1112921,2016,news,news
1113029,2016,opinions,column
1113115,2016,news,news
1113114,2016,news,news
1113038,2016,news,news
1113022,2016,news,news
1113002,2016,news,news
1113033,2016,news,news
1112790,2016,opinions,op-ed
1113088,2016,opinions,column
1113089,2016,opinions,column
1113101,2016,opinions,op-ed
1113205,2016,opinions,opinion
1113132,2016,news,news
1113146,2016,news,news
1113124,2016,news,news
1113216,2016,news,news
1113204,2016,opinions,opinion
1113238,2016,news,news
1113234,2016,news,news
1113242,2016,news,news
1113198,2016,news,news
1113226,2016,news,news
1113315,2016,news,news
1113202,2016,opinions,column
1113270,2016,opinions,column
1113278,2016,opinions,op-ed
1113273,2016,opinions,op-ed
1113290,2016,opinions,op-ed
1113326,2016,opinions,op-ed
1113201,2016,opinions,column
1113386,2016,opinions,op-ed
1113341,2016,news,news
1113321,2016,news,news
1113305,2016,news,news
1113344,2016,news,news
1113345,2016,news,news
1113413,2016,opinions,column
1113203,2016,opinions,op-ed
1113402,2016,opinions,column
1113412,2016,news,news
1113483,2016,opinions,column
1113460,2016,opinions,column
1113485,2016,opinions,column
1113463,2016,opinions,op-ed
1113395,2016,news,news
1113337,2016,news,news
1113441,2016,news,news
1113334,2016,news,news
1113451,2016,news,news
1113419,2016,news,news
1113443,2016,news,news
1113476,2016,news,news
1113501,2016,opinions,column
1113499,2016,opinions,column
1113512,2016,news,news
1113447,2016,news,news
1113495,2016,opinions,op-ed
1113578,2016,opinions,opinion
1113530,2016,news,news
1113542,2016,news,news
1113533,2016,news,news
1113567,2016,news,news
1113579,2016,opinions,op-ed
1113623,2016,opinions,op-ed
1113640,2016,opinions,column
1113583,2016,news,news
1113589,2016,news,news
1113573,2016,news,news
1113631,2016,news,news
1113647,2016,news,news
1113656,2016,news,news
1113635,2016,news,news
1113633,2016,news,news
1113653,2016,news,news
1113723,2016,news,news
1113703,2016,opinions,column
1113725,2016,opinions,column
1113721,2016,opinions,column
1113740,2016,news,news
1113737,2016,news,news
1113761,2016,news,news
1113728,2016,news,news
1113795,2016,opinions,op-ed
1113790,2016,news,news
1113793,2016,opinions,op-ed
1113867,2016,opinions,opinion
1113872,2016,opinions,column
1113808,2016,news,news
1113804,2016,news,news
1113825,2016,news,news
1113868,2016,news,news
1113958,2016,news,news
1113895,2016,news,news
1113911,2016,news,news
1113863,2016,news,news
1113889,2016,news,news
1113953,2016,opinions,column
1113948,2016,opinions,column
1113957,2016,news,news
1113942,2016,news,news
1113938,2016,news,news
1113950,2016,opinions,op-ed
1113903,2016,news,news
1113972,2016,news,news
1113951,2016,news,news
1113995,2016,opinions,op-ed
1113996,2016,opinions,column
1114008,2016,opinions,column
1114010,2016,opinions,column
1114017,2016,opinions,column
1114021,2016,news,news
1114002,2016,news,news
1114005,2016,news,news
1114015,2016,news,news
1113992,2016,news,news
1114026,2016,opinions,op-ed
1114109,2016,news,news
1114085,2016,opinions,op-ed
1114079,2016,opinions,column
1114101,2016,news,news
1114100,2016,news,news
1114087,2016,news,news
1114141,2016,news,news
1114162,2016,news,news
1114089,2016,news,news
1114081,2016,news,news
1114143,2016,opinions,opinion
1114144,2016,opinions,column
1114149,2016,opinions,op-ed
1114173,2016,news,news
1114135,2016,news,news
1114138,2016,news,news
1114230,2016,opinions,opinion
1114221,2016,opinions,column
1114219,2016,opinions,column
1114283,2016,opinions,opinion
1114227,2016,news,news
1114258,2016,news,news
1114249,2016,news,news
1114264,2016,news,news
1114214,2016,news,news
1114298,2016,opinions,op-ed
1114292,2016,news,news
1114314,2016,news,news
1114401,2016,news,news
1114395,2016,news,news
1114364,2016,news,news
1114310,2016,news,news
1114311,2016,news,news
1114357,2016,opinions,column
1114375,2016,opinions,column
1114374,2016,opinions,column
1114354,2016,opinions,column
1114316,2016,news,news
1114481,2016,news,news
1114514,2016,opinions,column
1114521,2016,opinions,column
1114537,2016,opinions,op-ed
1114513,2016,news,news
1114518,2016,news,news
1114524,2016,news,news
1114509,2016,news,news
1114573,2016,opinions,op-ed
1114571,2016,opinions,column
1114526,2016,news,news
1114565,2016,news,news
1114586,2016,news,news
1114596,2016,news,news
1114585,2016,news,news
1114602,2016,news,news
1114583,2016,news,news
1114619,2016,opinions,column
1114620,2016,opinions,column
1114625,2016,news,news
1114629,2016,news,news
1114618,2016,news,news
1114615,2016,news,news
1114670,2016,opinions,column
1114682,2016,opinions,column
1114687,2016,news,news
1114684,2016,news,news
1114679,2016,news,news
1114671,2016,news,news
1114697,2016,news,news
1114709,2016,opinions,column
1114732,2016,news,news
1114726,2016,news,news
1114744,2016,news,news
1114793,2016,news,news
1114799,2016,news,news
1114775,2016,opinions,column
1114782,2016,opinions,opinion
1114774,2016,opinions,column
1114789,2016,news,news
1114853,2016,opinions,column
1114857,2016,opinions,op-ed
1114871,2016,opinions,column
1114874,2016,opinions,op-ed
1114868,2016,opinions,op-ed
1114822,2016,news,news
1114895,2016,news,news
1114923,2016,news,news
1114870,2016,news,news
1114893,2016,news,news
1114833,2016,news,news
1114982,2016,news,news
1114983,2016,opinions,column
1114974,2016,opinions,op-ed
1114963,2016,opinions,op-ed
1114962,2016,news,news
1115029,2016,opinions,op-ed
1115028,2016,opinions,column
1114972,2016,news,news
1115039,2016,opinions,column
1114987,2016,news,news
1115025,2016,opinions,column
1114966,2016,news,news
1115007,2016,news,news
1115026,2016,news,news
1115061,2016,news,news
1115047,2016,news,news
1115072,2016,news,news
1115048,2016,news,news
1115117,2016,news,news
1115116,2016,opinions,op-ed
1115115,2016,opinions,column
1115125,2016,news,news
1115121,2016,opinions,column
1115129,2016,news,news
1115169,2016,opinions,op-ed
1115132,2016,news,news
1115167,2016,opinions,op-ed
1115193,2016,news,news
1115180,2016,news,news
1115302,2016,news,news
1115251,2016,news,news
1115247,2016,opinions,op-ed
1115228,2016,news,news
1115161,2016,news,news
1115313,2016,news,news
1115353,2016,opinions,column
1115352,2016,opinions,column
1115382,2016,opinions,op-ed
1115351,2016,opinions,column
1115474,2016,opinions,column
1115459,2016,news,news
1115373,2016,news,news
1115369,2016,news,news
1115379,2016,news,news
1115454,2016,news,news
1115364,2016,news,news
1115381,2016,news,news
1115331,2016,news,news
1115350,2016,news,news
1115460,2016,news,news
1115471,2016,news,news
1115532,2016,news,news
1115535,2016,opinions,column
1115536,2016,opinions,column
1115616,2016,opinions,op-ed
1115579,2016,news,news
1115596,2016,news,news
1115553,2016,news,news
1115534,2016,news,news
1115590,2016,opinions,column
1115645,2016,news,news
1115641,2016,news,news
1115649,2016,news,news
1115627,2016,news,news
1115589,2016,news,news
1115676,2016,news,news
1115588,2016,news,news
1115643,2016,opinions,column
1115719,2016,news,news
1115633,2016,news,news
1115723,2016,opinions,op-ed
1115721,2016,opinions,column
1115734,2016,news,news
1115728,2016,news,news
1115743,2016,news,news
1115724,2016,news,news
1115712,2016,news,news
1115770,2016,opinions,op-ed
1115765,2016,opinions,op-ed
1115787,2016,opinions,column
1115811,2016,news,news
1115781,2016,news,news
1115808,2016,news,news
1115933,2016,opinions,column
1115955,2016,opinions,op-ed
1115914,2016,opinions,op-ed
1115927,2016,opinions,opinion
1115916,2016,opinions,column
1115929,2016,opinions,column
1115915,2016,opinions,op-ed
1115930,2016,opinions,op-ed
1115926,2016,opinions,column
1115945,2016,news,news
1115928,2016,news,news
1115898,2016,news,news
1115892,2016,news,news
1115812,2016,news,news
1115913,2016,news,news
1115897,2016,news,news
1115904,2016,news,news
1115958,2016,news,news
1115968,2016,news,news
1115879,2016,news,news
1115881,2016,news,news
1115971,2016,news,news
1115931,2016,news,news
1116031,2016,news,news
1116039,2016,news,news
1116055,2016,news,news
1116063,2016,opinions,op-ed
1116086,2016,news,news
1116073,2016,news,news
1116092,2016,opinions,column
1116110,2016,opinions,column
1116099,2016,opinions,column
1116081,2016,opinions,column
1116077,2016,opinions,op-ed
1116082,2016,opinions,column
1116102,2016,opinions,column
1116083,2016,opinions,column
1116111,2016,opinions,column
1116084,2016,opinions,column
1116128,2016,news,news
1116115,2016,opinions,op-ed
1116124,2016,news,news
1116152,2016,news,news
1116167,2016,news,news
1116170,2016,news,news
1116127,2016,opinions,op-ed
1116189,2016,news,news
1116179,2016,opinions,op-ed
1116208,2016,news,news
1116214,2016,news,news
1116220,2016,news,news
1116221,2016,news,news
1116212,2016,news,news
1116233,2016,news,news
1116258,2016,news,news
1116262,2016,news,news
1116267,2016,news,news
1116240,2016,news,news
1116263,2016,news,news
1116256,2016,news,news
1116352,2016,news,news
1116369,2016,news,news
1116388,2016,news,news
1116393,2016,news,news
1116412,2016,news,news
1116435,2016,news,news
1116462,2016,news,news
1116463,2016,news,news
1116467,2016,news,news
1116440,2016,news,news
1116479,2016,news,news
1116496,2016,news,news
1116508,2016,news,news
1116510,2016,news,news
1116509,2016,news,news
1116514,2016,news,news
1116515,2016,news,news
1116522,2016,news,news
1116549,2016,news,news
1116520,2016,news,news
1116526,2016,news,news
1116579,2016,news,news
1116527,2016,news,news
1116570,2016,opinions,column
1116578,2016,news,news
1116542,2016,news,news
1116575,2016,news,news
1116622,2016,news,news
1116634,2016,opinions,opinion
1116637,2016,news,news
1116642,2016,news,news
1116656,2016,news,news
1116664,2016,news,news
1116674,2016,news,news
1116695,2016,news,news
1116670,2016,news,news
1116702,2016,news,news
1116740,2016,news,news
1116780,2016,news,news
1116767,2016,news,news
1116792,2016,news,news
1116770,2016,news,news
1116825,2016,opinions,editorial
1116803,2016,news,news
1116820,2016,news,news
1116847,2016,opinions,op-ed
1116813,2016,news,news
1116876,2016,news,news
1116912,2016,news,news
1116921,2016,news,news
1116916,2016,news,news
1116964,2016,news,news
1116988,2016,opinions,column
1116991,2016,opinions,column
1116987,2016,opinions,column
1116999,2016,news,news
1117048,2016,opinions,editorial
1117053,2016,news,news
1117098,2016,news,news
1117120,2016,news,news
1117116,2016,news,news
1117119,2016,news,news
1117188,2016,news,news
1117201,2016,news,news
1117200,2016,opinions,op-ed
1117213,2016,opinions,op-ed
1117257,2016,news,news
1117272,2016,news,news
1117220,2016,news,news
1117218,2016,news,news
1117268,2016,news,news
1117309,2016,news,news
1117294,2016,opinions,op-ed
1117255,2016,opinions,op-ed
1117280,2016,news,news
1117302,2016,opinions,op-ed
1117333,2016,news,news
1117298,2016,news,news
1117303,2016,news,news
1117367,2016,opinions,column
1117209,2016,news,news
1117443,2016,news,news
1117407,2016,news,news
1117349,2016,news,news
1117352,2016,news,news
1117385,2016,news,news
1117353,2016,news,news
1117374,2016,news,news
1117405,2016,opinions,op-ed
1117406,2016,opinions,opinion
1117426,2016,news,news
1117423,2016,news,news
1117467,2016,news,news
1116996,2016,news,news
1117545,2016,news,news
1117555,2016,news,news
1117551,2016,news,news
1117558,2016,news,news
1117489,2016,news,news
1117488,2016,news,news
1117512,2016,news,news
1117483,2016,news,news
1117490,2016,opinions,column
1117485,2016,news,news
1117543,2016,opinions,column
1117651,2016,news,news
1117615,2016,news,news
1117599,2016,news,news
1117621,2016,news,news
1117590,2016,news,news
1117589,2016,news,news
1117670,2016,news,news
1117654,2016,news,news
1117665,2016,news,news
1117633,2016,news,news
1117598,2016,opinions,column
1117707,2016,news,news
1117663,2016,opinions,column
1117701,2016,news,news
1117692,2016,opinions,column
1117719,2016,news,news
1117747,2016,news,news
1117824,2016,news,news
1117846,2016,news,news
1117845,2016,news,news
1117831,2016,news,news
1117814,2016,news,news
1117790,2016,news,news
1117794,2016,news,news
1117764,2016,opinions,opinion
1117788,2016,opinions,column
1117763,2016,opinions,op-ed
1117758,2016,news,news
1117838,2016,opinions,op-ed
1117938,2016,news,news
1117871,2016,opinions,op-ed
1117867,2016,news,news
1117886,2016,news,news
1117893,2016,news,news
1117897,2016,news,news
1117942,2016,news,news
1117913,2016,news,news
1117910,2016,opinions,column
1117915,2016,opinions,column
1117937,2016,news,news
1117987,2016,news,news
1118007,2016,news,news
1118008,2016,news,news
1117962,2016,opinions,op-ed
1117964,2016,opinions,op-ed
1118012,2016,news,news
1117989,2016,news,news
1118091,2016,news,news
1118057,2016,news,news
1118059,2016,news,news
1118062,2016,opinions,column
1118063,2016,opinions,column
1118160,2016,news,news
1118129,2016,news,news
1118133,2016,news,news
1118227,2016,news,news
1118093,2016,news,news
1118135,2016,opinions,op-ed
1118193,2016,news,news
1118182,2016,news,news
1118195,2016,news,news
1118208,2016,opinions,op-ed
1118251,2016,news,news
1118265,2016,news,news
1118281,2016,news,news
1118286,2016,news,news
1118298,2016,news,news
1118277,2016,opinions,column
1118259,2016,opinions,column
1118268,2016,news,news
1118323,2016,opinions,op-ed
1118363,2016,opinions,column
1118382,2016,news,news
1118324,2016,news,news
1118331,2016,news,news
1118292,2016,news,news
1118365,2016,opinions,column
1118329,2016,news,news
1118437,2016,news,news
1118435,2016,opinions,column
1118431,2016,news,news
1118426,2016,news,news
1118432,2016,news,news
1118439,2016,news,news
1118515,2016,news,news
1118543,2016,news,news
1118438,2016,opinions,column
1118468,2016,opinions,op-ed
1118467,2016,opinions,column
1118459,2016,opinions,column
1118520,2016,opinions,column
1118522,2016,opinions,column
1118523,2016,opinions,op-ed
1118521,2016,opinions,column
1118524,2016,news,news
1118445,2016,news,news
1118442,2016,news,news
1118605,2016,opinions,column
1118623,2016,opinions,column
1118607,2016,opinions,op-ed
1118602,2016,news,news
1118606,2016,opinions,column
1118630,2016,news,news
1118611,2016,news,news
1118596,2016,news,news
1118651,2016,news,news
1118784,2016,opinions,opinion
1118689,2016,opinions,column
1118698,2016,opinions,column
1118692,2016,opinions,column
1118673,2016,opinions,opinion
1118778,2016,opinions,column
1118783,2016,opinions,opinion
1118694,2016,news,news
1118735,2016,news,news
1118713,2016,news,news
1118687,2016,news,news
1118696,2016,news,news
1118664,2016,news,news
1118834,2016,news,news
1118767,2016,news,news
1118789,2016,news,news
1118792,2016,news,news
1118889,2016,news,news
1118897,2016,news,news
1118896,2016,news,news
1118895,2016,news,news
1118924,2016,news,news
1118996,2016,news,news
1119025,2016,news,news
1118894,2016,opinions,column
1118933,2016,opinions,column
1118938,2016,opinions,column
1119033,2016,news,news
1118990,2016,opinions,column
1118992,2016,opinions,column
1118989,2016,opinions,editorial
1119072,2016,news,news
1119112,2016,opinions,opinion
1119058,2016,opinions,column
1119056,2016,opinions,op-ed
1119061,2016,opinions,column
1119099,2016,news,news
1119074,2016,news,news
1119073,2016,news,news
1119150,2016,news,news
1119071,2016,news,news
1119122,2016,news,news
1119129,2016,news,news
1119219,2016,news,news
1119118,2016,opinions,column
1119136,2016,opinions,column
1119159,2016,news,news
1118041,2016,opinions,column
1119218,2016,news,news
1119215,2016,news,news
1119221,2016,news,news
1119206,2016,news,news
1119205,2016,opinions,column
1119233,2016,opinions,column
1118045,2016,opinions,column
1119357,2016,news,news
1119324,2016,news,news
1119346,2016,opinions,opinion
1119329,2016,news,news
1119327,2016,opinions,column
1119344,2016,opinions,opinion
1119322,2016,news,news
1119372,2016,news,news
1119347,2016,news,news
1119349,2016,news,news
1119460,2016,news,news
1119435,2016,opinions,op-ed
1119448,2016,opinions,column
1119432,2016,opinions,column
1119425,2016,opinions,op-ed
1119428,2016,opinions,column
1119429,2016,opinions,column
1119466,2016,news,news
1119474,2016,news,news
1119444,2016,news,news
1119557,2016,news,news
1119507,2016,news,news
1119510,2016,opinions,column
1119537,2016,opinions,column
1119509,2016,opinions,column
1119556,2016,opinions,editorial
1119561,2016,news,news
1119574,2016,opinions,column
1119566,2016,opinions,editorial
1119640,2016,news,news
1119583,2016,news,news
1119532,2016,news,news
1119525,2016,news,news
1119589,2016,opinions,op-ed
1119588,2016,opinions,opinion
1119527,2016,news,news
1119591,2016,opinions,column
1119590,2016,opinions,column
1119759,2016,opinions,op-ed
1119719,2016,opinions,column
1119666,2016,news,news
1119675,2016,news,news
1119668,2016,news,news
1119722,2016,news,news
1119726,2016,news,news
1119743,2016,news,news
1119723,2016,opinions,column
1119716,2016,opinions,column
1119725,2016,news,news
1119746,2016,news,news
1119780,2016,news,news
1119805,2016,news,news
1119779,2016,news,news
1119807,2016,news,news
1119818,2016,opinions,column
1119898,2016,news,news
1119825,2016,opinions,column
1119822,2016,opinions,column
1119919,2016,news,news
1119820,2016,opinions,column
1119884,2016,news,news
1119885,2016,opinions,column
1119871,2016,opinions,op-ed
1119895,2016,opinions,op-ed
1119874,2016,opinions,op-ed
1119897,2016,opinions,op-ed
1119889,2016,opinions,op-ed
1119893,2016,opinions,op-ed
1119917,2016,news,news
1120022,2016,opinions,column
1119993,2016,news,news
1119996,2016,news,news
1120068,2016,news,news
1120035,2016,news,news
1119992,2016,news,news
1119978,2016,opinions,column
1119987,2016,opinions,column
1119976,2016,news,news
1119990,2016,news,news
1120186,2016,news,news
1120182,2016,news,news
1120134,2016,news,news
1120164,2016,news,news
1120165,2016,news,news
1120180,2016,news,news
1120048,2016,opinions,column
1120162,2016,opinions,column
1120127,2016,opinions,op-ed
1120286,2016,news,news
1120302,2016,news,news
1120330,2016,opinions,column
1120375,2016,news,news
1120352,2016,news,news
1120416,2016,news,news
1120415,2016,news,news
1120380,2016,opinions,column
1120395,2016,opinions,column
1120461,2016,opinions,column
1120464,2016,opinions,column
1120442,2016,news,news
1120468,2016,news,news
1120501,2016,news,news
1120522,2016,news,news
1120504,2016,news,news
1120508,2016,opinions,column
1120509,2016,opinions,column
1120506,2016,opinions,column
1120485,2016,news,news
1120537,2016,news,news
1120552,2016,news,news
1120569,2016,opinions,column
1120539,2016,opinions,column
1120673,2016,news,news
1120655,2016,news,news
1120603,2016,news,news
1120562,2016,news,news
1120649,2016,news,news
1120633,2016,news,news
1120532,2016,news,news
1120555,2016,news,news
1120559,2016,news,news
1120551,2016,news,news
1120534,2016,news,news
1120625,2016,opinions,column
1120566,2016,opinions,column
1120624,2016,opinions,column
1120657,2016,opinions,op-ed
1120619,2016,opinions,column
1120662,2016,opinions,column
1120915,2016,news,news
1120899,2016,news,news
1120774,2016,opinions,column
1120831,2016,news,news
1120750,2016,news,news
1120906,2016,opinions,column
1120900,2016,news,news
1120760,2016,news,news
1120937,2016,news,news
1120848,2016,opinions,column
1120901,2016,opinions,editorial
1120889,2016,opinions,editorial
1120867,2016,opinions,editorial
1120871,2016,opinions,editorial
1120887,2016,opinions,editorial
1120946,2016,opinions,editorial
1120965,2016,news,news
1120746,2016,news,news
1120970,2016,news,news
1120776,2016,opinions,column
1120980,2016,news,news
1120736,2016,news,news
1120972,2016,opinions,editorial
1120748,2016,news,news
1120999,2016,opinions,op-ed
1120853,2016,opinions,column
1120796,2016,opinions,column
1120837,2016,news,news
1120998,2016,news,news
1120850,2016,opinions,column
1121004,2016,opinions,op-ed
1120751,2016,news,news
1121053,2016,news,news
1121063,2016,news,news
1121070,2016,news,news
1121060,2016,opinions,op-ed
1121079,2016,news,news
1121095,2016,news,news
1120797,2017,opinions,column
1121125,2017,opinions,op-ed
1121148,2017,news,news
1121183,2017,opinions,column
1121218,2017,news,news
1121182,2017,opinions,column
1121166,2017,news,news
1121209,2017,news,news
1121219,2017,news,news
1121215,2017,news,news
1121236,2017,news,news
1121289,2017,news,news
1121269,2017,news,news
1121234,2017,news,news
1121220,2017,opinions,column
1121263,2017,opinions,column
1121272,2017,opinions,column
1121247,2017,opinions,opinion
1121304,2017,news,news
1121312,2017,opinions,column
1121311,2017,news,news
1121344,2017,news,news
1121318,2017,news,news
1121397,2017,news,news
1121358,2017,news,news
1121327,2017,news,news
1121398,2017,news,news
1121323,2017,opinions,column
1121316,2017,opinions,column
1121331,2017,opinions,column
1121422,2017,news,news
1121369,2017,opinions,column
1121400,2017,opinions,column
1121402,2017,opinions,column
1120473,2017,opinions,opinion
1121450,2017,opinions,op-ed
1121487,2017,news,news
1121489,2017,news,news
1121459,2017,news,news
1121472,2017,opinions,column
1121460,2017,opinions,op-ed
1121471,2017,opinions,column
1121461,2017,opinions,column
1121473,2017,opinions,column
1121474,2017,opinions,column
1121478,2017,opinions,column
1121517,2017,opinions,column
1121518,2017,opinions,column
1121569,2017,news,news
1121571,2017,news,news
1121592,2017,news,news
1121545,2017,news,news
1121550,2017,news,news
1121547,2017,news,news
1121549,2017,news,news
1121582,2017,news,news
1121591,2017,news,news
1121601,2017,news,news
1121604,2017,opinions,column
1121599,2017,opinions,column
1120846,2017,news,news
1121658,2017,news,news
1121673,2017,news,news
1121694,2017,news,news
1121712,2017,news,news
1121662,2017,opinions,op-ed
1121718,2017,news,news
1121768,2017,news,news
1121762,2017,news,news
1121806,2017,news,news
1121798,2017,news,news
1118115,2017,news,news
1121760,2017,opinions,column
1121756,2017,opinions,column
1121831,2017,news,news
1121846,2017,news,news
1121851,2017,news,news
1121855,2017,opinions,column
1121867,2017,news,news
1121907,2017,news,news
1121901,2017,opinions,column
1121881,2017,opinions,op-ed
1121921,2017,news,news
1121911,2017,news,news
1121918,2017,news,news
1121902,2017,opinions,column
1121885,2017,opinions,column
1121959,2017,news,news
1121935,2017,opinions,column
1121956,2017,opinions,column
1121949,2017,opinions,column
1121975,2017,news,news
1121963,2017,news,news
1121947,2017,news,news
1122016,2017,opinions,opinion
1122022,2017,opinions,column
1122034,2017,news,news
1122019,2017,opinions,column
1122002,2017,news,news
1122017,2017,news,news
1122012,2017,opinions,column
1122004,2017,news,news
1122096,2017,opinions,column
1122087,2017,news,news
1122055,2017,opinions,op-ed
1122097,2017,opinions,opinion
1122133,2017,news,news
1122073,2017,opinions,column
1122100,2017,news,news
1122131,2017,news,news
1122074,2017,opinions,column
1122167,2017,news,news
1122179,2017,opinions,op-ed
1122103,2017,news,news
1122176,2017,opinions,column
1122184,2017,news,news
1122159,2017,news,news
1122172,2017,news,news
1122095,2017,news,news
1122160,2017,opinions,op-ed
1122238,2017,news,news
1122246,2017,news,news
1122264,2017,opinions,column
1122235,2017,opinions,opinion
1122251,2017,opinions,column
1122306,2017,opinions,op-ed
1122229,2017,news,news
1122245,2017,news,news
1122233,2017,opinions,op-ed
1122286,2017,news,news
1122328,2017,opinions,column
1122310,2017,opinions,column
1122342,2017,opinions,column
1122384,2017,opinions,op-ed
1122301,2017,news,news
1122363,2017,news,news
1122337,2017,news,news
1122308,2017,news,news
1122319,2017,news,news
1122344,2017,opinions,op-ed
1122387,2017,opinions,op-ed
1122415,2017,opinions,column
1122428,2017,opinions,editorial
1122430,2017,opinions,editorial
1122431,2017,news,news
1122425,2017,news,news
1122389,2017,news,news
1122525,2017,news,news
1122469,2017,news,news
1122529,2017,news,news
1122458,2017,opinions,column
1122459,2017,opinions,column
1122475,2017,opinions,column
1122471,2017,news,news
1122484,2017,news,news
1122542,2017,opinions,column
1122594,2017,news,news
1122575,2017,news,news
1122550,2017,opinions,op-ed
1122631,2017,opinions,column
1122632,2017,opinions,column
1122687,2017,news,news
1122630,2017,news,news
1122616,2017,news,news
1122605,2017,news,news
1122655,2017,news,news
1122657,2017,news,news
1122704,2017,news,news
1122688,2017,news,news
1122692,2017,news,news
1122637,2017,opinions,column
1122682,2017,opinions,column
1122683,2017,opinions,column
1122791,2017,news,news
1122778,2017,news,news
1122755,2017,news,news
1122782,2017,opinions,column
1122777,2017,opinions,column
1122734,2017,news,news
1122784,2017,opinions,column
1122853,2017,news,news
1122811,2017,news,news
1122861,2017,news,news
1122802,2017,news,news
1122919,2017,news,news
1122926,2017,opinions,op-ed
1122865,2017,opinions,column
1122866,2017,opinions,column
1122867,2017,opinions,column
1122869,2017,news,news
1122864,2017,news,news
1123034,2017,news,news
1122959,2017,news,news
1122970,2017,opinions,column
1123033,2017,news,news
1123070,2017,news,news
1122933,2017,news,news
1122934,2017,news,news
1123099,2017,news,news
1123064,2017,opinions,column
1123154,2017,news,news
1123091,2017,opinions,column
1123148,2017,opinions,column
1123147,2017,opinions,column
1123157,2017,news,news
1123232,2017,news,news
1123161,2017,news,news
1123088,2017,news,news
1123240,2017,news,news
1123235,2017,news,news
1123233,2017,news,news
1123205,2017,opinions,column
1123236,2017,opinions,column
1123336,2017,opinions,column
1123332,2017,opinions,column
1123328,2017,news,news
1123348,2017,news,news
1123391,2017,news,news
1123326,2017,news,news
1123337,2017,opinions,column
1123331,2017,opinions,column
1123333,2017,opinions,column
1123393,2017,opinions,opinion
1123491,2017,opinions,column
1123505,2017,news,news
1123494,2017,news,news
1123442,2017,news,news
1123440,2017,opinions,column
1123498,2017,news,news
1123561,2017,news,news
1123568,2017,news,news
1123519,2017,news,news
1123550,2017,news,news
1123563,2017,news,news
1123522,2017,opinions,column
1123521,2017,opinions,column
1123552,2017,opinions,column
1123523,2017,opinions,op-ed
1123748,2017,news,news
1123628,2017,news,news
1123652,2017,news,news
1122053,2017,opinions,column
1123753,2017,news,news
1122046,2017,opinions,column
1123648,2017,opinions,opinion
1123639,2017,opinions,column
1121952,2017,opinions,column
1123660,2017,news,news
1123670,2017,news,news
1123882,2017,news,news
1123654,2017,news,news
1123819,2017,opinions,column
1123820,2017,opinions,op-ed
1123872,2017,news,news
1123967,2017,news,news
1123941,2017,news,news
1123966,2017,news,news
1123921,2017,news,news
1123958,2017,opinions,op-ed
1123939,2017,opinions,op-ed
1123945,2017,opinions,column
1123957,2017,opinions,column
1124034,2017,news,news
1124032,2017,news,news
1123990,2017,news,news
1124044,2017,news,news
1124031,2017,opinions,op-ed
1124029,2017,opinions,column
1124130,2017,news,news
1124148,2017,opinions,column
1124216,2017,opinions,column
1124136,2017,news,news
1124128,2017,opinions,column
1124220,2017,news,news
1124212,2017,news,news
1124127,2017,news,news
1124146,2017,opinions,column
1124288,2017,opinions,op-ed
1124281,2017,opinions,column
1124258,2017,news,news
1124285,2017,news,news
1124284,2017,news,news
1124260,2017,news,news
1124351,2017,opinions,op-ed
1124289,2017,opinions,column
1124405,2017,news,news
1124400,2017,news,news
1124440,2017,news,news
1129146,2017,opinions,column
1124441,2017,opinions,column
1124449,2017,opinions,column
1124448,2017,news,news
1124446,2017,opinions,column
1124523,2017,opinions,opinion
1124476,2017,opinions,op-ed
1124475,2017,opinions,column
1124515,2017,opinions,column
1124470,2017,news,news
1124477,2017,news,news
1124490,2017,news,news
1124531,2017,news,news
1124562,2017,opinions,column
1124623,2017,news,news
1124584,2017,news,news
1124588,2017,news,news
1124564,2017,news,news
1124518,2017,opinions,opinion
1124590,2017,news,news
1124561,2017,opinions,column
1124620,2017,opinions,column
1124608,2017,opinions,column
1124606,2017,opinions,column
1124607,2017,news,news
1124631,2017,news,news
1124626,2017,news,news
1124696,2017,news,news
1124728,2017,news,news
1124734,2017,news,news
1124669,2017,news,news
1124695,2017,opinions,column
1124688,2017,opinions,column
1124825,2017,news,news
1124869,2017,opinions,op-ed
1124868,2017,opinions,column
1124828,2017,news,news
1124959,2017,news,news
1124876,2017,opinions,column
1124870,2017,opinions,column
1124937,2017,opinions,op-ed
1125073,2017,news,news
1124899,2017,news,news
1124871,2017,opinions,column
1124972,2017,news,news
1124880,2017,news,news
1124872,2017,opinions,column
1124895,2017,news,news
1125094,2017,opinions,column
1124874,2017,opinions,column
1124878,2017,opinions,column
1124905,2017,opinions,column
1124875,2017,opinions,column
1124906,2017,opinions,column
1124850,2017,news,news
1124836,2017,news,news
1125155,2017,news,news
1125164,2017,news,news
1125166,2017,news,news
1125184,2017,opinions,op-ed
1125196,2017,opinions,column
1125226,2017,news,news
1125192,2017,opinions,column
1125182,2017,opinions,column
1125246,2017,opinions,opinion
1125241,2017,news,news
1125265,2017,news,news
1125308,2017,news,news
1125259,2017,news,news
1125357,2017,news,news
1125362,2017,news,news
1125320,2017,news,news
1125355,2017,opinions,column
1125382,2017,news,news
1125370,2017,news,news
1125330,2017,opinions,column
1125419,2017,news,news
1125421,2017,news,news
1125422,2017,news,news
1125387,2017,opinions,column
1125396,2017,opinions,column
1125489,2017,news,news
1125486,2017,news,news
1125453,2017,news,news
1125474,2017,opinions,column
1125472,2017,opinions,column
1125108,2017,news,news
1125477,2017,news,news
1125532,2017,opinions,column
1125533,2017,opinions,column
1125523,2017,news,news
1125539,2017,news,news
1125507,2017,news,news
1125500,2017,news,news
1125534,2017,news,news
1125503,2017,news,news
1125504,2017,news,news
1125508,2017,news,news
1125506,2017,news,news
1125610,2017,opinions,column
1125609,2017,opinions,column
1125679,2017,opinions,opinion
1125665,2017,news,news
1125656,2017,news,news
1125647,2017,news,news
1125663,2017,news,news
1125727,2017,news,news
1125821,2017,news,news
1125737,2017,news,news
1125740,2017,news,news
1125725,2017,opinions,column
1125692,2017,opinions,opinion
1125726,2017,news,news
1125824,2017,opinions,column
1125826,2017,opinions,column
1125857,2017,news,news
1125852,2017,news,news
1125827,2017,opinions,column
1125820,2017,news,news
1125882,2017,opinions,opinion
1125879,2017,opinions,op-ed
1125884,2017,news,news
1125893,2017,news,news
1125898,2017,opinions,column
1125942,2017,news,news
1125892,2017,news,news
1125928,2017,news,news
1125865,2017,opinions,opinion
1125954,2017,news,news
1125958,2017,news,news
1125978,2017,opinions,column
1125975,2017,opinions,column
1125999,2017,opinions,column
1126077,2017,news,news
1126038,2017,news,news
1126073,2017,opinions,column
1126037,2017,news,news
1126169,2017,news,news
1126153,2017,news,news
1126096,2017,news,news
1126102,2017,opinions,column
1126161,2017,news,news
1126221,2017,opinions,column
1126218,2017,opinions,column
1126213,2017,opinions,column
1126104,2017,opinions,column
1126193,2017,news,news
1126190,2017,news,news
1126209,2017,news,news
1126228,2017,news,news
1126227,2017,news,news
1126256,2017,opinions,column
1126303,2017,news,news
1126297,2017,news,news
1126246,2017,opinions,column
1126259,2017,news,news
1126302,2017,news,news
1126268,2017,opinions,column
1126266,2017,opinions,column
1126291,2017,news,news
1126342,2017,news,news
1126350,2017,opinions,column
1126356,2017,opinions,column
1126417,2017,opinions,column
1126404,2017,opinions,column
1126443,2017,news,news
1126418,2017,news,news
1126405,2017,news,news
1126444,2017,news,news
1126485,2017,news,news
1126475,2017,news,news
1126535,2017,news,news
1126550,2017,news,news
1126346,2017,opinions,opinion
1126606,2017,news,news
1126469,2017,opinions,column
1126604,2017,opinions,column
1126603,2017,opinions,column
1126592,2017,news,news
1126614,2017,news,news
1126703,2017,news,news
1126698,2017,news,news
1126742,2017,news,news
1126740,2017,news,news
1126693,2017,opinions,column
1126838,2017,news,news
1126772,2017,news,news
1126783,2017,news,news
1126801,2017,opinions,column
1126799,2017,opinions,column
1126796,2017,opinions,column
1126869,2017,news,news
1126860,2017,opinions,op-ed
1126904,2017,news,news
1126917,2017,news,news
1126870,2017,opinions,column
1126868,2017,news,news
1126963,2017,news,news
1126922,2017,opinions,column
1126930,2017,news,news
1126931,2017,news,news
1127044,2017,news,news
1126991,2017,news,news
1126994,2017,news,news
1127020,2017,news,news
1127022,2017,news,news
1127071,2017,news,news
1126980,2017,opinions,column
1126985,2017,opinions,column
1126981,2017,opinions,column
1126983,2017,opinions,column
1127041,2017,news,news
1127056,2017,opinions,column
1127045,2017,news,news
1125952,2017,news,news
1125957,2017,opinions,column
1127106,2017,news,news
1127120,2017,opinions,column
1127123,2017,opinions,column
1127152,2017,news,news
1127149,2017,news,news
1127233,2017,news,news
1127192,2017,news,news
1127229,2017,news,news
1127197,2017,opinions,op-ed
1127265,2017,news,news
1127199,2017,opinions,op-ed
1127195,2017,opinions,column
1127286,2017,news,news
1127263,2017,news,news
1127297,2017,news,news
1127296,2017,news,news
1127251,2017,opinions,column
1127261,2017,opinions,column
1127254,2017,news,news
1127335,2017,opinions,column
1127333,2017,opinions,column
1127338,2017,opinions,column
1127362,2017,news,news
1127319,2017,news,news
1127316,2017,news,news
1127346,2017,news,news
1127343,2017,news,news
1127379,2017,opinions,column
1127382,2017,opinions,column
1127375,2017,news,news
1127405,2017,news,news
1127417,2017,news,news
1127404,2017,news,news
1127540,2017,news,news
1127484,2017,news,news
1127443,2017,news,news
1127452,2017,opinions,opinion
1127445,2017,opinions,column
1127465,2017,opinions,column
1127480,2017,opinions,column
1127564,2017,opinions,column
1127580,2017,news,news
1127541,2017,news,news
1127619,2017,opinions,op-ed
1127605,2017,opinions,column
1127606,2017,news,news
1127612,2017,news,news
1127718,2017,news,news
1127671,2017,news,news
1127721,2017,news,news
1127724,2017,news,news
1127614,2017,news,news
1127650,2017,news,news
1127666,2017,opinions,column
1127667,2017,opinions,column
1127677,2017,opinions,column
1127670,2017,opinions,column
1127767,2017,news,news
1127766,2017,news,news
1127762,2017,opinions,column
1127795,2017,news,news
1127860,2017,opinions,op-ed
1127835,2017,opinions,column
1127872,2017,news,news
1127880,2017,news,news
1127868,2017,news,news
1127862,2017,news,news
1127917,2017,news,news
1127919,2017,news,news
1127903,2017,news,news
1127912,2017,opinions,column
1127900,2017,opinions,column
1127968,2017,news,news
1128041,2017,news,news
1127943,2017,opinions,op-ed
1127962,2017,opinions,column
1127957,2017,news,news
1127944,2017,news,news
1127970,2017,news,news
1128082,2017,news,news
1128045,2017,news,news
1128043,2017,news,news
1128008,2017,opinions,column
1128017,2017,news,news
1128034,2017,opinions,column
1128035,2017,news,news
1128007,2017,opinions,op-ed
1128064,2017,opinions,opinion
1128066,2017,opinions,opinion
1128076,2017,news,news
1128111,2017,news,news
1128104,2017,news,news
1128062,2017,opinions,column
1128632,2017,news,news
1128657,2017,news,news
1128677,2017,news,news
1128644,2017,opinions,column
1128643,2017,opinions,column
1128642,2017,opinions,column
1128639,2017,news,news
1128713,2017,news,news
1128689,2017,opinions,opinion
1128688,2017,opinions,op-ed
1128700,2017,opinions,column
1128699,2017,opinions,column
1128686,2017,news,news
1128719,2017,news,news
1128695,2017,news,news
1128771,2017,news,news
1128766,2017,news,news
1128763,2017,news,news
1128744,2017,opinions,column
1128750,2017,opinions,column
1128742,2017,opinions,op-ed
1128815,2017,news,news
1128833,2017,news,news
1128827,2017,opinions,column
1128824,2017,opinions,op-ed
1128828,2017,opinions,opinion
1128825,2017,opinions,opinion
1128818,2017,news,news
1128889,2017,news,news
1128817,2017,news,news
1127532,2017,news,news
1128948,2017,news,news
1128967,2017,news,news
1127422,2017,news,news
1127423,2017,opinions,column
1127424,2017,opinions,column
1128959,2017,news,news
1128947,2017,news,news
1128989,2017,opinions,op-ed
1129068,2017,opinions,opinion
1128971,2017,news,news
1129003,2017,news,news
1129050,2017,opinions,column
1128961,2017,news,news
1129001,2017,news,news
1128978,2017,opinions,column
1129162,2017,opinions,op-ed
1129072,2017,news,news
1128975,2017,opinions,column
1128994,2017,opinions,column
1129049,2017,opinions,column
1129177,2017,opinions,opinion
1129228,2017,news,news
1128999,2017,opinions,column
1129180,2017,news,news
1128974,2017,opinions,column
1129237,2017,opinions,opinion
1128995,2017,opinions,column
1129174,2017,opinions,column
1129238,2017,opinions,opinion
1129259,2017,news,news
1129282,2017,news,news
1129285,2017,news,news
1129301,2017,news,news
1129304,2017,news,news
1129291,2017,news,news
1129309,2017,news,news
1129332,2017,news,news
1129292,2017,news,news
1129329,2017,news,news
1129366,2017,opinions,op-ed
1129361,2017,news,news
1129337,2017,news,news
1129369,2017,news,news
1129411,2017,opinions,opinion
1129408,2017,news,news
1129407,2017,news,news
1129405,2017,news,news
1129342,2017,news,news
1129396,2017,news,news
1129434,2017,news,news
1129402,2017,news,news
1129412,2017,news,news
1129438,2017,news,news
1129440,2017,news,news
1129458,2017,news,news
1129439,2017,news,news
1129465,2017,news,news
1129502,2017,news,news
1129338,2017,news,news
1129509,2017,news,news
1129512,2017,news,news
1129517,2017,news,news
1129480,2017,news,news
1129490,2017,news,news
1129521,2017,news,news
1129635,2017,news,news
1129626,2017,news,news
1129656,2017,news,news
1129651,2017,opinions,opinion
1129668,2017,news,news
1129687,2017,news,news
1129699,2017,news,news
1129684,2017,news,news
1129706,2017,news,news
1129719,2017,news,news
1129725,2017,news,news
1129432,2017,news,news
1129730,2017,news,news
1129727,2017,news,news
1129765,2017,news,news
1129761,2017,news,news
1129763,2017,news,news
1129771,2017,news,news
1129791,2017,news,news
1129814,2017,news,news
1129830,2017,news,news
1129880,2017,news,news
1129916,2017,news,news
1129856,2017,news,news
1129954,2017,opinions,opinion
1129942,2017,news,news
1129933,2017,news,news
1129976,2017,news,news
1129831,2017,news,news
1129986,2017,news,news
1129989,2017,news,news
1129996,2017,opinions,op-ed
1130004,2017,news,news
1130012,2017,opinions,op-ed
1130036,2017,news,news
1130046,2017,opinions,op-ed
1130045,2017,opinions,op-ed
1130059,2017,opinions,opinion
1130095,2017,news,news
1133011,2017,news,news
1133017,2017,news,news
1130160,2017,news,news
1130169,2017,opinions,column
1130186,2017,news,news
1130235,2017,news,news
1130162,2017,news,news
1130246,2017,news,news
1130334,2017,news,news
1130305,2017,news,news
1130307,2017,news,news
1130176,2017,opinions,op-ed
1130213,2017,opinions,column
1129953,2017,opinions,opinion
1130360,2017,opinions,opinion
1130269,2017,opinions,column
1130380,2017,news,news
1130375,2017,news,news
1130374,2017,news,news
1130447,2017,news,news
1130429,2017,news,news
1130173,2017,opinions,op-ed
1130358,2017,opinions,op-ed
1130428,2017,news,news
1130472,2017,news,news
1130530,2017,news,news
1130542,2017,news,news
1130486,2017,news,news
1130497,2017,news,news
1130605,2017,news,news
1130557,2017,news,news
1130566,2017,news,news
1130552,2017,news,news
1130626,2017,news,news
1130547,2017,opinions,column
1130603,2017,news,news
1130644,2017,news,news
1130656,2017,news,news
1130643,2017,news,news
1130602,2017,opinions,column
1130634,2017,news,news
1130735,2017,news,news
1130698,2017,news,news
1130641,2017,opinions,column
1130699,2017,news,news
1130662,2017,opinions,op-ed
1130751,2017,news,news
1129993,2017,opinions,editorial
1130820,2017,news,news
1130789,2017,news,news
1130768,2017,opinions,column
1130764,2017,opinions,column
1130758,2017,opinions,op-ed
1130803,2017,news,news
1130839,2017,news,news
1130838,2017,news,news
1130859,2017,news,news
1130915,2017,news,news
1130933,2017,news,news
1130938,2017,news,news
1130841,2017,opinions,column
1130843,2017,opinions,column
1130830,2017,opinions,column
1130911,2017,news,news
1130902,2017,opinions,column
1130903,2017,opinions,column
1130997,2017,news,news
1130999,2017,news,news
1130957,2017,opinions,column
1130958,2017,opinions,column
1130970,2017,news,news
1130968,2017,news,news
1131008,2017,news,news
1131009,2017,opinions,column
1131005,2017,opinions,column
1131006,2017,opinions,column
1131037,2017,news,news
1131045,2017,news,news
1129848,2017,opinions,opinion
1131133,2017,news,news
1131102,2017,news,news
1131120,2017,news,news
1131090,2017,news,news
1131084,2017,opinions,op-ed
1131086,2017,opinions,column
1131085,2017,opinions,column
1131219,2017,opinions,column
1131160,2017,news,news
1131178,2017,news,news
1131179,2017,news,news
1131152,2017,opinions,opinion
1131264,2017,news,news
1131370,2017,news,news
1131269,2017,news,news
1131267,2017,news,news
1131310,2017,news,news
1131252,2017,opinions,column
1131400,2017,news,news
1131361,2017,news,news
1131354,2017,opinions,column
1131357,2017,opinions,column
1131351,2017,opinions,opinion
1131460,2017,news,news
1131422,2017,opinions,column
1130423,2017,opinions,opinion
1131423,2017,opinions,column
1131432,2017,news,news
1131489,2017,news,news
1130238,2017,news,news
1131506,2017,news,news
1131573,2017,opinions,column
1131617,2017,news,news
1131613,2017,news,news
1131623,2017,news,news
1131558,2017,news,news
1131572,2017,opinions,column
1131773,2017,news,news
1131695,2017,news,news
1131754,2017,news,news
1131667,2017,opinions,column
1131731,2017,news,news
1131696,2017,news,news
1131686,2017,news,news
1131658,2017,opinions,op-ed
1131666,2017,opinions,column
1131661,2017,opinions,column
1131764,2017,opinions,column
1131767,2017,opinions,column
1131776,2017,news,news
1131817,2017,news,news
1131844,2017,opinions,column
1131825,2017,opinions,op-ed
1131846,2017,opinions,column
1131907,2017,news,news
1131903,2017,news,news
1132012,2017,news,news
1131953,2017,news,news
1131853,2017,opinions,column
1132006,2017,news,news
1132001,2017,news,news
1131940,2017,opinions,opinion
1131942,2017,opinions,column
1131937,2017,opinions,column
1131944,2017,opinions,column
1131999,2017,news,news
1132106,2017,news,news
1132044,2017,news,news
1132101,2017,news,news
1132201,2017,news,news
1132087,2017,news,news
1132148,2017,news,news
1132047,2017,opinions,opinion
1132051,2017,opinions,column
1132065,2017,opinions,column
1132050,2017,opinions,opinion
1132053,2017,opinions,column
1132198,2017,news,news
1132259,2017,news,news
1132254,2017,news,news
1132207,2017,opinions,column
1132146,2017,opinions,column
1132343,2017,news,news
1132294,2017,news,news
1132252,2017,opinions,column
1132235,2017,opinions,column
1132309,2017,news,news
1132257,2017,news,news
1132402,2017,news,news
1132246,2017,news,news
1132335,2017,opinions,column
1132337,2017,opinions,column
1132393,2017,news,news
1132379,2017,news,news
1132334,2017,opinions,op-ed
1132435,2017,opinions,column
1132434,2017,opinions,column
1132449,2017,opinions,editorial
1132459,2017,news,news
1132464,2017,opinions,column
1132416,2017,news,news
1132475,2017,news,news
1132415,2017,news,news
1132540,2017,news,news
1132567,2017,news,news
1132612,2017,news,news
1132561,2017,opinions,column
1132562,2017,opinions,column
1132777,2017,opinions,column
1132782,2017,opinions,column
1132854,2017,news,news
1132844,2017,news,news
1132771,2017,opinions,column
1132773,2017,news,news
1132769,2017,news,news
1132803,2017,news,news
1132829,2017,news,news
1132770,2017,opinions,op-ed
1132853,2017,opinions,column
1132860,2017,opinions,op-ed
1132901,2017,opinions,op-ed
1131535,2017,news,news
1131536,2017,news,news
1130324,2017,news,news
1131534,2017,news,news
1131517,2017,news,news
1131532,2017,news,news
1130350,2017,news,news
1131738,2017,news,news
1132894,2017,news,news
1132851,2017,opinions,column
1131918,2017,news,news
1131539,2017,news,news
1131550,2017,news,news
1133132,2017,news,news
1133143,2017,news,news
1133044,2017,news,news
1133046,2017,news,news
1133171,2017,news,news
1133070,2017,news,news
1133120,2017,news,news
1133203,2017,news,news
1133215,2017,news,news
1133048,2017,opinions,column
1133045,2017,opinions,column
1133056,2017,opinions,column
1133211,2017,news,news
1133148,2017,opinions,opinion
1133147,2017,opinions,column
1133145,2017,opinions,column
1133286,2017,news,news
1133260,2017,opinions,column
1133288,2017,news,news
1133250,2017,news,news
1133258,2017,opinions,column
1133259,2017,opinions,column
1133252,2017,opinions,op-ed
1133267,2017,opinions,column
1133330,2017,news,news
1133422,2017,opinions,op-ed
1133440,2017,opinions,opinion
1133432,2017,news,news
1133477,2017,news,news
1133441,2017,opinions,editorial
1133254,2017,news,news
1133424,2017,news,news
1133418,2017,news,news
1133425,2017,opinions,column
1133450,2017,opinions,op-ed
1133478,2017,opinions,column
1133479,2017,opinions,column
1133463,2017,news,news
1133524,2017,news,news
1133508,2017,news,news
1133538,2017,opinions,column
1133536,2017,opinions,opinion
1133537,2017,opinions,opinion
1133570,2017,news,news
1133608,2017,news,news
1133611,2017,news,news
1133539,2017,opinions,column
1133565,2017,news,news
1133723,2017,news,news
1133721,2017,news,news
1133729,2017,news,news
1133730,2017,news,news
1133761,2017,news,news
1133648,2017,opinions,op-ed
1133649,2017,opinions,column
1133783,2017,news,news
1133778,2017,opinions,op-ed
1133777,2017,opinions,op-ed
1133776,2017,opinions,opinion
1133607,2017,news,news
1133796,2017,opinions,column
1133821,2017,news,news
1133842,2017,news,news
1133832,2017,opinions,column
1133833,2017,opinions,opinion
1133839,2017,opinions,column
1133838,2017,opinions,column
1133851,2017,news,news
1133852,2017,opinions,column
1133853,2017,opinions,column
1133907,2017,opinions,op-ed
1133909,2017,news,news
1133903,2017,opinions,column
1133970,2017,news,news
1133953,2017,news,news
1133983,2017,opinions,column
1133990,2017,opinions,column
1133981,2017,opinions,column
1133966,2017,news,news
1134107,2017,news,news
1134060,2017,opinions,op-ed
1134062,2017,opinions,column
1134059,2017,opinions,op-ed
1134057,2017,news,news
1134170,2017,opinions,op-ed
1134167,2017,opinions,column
1134217,2017,news,news
1134158,2017,news,news
1134226,2017,news,news
1134220,2017,news,news
1134166,2017,opinions,column
1134240,2017,opinions,column
1134181,2017,news,news
1134272,2017,news,news
1134278,2017,news,news
1134313,2017,news,news
1134302,2017,news,news
1134321,2017,news,news
1134312,2017,news,news
1134250,2017,opinions,op-ed
1134336,2017,news,news
1134344,2017,news,news
1134338,2017,news,news
1134378,2017,opinions,op-ed
1134514,2017,news,news
1134451,2017,opinions,op-ed
1134435,2017,opinions,op-ed
1134437,2017,opinions,column
1134453,2017,opinions,column
1134439,2017,opinions,op-ed
1134525,2017,news,news
1134537,2017,news,news
1134529,2017,news,news
1134516,2017,opinions,op-ed
1134510,2017,opinions,column
1134546,2017,news,news
1134535,2017,opinions,column
1134544,2017,news,news
1134550,2017,opinions,column
1134549,2017,news,news
1134552,2017,news,news
1134561,2017,news,news
1134361,2017,news,news
1134448,2017,news,news
1134592,2017,opinions,op-ed
1134593,2017,opinions,op-ed
1134600,2017,opinions,opinion
1134647,2018,opinions,op-ed
1134650,2018,news,news
1134671,2018,news,news
1134667,2018,opinions,column
1134668,2018,opinions,column
1134760,2018,news,news
1134714,2018,news,news
1134775,2018,news,news
1134759,2018,news,news
1134713,2018,opinions,column
1134884,2018,news,news
1134885,2018,news,news
1134897,2018,news,news
1134840,2018,opinions,column
1134844,2018,news,news
1134853,2018,news,news
1134839,2018,news,news
1134949,2018,news,news
1134959,2018,news,news
1134907,2018,opinions,column
1135012,2018,opinions,op-ed
1135010,2018,opinions,column
1135021,2018,news,news
1134966,2018,news,news
1135011,2018,news,news
1135030,2018,news,news
1135039,2018,opinions,column
1135038,2018,opinions,column
1134989,2018,news,news
1135049,2018,news,news
1135144,2018,news,news
1135059,2018,opinions,column
1135050,2018,opinions,op-ed
1135058,2018,opinions,column
1135051,2018,opinions,op-ed
1135052,2018,news,news
1135166,2018,news,news
1135153,2018,opinions,column
1135187,2018,news,news
1135143,2018,news,news
1135263,2018,news,news
1135219,2018,opinions,column
1135218,2018,opinions,column
1135221,2018,opinions,column
1135216,2018,news,news
1135265,2018,news,news
1135264,2018,news,news
1135207,2018,opinions,op-ed
1135280,2018,opinions,column
1135281,2018,opinions,column
1135312,2018,news,news
1135322,2018,news,news
1135321,2018,news,news
1135311,2018,news,news
1135343,2018,news,news
1135345,2018,news,news
1135352,2018,news,news
1135400,2018,news,news
1135341,2018,opinions,column
1135429,2018,news,news
1135344,2018,news,news
1135436,2018,news,news
1135348,2018,opinions,column
1135435,2018,opinions,column
1135432,2018,opinions,column
1135522,2018,news,news
1135523,2018,news,news
1135589,2018,news,news
1135558,2018,news,news
1135478,2018,opinions,op-ed
1135492,2018,opinions,column
1135534,2018,news,news
1135580,2018,news,news
1135518,2018,news,news
1135579,2018,news,news
1135656,2018,news,news
1135548,2018,opinions,column
1135657,2018,news,news
1135592,2018,news,news
1135631,2018,news,news
1135549,2018,opinions,column
1135604,2018,opinions,column
1135607,2018,opinions,op-ed
1135686,2018,news,news
1135716,2018,news,news
1135625,2018,news,news
1135677,2018,opinions,column
1135755,2018,opinions,opinion
1135756,2018,opinions,opinion
1135759,2018,opinions,column
1135768,2018,news,news
1135733,2018,news,news
1135670,2018,news,news
1135828,2018,opinions,column
1135818,2018,opinions,column
1135825,2018,news,news
1135874,2018,news,news
1135831,2018,news,news
1135832,2018,news,news
1135866,2018,news,news
1135949,2018,news,news
1135984,2018,opinions,opinion
1135911,2018,opinions,column
1135910,2018,opinions,column
1135951,2018,news,news
1135896,2018,news,news
1135950,2018,news,news
1135983,2018,opinions,column
1136027,2018,news,news
1136029,2018,news,news
1136040,2018,news,news
1135981,2018,opinions,op-ed
1135725,2018,news,news
1135688,2018,news,news
1136118,2018,opinions,column
1136114,2018,opinions,column
1136128,2018,news,news
1136127,2018,news,news
1136123,2018,news,news
1136185,2018,opinions,column
1136196,2018,news,news
1136166,2018,news,news
1136227,2018,news,news
1136257,2018,news,news
1136210,2018,news,news
1136289,2018,news,news
1136233,2018,news,news
1136241,2018,news,news
1136232,2018,opinions,op-ed
1136243,2018,opinions,column
1136434,2018,news,news
1136308,2018,opinions,op-ed
1136411,2018,opinions,opinion
1136415,2018,news,news
1136309,2018,opinions,column
1136435,2018,news,news
1136428,2018,news,news
1136501,2018,news,news
1136513,2018,news,news
1136486,2018,news,news
1136477,2018,opinions,op-ed
1136475,2018,opinions,column
1136455,2018,opinions,column
1136537,2018,news,news
1136599,2018,news,news
1136540,2018,news,news
1136553,2018,opinions,column
1136545,2018,opinions,op-ed
1136607,2018,news,news
1136598,2018,news,news
1136646,2018,news,news
1136751,2018,news,news
1136748,2018,news,news
1136778,2018,news,news
1136649,2018,news,news
1136716,2018,news,news
1136636,2018,opinions,column
1136635,2018,opinions,column
1136676,2018,news,news
1136734,2018,opinions,column
1136730,2018,opinions,op-ed
1136844,2018,news,news
1136732,2018,opinions,column
1136735,2018,opinions,op-ed
1136729,2018,opinions,op-ed
1136731,2018,opinions,column
1136790,2018,news,news
1136800,2018,news,news
1136839,2018,news,news
1136845,2018,news,news
1136858,2018,news,news
1136807,2018,opinions,op-ed
1136943,2018,news,news
1136942,2018,news,news
1136933,2018,news,news
1136842,2018,opinions,op-ed
1136808,2018,opinions,column
1136811,2018,opinions,column
1136810,2018,opinions,column
1136947,2018,news,news
1136901,2018,opinions,column
1136920,2018,opinions,column
1136988,2018,opinions,column
1137006,2018,opinions,column
1136996,2018,news,news
1136983,2018,news,news
1136982,2018,news,news
1136985,2018,news,news
1136989,2018,opinions,column
1137061,2018,news,news
1137074,2018,news,news
1137077,2018,news,news
1137179,2018,news,news
1137059,2018,opinions,opinion
1137058,2018,opinions,column
1137117,2018,news,news
1137136,2018,news,news
1137154,2018,opinions,op-ed
1137130,2018,opinions,column
1137133,2018,opinions,op-ed
1137126,2018,opinions,column
1137135,2018,opinions,op-ed
1137249,2018,opinions,editorial
1137149,2018,news,news
1137181,2018,news,news
1137192,2018,news,news
1137160,2018,news,news
1137155,2018,news,news
1137222,2018,opinions,op-ed
1137284,2018,news,news
1137242,2018,news,news
1137246,2018,opinions,column
1137228,2018,news,news
1137307,2018,news,news
1137296,2018,news,news
1137221,2018,opinions,column
1137310,2018,news,news
1137320,2018,news,news
1137322,2018,news,news
1137323,2018,news,news
1137397,2018,news,news
1137334,2018,news,news
1137319,2018,opinions,column
1137400,2018,opinions,opinion
1137386,2018,opinions,column
1137405,2018,news,news
1137394,2018,news,news
1137396,2018,news,news
1137409,2018,news,news
1137459,2018,news,news
1137527,2018,news,news
1137499,2018,news,news
1137501,2018,news,news
1137461,2018,opinions,column
1137453,2018,opinions,column
1137458,2018,opinions,column
1137448,2018,news,news
1137549,2018,news,news
1137560,2018,news,news
1137598,2018,news,news
1137609,2018,news,news
1137561,2018,opinions,editorial
1137593,2018,news,news
1137557,2018,news,news
1137654,2018,news,news
1137669,2018,news,news
1137651,2018,news,news
1137620,2018,opinions,op-ed
1137618,2018,opinions,column
1137621,2018,opinions,column
1135988,2018,news,news
1137746,2018,news,news
1137749,2018,news,news
1137756,2018,news,news
1137698,2018,opinions,column
1137700,2018,opinions,column
1137701,2018,opinions,column
1137788,2018,opinions,column
1137885,2018,news,news
1137862,2018,news,news
1137815,2018,news,news
1137789,2018,opinions,column
1137808,2018,news,news
1137786,2018,news,news
1137785,2018,news,news
1137931,2018,news,news
1137871,2018,opinions,column
1137929,2018,news,news
1137867,2018,news,news
1137878,2018,news,news
1138027,2018,news,news
1137882,2018,opinions,column
1137870,2018,opinions,op-ed
1138420,2018,news,news
1137965,2018,opinions,column
1137966,2018,opinions,column
1137953,2018,news,news
1138032,2018,news,news
1138421,2018,news,news
1138031,2018,news,news
1138033,2018,news,news
1138002,2018,news,news
1138419,2018,news,news
1137961,2018,news,news
1138064,2018,opinions,column
1138057,2018,opinions,op-ed
1138118,2018,news,news
1138121,2018,news,news
1138082,2018,news,news
1138112,2018,news,other
1138200,2018,news,news
1138201,2018,opinions,op-ed
1138268,2018,news,news
1138169,2018,opinions,column
1138217,2018,opinions,opinion
1138227,2018,news,news
1138368,2018,news,news
1138406,2018,news,news
1138170,2018,opinions,column
1138233,2018,opinions,column
1138276,2018,news,news
1138229,2018,news,news
1138437,2018,news,news
1138234,2018,opinions,column
1138294,2018,news,news
1138447,2018,news,news
1138439,2018,news,news
1138442,2018,news,news
1138301,2018,news,news
1138171,2018,opinions,column
1138226,2018,news,news
1138285,2018,opinions,column
1138260,2018,opinions,editorial
1138482,2018,news,news
1138492,2018,news,news
1138504,2018,news,news
1138502,2018,news,news
1138500,2018,news,news
1138508,2018,news,news
1138511,2018,news,news
1138537,2018,news,news
1138535,2018,news,news
1138532,2018,news,news
1138593,2018,news,news
1138543,2018,opinions,column
1138546,2018,opinions,op-ed
1138547,2018,opinions,column
1138619,2018,news,news
1138603,2018,opinions,op-ed
1138613,2018,news,news
1138712,2018,news,news
1138703,2018,news,news
1138716,2018,news,news
1138747,2018,news,news
1138691,2018,news,news
1138689,2018,opinions,column
1138690,2018,opinions,op-ed
1138750,2018,news,news
1138741,2018,news,news
1138736,2018,opinions,column
1138737,2018,opinions,column
1138784,2018,opinions,op-ed
1138752,2018,news,news
1138788,2018,opinions,column
1138790,2018,opinions,editorial
1138799,2018,news,news
1138845,2018,news,news
1138842,2018,news,news
1138882,2018,news,news
1138934,2018,news,news
1138891,2018,news,news
1138951,2018,news,news
1138949,2018,news,news
1138890,2018,opinions,opinion
1138895,2018,opinions,op-ed
1138889,2018,opinions,column
1138956,2018,opinions,column
1138954,2018,opinions,op-ed
1138955,2018,opinions,op-ed
1139057,2018,news,news
1138948,2018,news,news
1139066,2018,news,news
1138957,2018,opinions,column
1139002,2018,news,news
1139085,2018,news,news
1138235,2018,news,news
1138269,2018,news,news
1139199,2018,news,news
1139056,2018,news,news
1139050,2018,news,news
1139143,2018,opinions,editorial
1139061,2018,opinions,op-ed
1139060,2018,opinions,column
1139285,2018,news,news
1139283,2018,news,news
1139262,2018,opinions,op-ed
1139286,2018,news,news
1139257,2018,opinions,column
1139385,2018,opinions,op-ed
1139389,2018,opinions,op-ed
1139330,2018,opinions,column
1139331,2018,opinions,column
1139329,2018,opinions,column
1139370,2018,news,news
1139380,2018,news,news
1139387,2018,news,news
1139375,2018,news,news
1139393,2018,news,news
1139332,2018,opinions,op-ed
1139412,2018,news,news
1139416,2018,news,news
1139507,2018,news,news
1139460,2018,opinions,column
1139430,2018,news,news
1139483,2018,news,news
1139461,2018,opinions,column
1139476,2018,news,news
1139495,2018,news,news
1139506,2018,news,news
1139524,2018,news,news
1139509,2018,opinions,column
1139565,2018,opinions,op-ed
1139564,2018,opinions,op-ed
1139588,2018,news,news
1139595,2018,news,news
1139558,2018,news,news
1139600,2018,news,news
1139562,2018,opinions,column
1139661,2018,news,news
1139658,2018,news,news
1139653,2018,news,news
1139648,2018,news,news
1139642,2018,news,news
1139644,2018,news,news
1139631,2018,opinions,op-ed
1139632,2018,opinions,op-ed
1139684,2018,opinions,column
1139721,2018,news,news
1139706,2018,news,news
1139710,2018,news,news
1139739,2018,news,news
1139685,2018,opinions,column
1139742,2018,news,news
1139793,2018,news,news
1139804,2018,news,news
1139802,2018,news,news
1139862,2018,news,news
1139795,2018,opinions,column
1139838,2018,news,news
1139894,2018,news,news
1139850,2018,news,news
1139886,2018,news,news
1138458,2018,opinions,opinion
1139868,2018,opinions,column
1139867,2018,opinions,column
1139893,2018,news,news
1139983,2018,news,news
1139984,2018,news,news
1139944,2018,news,news
1140004,2018,news,news
1140009,2018,news,news
1139985,2018,news,news
1139949,2018,opinions,column
1140026,2018,opinions,editorial
1140020,2018,news,news
1140027,2018,opinions,column
1140091,2018,news,news
1140124,2018,news,news
1140049,2018,news,news
1140099,2018,news,news
1140036,2018,news,news
1140025,2018,opinions,editorial
1140048,2018,news,news
1140188,2018,news,news
1140181,2018,opinions,opinion
1140175,2018,opinions,editorial
1140168,2018,opinions,editorial
1140155,2018,opinions,editorial
1140139,2018,opinions,column
1140193,2018,news,news
1140140,2018,opinions,column
1140268,2018,news,news
1140248,2018,news,news
1140261,2018,news,news
1140260,2018,news,news
1140222,2018,opinions,column
1140221,2018,opinions,column
1140339,2018,news,news
1140350,2018,news,news
1140346,2018,news,news
1140353,2018,news,news
1140361,2018,news,news
1140368,2018,news,news
1140289,2018,opinions,op-ed
1140375,2018,opinions,column
1140363,2018,news,news
1140417,2018,news,news
1140414,2018,news,news
1140455,2018,opinions,opinion
1140431,2018,opinions,opinion
1140448,2018,news,news
1140456,2018,news,news
1140454,2018,news,news
1140444,2018,news,news
1140484,2018,opinions,column
1140483,2018,opinions,column
1140504,2018,news,news
1140522,2018,news,other
1140539,2018,news,news
1140535,2018,news,news
1139549,2018,news,news
1139784,2018,news,news
1139782,2018,news,news
1140210,2018,opinions,column
1140566,2018,opinions,op-ed
1140573,2018,news,news
1140605,2018,news,news
1140562,2018,news,news
1140610,2018,news,news
1140560,2018,news,news
1140567,2018,opinions,column
1140637,2018,news,news
1140686,2018,news,news
1140666,2018,news,news
1140578,2018,opinions,opinion
1140642,2018,opinions,op-ed
1140641,2018,opinions,column
1140643,2018,opinions,op-ed
1140638,2018,news,news
1140715,2018,opinions,op-ed
1140716,2018,opinions,op-ed
1140856,2018,news,news
1140758,2018,news,news
1140724,2018,news,news
1140757,2018,news,news
1140747,2018,news,news
1140710,2018,news,news
1140718,2018,opinions,column
1140865,2018,news,news
1140860,2018,news,news
1140791,2018,news,news
1140852,2018,news,news
1140723,2018,opinions,opinion
1140784,2018,opinions,opinion
1140782,2018,opinions,op-ed
1140853,2018,news,news
1140785,2018,opinions,column
1140933,2018,news,news
1140947,2018,news,news
1140945,2018,news,news
1140935,2018,news,news
1140937,2018,news,news
1140890,2018,news,news
1140886,2018,opinions,column
1140885,2018,opinions,column
1140844,2018,news,news
1140966,2018,news,news
1140975,2018,news,news
1140967,2018,opinions,op-ed
1141031,2018,opinions,column
1141069,2018,news,news
1141101,2018,news,news
1141084,2018,news,news
1141064,2018,news,news
1141032,2018,opinions,column
1141114,2018,opinions,column
1141136,2018,news,news
1141140,2018,news,news
1141141,2018,news,news
1141145,2018,news,news
1141096,2018,news,news
1141151,2018,news,news
1142460,2018,opinions,opinion
1142453,2018,news,news
1141207,2018,news,news
1142455,2018,news,news
1142454,2018,news,news
1142465,2018,news,news
1142469,2018,news,news
1142437,2018,opinions,op-ed
1141354,2018,news,news
1141470,2018,news,news
1141476,2018,news,news
1141498,2018,news,news
1141493,2018,opinions,op-ed
1141540,2018,news,news
1141539,2018,news,news
1141544,2018,news,news
1141494,2018,opinions,column
1141513,2018,news,news
1141580,2018,opinions,column
1141582,2018,opinions,op-ed
1141627,2018,news,news
1141622,2018,news,news
1141578,2018,opinions,column
1141647,2018,news,news
1141650,2018,news,news
1141696,2018,news,news
1141648,2018,news,news
1141691,2018,news,news
1141713,2018,news,news
1141660,2018,opinions,column
1141775,2018,news,news
1141743,2018,news,news
1141720,2018,news,news
1141729,2018,news,news
1141722,2018,opinions,column
1141777,2018,news,news
1141870,2018,opinions,editorial
1141792,2018,opinions,column
1141857,2018,news,news
1141872,2018,news,news
1141788,2018,news,news
1141838,2018,news,news
1141853,2018,news,news
1141842,2018,news,news
1141710,2018,news,news
1141871,2018,news,news
1141803,2018,news,news
1141873,2018,opinions,column
1141947,2018,news,news
1141938,2018,news,news
1141940,2018,news,news
1141948,2018,news,news
1141996,2018,news,news
1142019,2018,opinions,column
1142028,2018,opinions,opinion
1142016,2018,opinions,column
1142071,2018,news,news
1142017,2018,opinions,column
1142072,2018,news,news
1142036,2018,opinions,op-ed
1142119,2018,news,news
1142018,2018,opinions,column
1142035,2018,opinions,column
1142131,2018,opinions,op-ed
1142027,2018,news,news
1142013,2018,news,news
1142152,2018,opinions,opinion
1142039,2018,opinions,editorial
1142067,2018,news,news
1142153,2018,opinions,op-ed
1142154,2018,opinions,opinion
1142022,2018,news,news
1142133,2018,news,news
1142012,2018,news,news
1142168,2018,opinions,op-ed
1142142,2018,opinions,column
1142184,2018,news,news
1142167,2018,opinions,op-ed
1142159,2018,opinions,op-ed
1142158,2018,opinions,op-ed
1142194,2018,news,news
1142385,2018,opinions,op-ed
1142384,2018,news,news
1142428,2018,news,news
1142427,2018,opinions,op-ed
1142430,2018,opinions,op-ed
1142182,2018,opinions,op-ed
1142431,2018,opinions,op-ed
1142165,2018,opinions,op-ed
1142193,2018,opinions,op-ed
1142510,2018,news,news
1142512,2018,news,news
1142569,2018,news,news
1142580,2018,news,news
1142574,2018,news,news
1142558,2018,news,news
1142608,2018,news,news
1142617,2018,news,news
1142665,2018,news,news
1142650,2018,news,other
1142663,2018,news,news
1142670,2018,news,news
1142703,2018,news,news
1142710,2018,news,news
1142707,2018,news,news
1142708,2018,news,news
1142722,2018,news,other
1142689,2018,news,news
1142817,2018,news,news
1142836,2018,news,news
1142736,2018,news,other
1142882,2018,news,news
1142846,2018,news,news
1142871,2018,news,news
1142976,2018,news,news
1142956,2018,news,news
1142918,2018,news,news
1142990,2018,news,news
1142981,2018,news,news
1143048,2018,news,news
1143051,2018,news,news
1143049,2018,news,news
1143097,2018,opinions,op-ed
1142988,2018,news,news
1142928,2018,news,news
1143104,2018,opinions,op-ed
1142796,2018,news,news
1143108,2018,news,news
1143062,2018,news,news
1143122,2018,opinions,op-ed
1143123,2018,opinions,opinion
1143125,2018,news,news
1143126,2018,news,news
1143142,2018,news,news
1143059,2018,news,news
1143139,2018,news,news
1143162,2018,news,news
1143223,2018,news,news
1143253,2018,news,news
1143283,2018,news,news
1143287,2018,opinions,op-ed
1143308,2018,opinions,editorial
1143154,2018,news,news
1143307,2018,news,news
1143346,2018,news,news
1143348,2018,news,news
1143159,2018,news,news
1143401,2018,opinions,op-ed
1143408,2018,news,news
1143329,2018,news,news
1143389,2018,opinions,op-ed
1143382,2018,news,news
1143385,2018,news,news
1143419,2018,opinions,op-ed
1143168,2018,news,news
1143074,2018,news,news
1143464,2018,news,news
1143462,2018,news,news
1143476,2018,opinions,opinion
1143127,2018,news,other
1143345,2018,news,news
1143507,2018,opinions,opinion
1143512,2018,news,news
1143528,2018,news,news
1143537,2018,news,news
1143552,2018,news,news
1143584,2018,news,news
1143604,2018,news,news
1143627,2018,news,news
1143616,2018,news,news
1143656,2018,news,news
1143642,2018,opinions,op-ed
1143735,2018,news,news
1143259,2018,news,news
1143367,2018,news,news
1143737,2018,opinions,op-ed
1143750,2018,opinions,op-ed
1143749,2018,opinions,op-ed
1143839,2018,opinions,op-ed
1143782,2018,opinions,op-ed
1143841,2018,opinions,op-ed
1143793,2018,news,news
1143826,2018,news,news
1143824,2018,news,news
1143789,2018,news,news
1143859,2018,news,news
1143847,2018,news,news
1143843,2018,news,news
1143851,2018,news,news
1143898,2018,news,news
1143926,2018,news,news
1143891,2018,news,news
1143885,2018,news,news
1143884,2018,news,news
1143890,2018,opinions,column
1143948,2018,opinions,op-ed
1143963,2018,opinions,column
1143889,2018,opinions,op-ed
1143886,2018,opinions,op-ed
1144029,2018,news,news
1144041,2018,news,news
1144014,2018,news,news
1143979,2018,news,news
1143965,2018,news,news
1143936,2018,news,news
1143977,2018,news,news
1144047,2018,opinions,op-ed
1144050,2018,opinions,column
1144078,2018,news,news
1143943,2018,news,news
1144121,2018,news,news
1144122,2018,news,news
1144128,2018,news,news
1144123,2018,news,news
1144188,2018,news,news
1144105,2018,opinions,op-ed
1144090,2018,opinions,op-ed
1144127,2018,news,news
1144195,2018,news,news
1144183,2018,opinions,column
1144207,2018,news,news
1144197,2018,news,news
1144172,2018,opinions,column
1144202,2018,news,news
1144204,2018,news,news
1144243,2018,news,news
1144245,2018,news,news
1144239,2018,news,news
1144271,2018,news,news
1144247,2018,opinions,column
1144248,2018,opinions,column
1144250,2018,news,news
1144338,2018,news,news
1144284,2018,opinions,column
1144335,2018,news,news
1144292,2018,news,news
1144289,2018,news,news
1144291,2018,news,news
1144352,2018,news,news
1144364,2018,news,news
1144389,2018,news,news
1144390,2018,news,news
1144394,2018,news,news
1144361,2018,opinions,column
1144406,2018,news,news
1144420,2018,opinions,op-ed
1144421,2018,opinions,column
1144476,2018,news,news
1144469,2018,news,news
1144424,2018,news,news
1144418,2018,news,news
1144496,2018,opinions,column
1144494,2018,opinions,op-ed
1144549,2018,news,news
1144587,2018,news,news
1144553,2018,news,news
1144546,2018,news,news
1144544,2018,news,news
1144516,2018,news,news
1144623,2018,opinions,op-ed
1144590,2018,opinions,op-ed
1144656,2018,news,news
1144660,2018,news,news
1144650,2018,news,news
1144652,2018,news,news
1144703,2018,news,news
1144696,2018,news,news
1144714,2018,news,news
1144694,2018,opinions,opinion
1144711,2018,news,news
1144701,2018,news,news
1144706,2018,news,news
1144742,2018,opinions,op-ed
1144704,2018,opinions,column
1144752,2018,news,news
1144745,2018,news,news
1144739,2018,news,news
1144756,2018,news,news
1144687,2018,opinions,column
1144744,2018,opinions,op-ed
1144847,2018,news,news
1144841,2018,news,news
1144985,2018,news,news
1144837,2018,news,news
1144848,2018,news,news
1144834,2018,opinions,column
1144842,2018,news,news
1144858,2018,opinions,editorial
1144836,2018,opinions,column
1144840,2018,opinions,column
1144944,2018,news,news
1144948,2018,opinions,column
1144953,2018,news,news
1144943,2018,news,news
1144956,2018,opinions,column
1144946,2018,opinions,column
1145033,2018,news,news
1145043,2018,news,news
1145028,2018,news,news
1145035,2018,news,news
1145019,2018,opinions,column
1145020,2018,opinions,column
1145044,2018,news,news
1145000,2018,opinions,op-ed
1145172,2018,news,news
1145086,2018,opinions,column
1145139,2018,news,news
1145121,2018,news,news
1145103,2018,news,news
1145117,2018,news,news
1145027,2018,opinions,column
1145146,2018,news,news
1145082,2018,opinions,column
1145174,2018,news,news
1145190,2018,opinions,column
1145198,2018,news,news
1145212,2018,news,news
1145178,2018,opinions,column
1145173,2018,opinions,column
1145186,2018,opinions,column
1145194,2018,opinions,column
1145187,2018,news,news
1145322,2018,news,news
1145326,2018,news,news
1145315,2018,news,news
1145304,2018,news,news
1145288,2018,news,news
1145317,2018,news,news
1145291,2018,opinions,opinion
1145319,2018,opinions,opinion
1145306,2018,opinions,column
1145292,2018,opinions,column
1145464,2018,news,news
1145458,2018,opinions,column
1145462,2018,news,news
1145467,2018,news,news
1145459,2018,news,news
1145508,2018,news,news
1145465,2018,opinions,op-ed
1145460,2018,opinions,column
1145466,2018,opinions,op-ed
1145544,2018,news,news
1145524,2018,news,news
1145547,2018,news,news
1145535,2018,opinions,op-ed
1145577,2018,news,news
1145534,2018,opinions,column
1145543,2018,opinions,column
1145559,2018,news,news
1145537,2018,news,news
1145611,2018,news,news
1145579,2018,news,news
1145608,2018,news,news
1145582,2018,news,news
1145576,2018,opinions,column
1145603,2018,news,news
1145600,2018,opinions,column
1145580,2018,opinions,column
1145648,2018,opinions,column
1145653,2018,opinions,column
1145663,2018,news,news
1145655,2018,news,news
1145717,2018,news,news
1145651,2018,news,news
1145660,2018,news,news
1145814,2018,news,news
1145849,2018,news,news
1145762,2018,news,news
1145751,2018,news,news
1145750,2018,news,news
1145809,2018,news,news
1145813,2018,news,news
1145741,2018,opinions,column
1145772,2018,opinions,column
1145736,2018,opinions,column
1145876,2018,opinions,column
1145879,2018,news,news
1145916,2018,news,news
1145920,2018,news,news
1145914,2018,news,news
1145874,2018,opinions,column
1145873,2018,opinions,column
1146016,2018,news,news
1146021,2018,news,news
1145958,2018,news,news
1145959,2018,news,news
1145955,2018,news,news
1145945,2018,news,news
1145956,2018,opinions,column
1145957,2018,opinions,column
1145954,2018,opinions,op-ed
1146024,2018,news,news
1146102,2018,news,news
1146053,2018,opinions,op-ed
1146097,2018,news,news
1146098,2018,news,news
1146060,2018,news,news
1146055,2018,opinions,column
1146094,2018,opinions,column
1146048,2018,news,news
1146191,2018,news,news
1146188,2018,news,news
1146138,2018,news,news
1146140,2018,news,news
1146187,2018,news,news
1146054,2018,opinions,column
1146134,2018,opinions,column
1146135,2018,opinions,column
1146235,2018,opinions,op-ed
1146370,2018,news,news
1146288,2018,news,news
1146243,2018,news,news
1146226,2018,news,news
1146277,2018,news,news
1146233,2018,opinions,column
1146234,2018,opinions,column
1146275,2018,news,news
1146310,2018,opinions,column
1146368,2018,news,news
1146309,2018,opinions,op-ed
1146315,2018,news,news
1146321,2018,news,news
1146313,2018,news,news
1146318,2018,news,news
1146308,2018,opinions,column
1146327,2018,news,news
1146434,2018,news,news
1146417,2018,news,news
1146436,2018,news,news
1146414,2018,news,news
1146419,2018,news,news
1146416,2018,news,news
1146409,2018,news,news
1146403,2018,opinions,column
1146404,2018,opinions,column
1146423,2018,news,news
1146412,2018,news,news
1146475,2018,news,news
1146474,2018,news,news
1146466,2018,news,news
1146476,2018,news,news
1146471,2018,news,news
1146465,2018,opinions,column
1146464,2018,opinions,column
1146623,2018,news,news
1146564,2018,news,news
1146567,2018,news,news
1146556,2018,opinions,column
1146629,2018,news,news
1146618,2018,news,news
1146633,2018,news,news
1146662,2018,news,news
1146715,2018,news,news
1146666,2018,news,news
1146716,2018,news,news
1146663,2018,opinions,column
1146661,2018,opinions,column
1146752,2018,news,news
1146789,2018,news,news
1146743,2018,news,news
1146742,2018,news,news
1146746,2018,opinions,column
1146748,2018,news,news
1146739,2018,news,news
1146745,2018,opinions,column
1146849,2018,news,news
1146859,2018,news,news
1146827,2018,news,news
1146830,2018,news,news
1146860,2018,news,news
1146825,2018,news,news
1146810,2018,opinions,column
1146812,2018,opinions,column
1146908,2018,opinions,column
1146909,2018,opinions,column
1146910,2018,opinions,column
1147015,2018,news,news
1146941,2018,news,news
1146967,2018,news,news
1146913,2018,news,news
1146822,2018,news,news
1146970,2018,news,news
1147063,2018,news,news
1147018,2018,news,news
1147010,2018,news,news
1147013,2018,news,news
1147077,2018,news,news
1147079,2018,news,news
1147003,2018,opinions,column
1147004,2018,opinions,column
1147058,2018,opinions,column
1147059,2018,opinions,column
1147083,2018,news,news
1147115,2018,news,news
1147120,2018,news,news
1147137,2018,opinions,column
1147135,2018,opinions,column
1147138,2018,news,news
1147234,2018,opinions,opinion
1147225,2018,news,news
1147226,2018,news,news
1147227,2018,news,news
1147228,2018,opinions,column
1147235,2018,news,news
1147389,2018,news,news
1147332,2018,news,news
1147292,2018,news,news
1147303,2018,news,news
1147269,2018,news,news
1147294,2018,news,news
1147289,2018,opinions,column
1147290,2018,opinions,column
1147390,2018,news,news
1147382,2018,news,news
1147368,2018,news,news
1147388,2018,news,news
1147393,2018,news,news
1147383,2018,news,news
1147377,2018,news,news
1147344,2018,opinions,column
1147343,2018,opinions,column
1147480,2018,news,news
1147429,2018,news,news
1147431,2018,news,news
1147517,2018,news,news
1147518,2018,news,news
1147522,2018,news,news
1147506,2018,news,news
1147409,2018,news,news
1147400,2018,news,news
1147410,2018,opinions,column
1148432,2018,news,news
1147428,2018,opinions,op-ed
1147629,2018,news,news
1147615,2018,opinions,op-ed
1147618,2018,news,news
1147662,2018,news,news
1147644,2018,news,news
1147638,2018,news,news
1147653,2018,news,news
1147677,2018,opinions,opinion
1147671,2018,news,news
1147711,2018,news,news
1147666,2018,news,news
1147679,2018,news,news
1147667,2018,news,news
1147659,2018,news,news
1147647,2018,news,news
1147658,2018,opinions,column
1147632,2018,news,news
1147645,2018,news,news
1147657,2018,opinions,column
1147680,2018,news,news
1147623,2018,opinions,column
1147624,2018,opinions,column
1147660,2018,news,news
1147719,2018,news,news
1147722,2018,news,news
1147656,2018,opinions,column
1147655,2018,news,news
1147724,2018,news,news
1147785,2018,news,news
1147731,2018,opinions,opinion
1147732,2018,opinions,opinion
1147787,2018,news,news
1147794,2018,news,news
1147791,2018,news,news
1147812,2018,news,news
1147819,2018,news,news
1147828,2018,news,news
1147831,2018,news,news
1147838,2018,news,news
1147840,2018,news,news
1147928,2019,news,news
1147862,2019,opinions,column
1147883,2019,news,news
1147920,2019,news,news
1147880,2019,news,news
1147993,2019,news,news
1147941,2019,news,news
1147964,2019,news,news
1148001,2019,news,news
1148012,2019,news,news
1148029,2019,news,news
1148014,2019,news,news
1148027,2019,news,news
1148031,2019,news,news
1148044,2019,news,news
1148037,2019,news,news
1148007,2019,opinions,column
1148079,2019,news,news
1148073,2019,news,news
1148074,2019,news,news
1148047,2019,news,news
1148070,2019,news,news
1148068,2019,opinions,column
1148072,2019,opinions,op-ed
1148107,2019,opinions,column
1148144,2019,news,news
1148139,2019,news,news
1148097,2019,news,news
1148109,2019,news,news
1148148,2019,news,news
1148168,2019,opinions,column
1148213,2019,news,news
1148165,2019,news,news
1148203,2019,news,news
1148205,2019,opinions,column
1148166,2019,news,news
1148158,2019,news,news
1148237,2019,opinions,column
1148228,2019,opinions,column
1148235,2019,news,news
1148274,2019,news,news
1148239,2019,news,news
1148269,2019,news,news
1148229,2019,news,news
1148300,2019,news,news
1148312,2019,news,news
1148317,2019,news,news
1148302,2019,news,news
1148316,2019,news,news
1148307,2019,opinions,column
1148303,2019,opinions,column
1148341,2019,opinions,column
1148418,2019,news,news
1148357,2019,news,news
1148347,2019,news,news
1148335,2019,news,news
1148352,2019,news,news
1148338,2019,news,news
1148354,2019,news,news
1148387,2019,opinions,op-ed
1148385,2019,opinions,column
1148429,2019,news,news
1148419,2019,news,news
1148414,2019,news,news
1148409,2019,news,news
1148365,2019,news,news
1148436,2019,news,news
1148435,2019,opinions,column
1148457,2019,news,news
1148475,2019,news,news
1148471,2019,news,news
1148481,2019,news,news
1148453,2019,news,news
1148456,2019,news,news
1148459,2019,news,news
1148473,2019,opinions,op-ed
1148530,2019,news,news
1148545,2019,news,news
1148563,2019,news,news
1148536,2019,news,news
1148596,2019,news,news
1148599,2019,opinions,opinion
1148560,2019,opinions,column
1148559,2019,opinions,column
1148570,2019,news,news
1148602,2019,news,news
1148566,2019,news,news
1148653,2019,news,news
1148564,2019,news,news
1148638,2019,news,news
1148651,2019,news,news
1148648,2019,news,news
1148649,2019,news,news
1148612,2019,news,news
1148634,2019,opinions,op-ed
1148633,2019,opinions,column
1148703,2019,news,news
1148746,2019,news,news
1148700,2019,news,news
1148701,2019,news,news
1148696,2019,news,news
1148685,2019,news,news
1148707,2019,news,news
1148658,2019,news,news
1148691,2019,opinions,column
1148692,2019,opinions,op-ed
1148693,2019,opinions,column
1148750,2019,news,news
1148754,2019,news,news
1148752,2019,news,news
1148758,2019,news,news
1148768,2019,news,news
1148777,2019,opinions,op-ed
1148827,2019,opinions,column
1148767,2019,news,news
1148769,2019,news,news
1148766,2019,news,news
1148829,2019,news,news
1148902,2019,news,news
1148819,2019,opinions,column
1148862,2019,opinions,column
1148839,2019,news,news
1148861,2019,news,news
1148904,2019,news,news
1148924,2019,news,news
1148932,2019,news,news
1148915,2019,opinions,column
1148867,2019,news,news
1148939,2019,news,news
1148941,2019,news,news
1148917,2019,opinions,column
1148977,2019,news,news
1148963,2019,news,news
1148952,2019,opinions,column
1148979,2019,news,news
1148969,2019,news,news
1148986,2019,news,news
1148970,2019,news,news
1148955,2019,opinions,column
1149020,2019,opinions,opinion
1149021,2019,opinions,op-ed
1149064,2019,news,news
1149060,2019,news,news
1149018,2019,news,news
1149074,2019,news,news
1149022,2019,news,news
1149101,2019,opinions,opinion
1149098,2019,opinions,op-ed
1149174,2019,opinions,op-ed
1149162,2019,news,news
1149121,2019,news,news
1149109,2019,news,news
1149117,2019,news,news
1149152,2019,news,news
1149264,2019,opinions,opinion
1149177,2019,news,news
1149153,2019,news,news
1149185,2019,news,news
1149167,2019,news,news
1149173,2019,opinions,column
1149233,2019,opinions,opinion
1149244,2019,opinions,opinion
1149260,2019,news,news
1149302,2019,news,news
1149242,2019,news,news
1149256,2019,news,news
1149275,2019,news,news
1149271,2019,news,news
1149276,2019,news,news
1149310,2019,opinions,column
1149342,2019,news,news
1149312,2019,news,news
1149324,2019,news,news
1149306,2019,opinions,op-ed
1149316,2019,news,news
1149120,2019,opinions,op-ed
1149325,2019,news,news
1149355,2019,opinions,column
1149375,2019,opinions,op-ed
1149420,2019,news,news
1149345,2019,news,news
1149382,2019,news,news
1149370,2019,news,news
1149415,2019,news,news
1149511,2019,news,news
1149441,2019,news,news
1149445,2019,opinions,op-ed
1149481,2019,opinions,op-ed
1149433,2019,opinions,column
1149447,2019,news,news
1149429,2019,opinions,op-ed
1149517,2019,news,news
1149479,2019,news,news
1149439,2019,news,news
1149444,2019,news,news
1149569,2019,news,news
1149570,2019,news,news
1149507,2019,opinions,opinion
1149595,2019,news,news
1149493,2019,opinions,opinion
1149496,2019,opinions,opinion
1149548,2019,news,news
1149666,2019,news,news
1149601,2019,opinions,opinion
1149608,2019,news,news
1149606,2019,opinions,column
1149600,2019,news,news
1149554,2019,news,news
1149590,2019,news,news
1149645,2019,news,news
1149661,2019,opinions,op-ed
1149663,2019,opinions,opinion
1149660,2019,opinions,op-ed
1149705,2019,news,news
1149723,2019,news,news
1149667,2019,news,news
1149665,2019,news,news
1149668,2019,news,news
1149744,2019,news,news
1149737,2019,opinions,column
1149753,2019,opinions,opinion
1149738,2019,opinions,op-ed
1149754,2019,news,news
1149802,2019,news,news
1149741,2019,news,news
1149800,2019,news,news
1149751,2019,news,news
1149823,2019,news,news
1149842,2019,opinions,op-ed
1149857,2019,news,news
1149855,2019,news,news
1149850,2019,news,news
1149848,2019,opinions,column
1149849,2019,news,news
1149913,2019,news,news
1149852,2019,news,news
1149960,2019,opinions,column
1149961,2019,opinions,column
1150032,2019,news,news
1149969,2019,news,news
1149964,2019,news,news
1149979,2019,news,news
1150041,2019,opinions,op-ed
1150040,2019,opinions,column
1150085,2019,news,news
1150087,2019,news,news
1150081,2019,news,news
1150046,2019,news,news
1150089,2019,news,news
1150042,2019,news,news
1150196,2019,news,news
1150135,2019,news,news
1150153,2019,news,news
1150122,2019,news,news
1150114,2019,news,news
1150140,2019,news,news
1150193,2019,news,news
1150132,2019,opinions,column
1150125,2019,opinions,column
1150128,2019,opinions,column
1150262,2019,news,news
1150216,2019,opinions,column
1150211,2019,opinions,op-ed
1150264,2019,news,news
1150280,2019,news,news
1150229,2019,news,news
1150284,2019,news,news
1150296,2019,news,news
1150282,2019,news,news
1150361,2019,news,news
1150349,2019,opinions,op-ed
1150316,2019,opinions,column
1150356,2019,news,news
1150358,2019,news,news
1150310,2019,news,news
1150424,2019,opinions,op-ed
1150393,2019,news,news
1150387,2019,opinions,opinion
1150396,2019,news,news
1150432,2019,news,news
1150428,2019,news,news
1150383,2019,news,news
1150391,2019,opinions,opinion
1150389,2019,news,news
1150388,2019,opinions,op-ed
1150460,2019,news,news
1150449,2019,opinions,op-ed
1150453,2019,opinions,opinion
1150456,2019,opinions,opinion
1150455,2019,opinions,opinion
1150446,2019,news,news
1150486,2019,news,news
1150479,2019,news,news
1150466,2019,news,news
1150487,2019,news,news
1150516,2019,news,news
1150551,2019,opinions,column
1150547,2019,news,news
1150530,2019,news,news
1150597,2019,news,news
1150536,2019,news,news
1150518,2019,opinions,op-ed
1150590,2019,news,news
1150520,2019,opinions,opinion
1150719,2019,opinions,opinion
1150667,2019,news,news
1150673,2019,news,news
1150651,2019,news,news
1150663,2019,news,news
1150798,2019,opinions,op-ed
1150724,2019,opinions,column
1150775,2019,news,news
1150848,2019,news,news
1150793,2019,news,news
1150744,2019,news,news
1150783,2019,news,news
1150734,2019,news,news
1150735,2019,news,news
1150847,2019,news,news
1150813,2019,news,news
1150843,2019,news,news
1150873,2019,news,news
1150796,2019,opinions,op-ed
1150804,2019,opinions,column
1150807,2019,news,news
1150864,2019,news,news
1150856,2019,opinions,op-ed
1150857,2019,opinions,op-ed
1150879,2019,news,news
1150943,2019,news,news
1150878,2019,news,news
1150880,2019,news,news
1150876,2019,news,news
1150872,2019,news,news
1150958,2019,news,news
1151018,2019,news,news
1151023,2019,news,news
1150969,2019,news,news
1151004,2019,news,news
1150994,2019,news,news
1151029,2019,news,news
1150964,2019,opinions,opinion
1150972,2019,opinions,column
1151016,2019,news,news
1151134,2019,news,news
1151097,2019,news,news
1151087,2019,news,news
1151092,2019,news,news
1151268,2019,news,news
1151249,2019,news,news
1151266,2019,opinions,op-ed
1151279,2019,news,news
1151288,2019,news,news
1151265,2019,opinions,op-ed
1151319,2019,news,news
1151296,2019,news,news
1151165,2019,news,news
1151138,2019,news,news
1151133,2019,news,news
1151111,2019,news,news
1151227,2019,news,news
1151299,2019,news,news
1151117,2019,news,news
1151292,2019,news,news
1151324,2019,news,news
1151086,2019,opinions,op-ed
1151135,2019,news,news
1151352,2019,news,news
1151355,2019,news,news
1151361,2019,news,news
1151356,2019,news,news
1151359,2019,news,news
1151085,2019,opinions,column
1151366,2019,news,news
1151360,2019,news,news
1151128,2019,opinions,column
1151376,2019,opinions,op-ed
1151118,2019,opinions,column
1151371,2019,news,news
1151381,2019,news,news
1151387,2019,news,news
1151405,2019,news,news
1151392,2019,news,news
1151403,2019,news,news
1151104,2019,opinions,column
1151415,2019,news,news
1151417,2019,news,news
1151422,2019,news,news
1151131,2019,opinions,column
1151431,2019,news,news
1151429,2019,news,news
1151439,2019,news,news
1151443,2019,news,news
1151442,2019,news,news
1151450,2019,news,news
1151453,2019,news,news
1151456,2019,news,news
1151471,2019,news,news
1151479,2019,news,news
1151489,2019,news,news
1151105,2019,opinions,column
1151501,2019,news,news
1151541,2019,opinions,op-ed
1151518,2019,opinions,opinion
1151519,2019,opinions,op-ed
1151543,2019,news,news
1151642,2019,opinions,op-ed
1151635,2019,opinions,op-ed
1151761,2019,opinions,op-ed
1151744,2019,opinions,opinion
1151859,2019,news,news
1151741,2019,opinions,opinion
1151721,2019,opinions,op-ed
1151742,2019,news,news
1151739,2019,news,news
1151767,2019,news,news
1151807,2019,news,news
1151763,2019,opinions,op-ed
1151906,2019,news,news
1151865,2019,news,news
1151868,2019,news,news
1151914,2019,news,news
1151956,2019,news,news
1152000,2019,news,news
1148995,2019,news,news
1151954,2019,news,news
1151950,2019,news,news
1152004,2019,news,news
1151932,2019,opinions,op-ed
1151940,2019,opinions,column
1151724,2019,opinions,opinion
1152085,2019,news,news
1152169,2019,opinions,opinion
1152140,2019,news,news
1152092,2019,news,news
1152163,2019,news,news
1152149,2019,news,news
1152096,2019,opinions,op-ed
1152093,2019,opinions,op-ed
1152244,2019,news,news
1152189,2019,news,news
1152250,2019,news,news
1152235,2019,news,news
1152379,2019,opinions,op-ed
1152177,2019,news,news
1152196,2019,opinions,op-ed
1152194,2019,opinions,opinion
1152239,2019,opinions,op-ed
1152378,2019,opinions,op-ed
1152315,2019,news,news
1152280,2019,news,news
1152386,2019,news,news
1152380,2019,news,news
1152390,2019,news,news
1152327,2019,news,news
1152323,2019,opinions,op-ed
1152262,2019,opinions,op-ed
1152263,2019,opinions,op-ed
1152013,2019,news,other
1152481,2019,news,news
1152468,2019,news,news
1152493,2019,news,news
1152486,2019,news,news
1152424,2019,opinions,opinion
1152504,2019,opinions,op-ed
1152426,2019,opinions,op-ed
1152422,2019,opinions,column
1152584,2019,news,news
1152581,2019,opinions,opinion
1152586,2019,news,news
1152592,2019,news,news
1152593,2019,news,news
1152639,2019,news,news
1152628,2019,opinions,op-ed
1152633,2019,news,news
1152719,2019,news,news
1152649,2019,opinions,op-ed
1152673,2019,opinions,opinion
1152669,2019,news,news
1152813,2019,news,news
1152753,2019,opinions,opinion
1152796,2019,news,news
1152765,2019,news,news
1152818,2019,news,news
1152821,2019,news,news
1152832,2019,news,news
1152842,2019,news,news
1152806,2019,news,news
1152809,2019,news,news
1152906,2019,news,news
1152904,2019,news,news
1152894,2019,news,news
1152949,2019,news,news
1152849,2019,opinions,op-ed
1152848,2019,opinions,op-ed
1152895,2019,news,news
1153044,2019,opinions,opinion
1152936,2019,opinions,op-ed
1153029,2019,news,news
1152981,2019,news,news
1152958,2019,news,news
1152929,2019,news,news
1152938,2019,news,news
1153020,2019,opinions,opinion
1153041,2019,opinions,column
1153110,2019,news,news
1153027,2019,news,news
1153064,2019,news,news
1153102,2019,news,news
1153056,2019,news,news
1153154,2019,news,news
1153178,2019,news,news
1153187,2019,news,news
1153196,2019,news,news
1153194,2019,opinions,opinion
1153169,2019,opinions,op-ed
1153168,2019,opinions,op-ed
1153231,2019,opinions,opinion
1153289,2019,opinions,op-ed
1153347,2019,news,news
1153298,2019,news,news
1153295,2019,news,news
1153338,2019,news,news
1153439,2019,news,news
1153420,2019,opinions,column
1153446,2019,opinions,column
1153450,2019,news,news
1153490,2019,news,news
1153476,2019,news,news
1153404,2019,opinions,column
1153542,2019,news,news
1153605,2019,news,news
1153521,2019,opinions,opinion
1153555,2019,opinions,column
1153539,2019,opinions,column
1153545,2019,news,news
1153528,2019,news,news
1153589,2019,news,news
1153638,2019,opinions,opinion
1153731,2019,news,news
1153714,2019,news,news
1153663,2019,news,news
1153655,2019,news,news
1153806,2019,opinions,opinion
1153852,2019,news,news
1153800,2019,news,news
1153788,2019,news,news
1153810,2019,news,news
1153764,2019,news,news
1153858,2019,opinions,opinion
1153804,2019,opinions,op-ed
1153805,2019,opinions,opinion
1153924,2019,opinions,op-ed
1153883,2019,news,news
1153974,2019,news,news
1153910,2019,news,news
1153937,2019,news,news
1153992,2019,news,news
1154012,2019,news,news
1153996,2019,opinions,opinion
1154020,2019,news,news
1154010,2019,news,news
1154063,2019,news,news
1154021,2019,news,news
1154018,2019,news,news
1154054,2019,news,news
1154114,2019,news,news
1154122,2019,news,news
1154128,2019,opinions,op-ed
1154082,2019,opinions,op-ed
1154115,2019,news,news
1154119,2019,news,news
1154161,2019,opinions,column
1154190,2019,news,news
1154188,2019,news,news
1154216,2019,news,news
1154154,2019,news,news
1154175,2019,news,news
1154232,2019,news,news
1154253,2019,news,news
1154220,2019,news,news
1154268,2019,news,news
1154245,2019,news,news
1154330,2019,opinions,op-ed
1154261,2019,opinions,op-ed
1154258,2019,opinions,op-ed
1154259,2019,opinions,op-ed
1154260,2019,opinions,op-ed
1154302,2019,opinions,opinion
1154311,2019,opinions,column
1154321,2019,news,news
1154435,2019,news,news
1154347,2019,news,news
1154306,2019,news,news
1154315,2019,news,news
1154396,2019,opinions,column
1154420,2019,news,news
1154416,2019,news,news
1154418,2019,news,news
1154528,2019,opinions,opinion
1154461,2019,opinions,opinion
1154630,2019,news,news
1154583,2019,news,news
1154645,2019,news,news
1154555,2019,news,news
1154551,2019,news,news
1154579,2019,news,news
1154618,2019,opinions,column
1154664,2019,news,news
1154615,2019,news,news
1154642,2019,news,news
1154644,2019,news,news
1154621,2019,opinions,opinion
1154609,2019,opinions,op-ed
1154601,2019,opinions,op-ed
1154779,2019,news,news
1154734,2019,opinions,opinion
1154722,2019,opinions,column
1154721,2019,opinions,column
1154730,2019,news,news
1154797,2019,news,news
1154772,2019,news,news
1154773,2019,news,news
1154808,2019,news,news
1154796,2019,opinions,op-ed
1154812,2019,opinions,column
1154803,2019,news,news
1154856,2019,news,news
1154834,2019,news,news
1154860,2019,news,news
1154829,2019,opinions,column
1154904,2019,news,news
1154891,2019,opinions,opinion
1154892,2019,opinions,opinion
1154908,2019,news,news
1154893,2019,news,news
1154939,2019,news,news
1154867,2019,opinions,column
1154896,2019,news,news
1154966,2019,opinions,opinion
1155008,2019,news,news
1154999,2019,news,news
1154972,2019,news,news
1155017,2019,opinions,op-ed
1155076,2019,news,news
1155068,2019,news,news
1155018,2019,opinions,opinion
1155072,2019,news,news
1155086,2019,news,news
1155067,2019,news,news
1155046,2019,opinions,op-ed
1155138,2019,news,news
1155191,2019,news,news
1155150,2019,news,news
1155158,2019,news,news
1155149,2019,opinions,opinion
1155160,2019,opinions,op-ed
1155162,2019,opinions,column
1155250,2019,news,news
1155220,2019,news,news
1155225,2019,news,news
1155204,2019,news,news
1155224,2019,opinions,column
1155227,2019,opinions,op-ed
1155307,2019,news,news
1155274,2019,opinions,column
1155264,2019,news,news
1155292,2019,news,news
1155284,2019,news,news
1155269,2019,news,news
1155370,2019,opinions,op-ed
1155352,2019,opinions,op-ed
1155421,2019,news,news
1155350,2019,news,news
1155367,2019,news,news
1155366,2019,news,news
1155130,2019,news,news
1155415,2019,news,news
1155340,2019,news,news
1155429,2019,news,news
1155446,2019,news,news
1155491,2019,news,news
1155417,2019,news,news
1155441,2019,opinions,opinion
1155517,2019,news,news
1155521,2019,news,news
1155515,2019,news,news
1155546,2019,news,news
1155541,2019,opinions,column
1155559,2019,opinions,opinion
1155607,2019,news,news
1155570,2019,news,news
1155596,2019,news,news
1155586,2019,news,news
1155654,2019,news,news
1155667,2019,news,news
1155662,2019,news,news
1155628,2019,opinions,op-ed
1155752,2019,opinions,opinion
1155754,2019,news,news
1155721,2019,news,news
1155689,2019,news,news
1155657,2019,news,news
1155673,2019,news,news
1155725,2019,opinions,column
1155706,2019,opinions,opinion
1155748,2019,news,news
1155769,2019,opinions,opinion
1155707,2019,news,news
1155746,2019,news,news
1155772,2019,news,news
1155930,2019,news,news
1155843,2019,opinions,opinion
1155818,2019,opinions,op-ed
1155839,2019,opinions,opinion
1155816,2019,opinions,op-ed
1155992,2019,news,news
1155988,2019,news,news
1155878,2019,news,news
1155798,2019,news,news
1155861,2019,news,news
1155858,2019,news,news
1155910,2019,news,news
1155774,2019,news,news
1156024,2019,news,news
1155863,2019,news,news
1156050,2019,news,news
1155851,2019,opinions,opinion
1155893,2019,opinions,op-ed
1155841,2019,opinions,column
1156065,2019,news,news
1156077,2019,news,news
1156104,2019,news,news
1155813,2019,opinions,op-ed
1155892,2019,opinions,opinion
1155846,2019,opinions,column
1156111,2019,news,news
1156128,2019,news,news
1156127,2019,news,news
1155883,2019,opinions,column
1156123,2019,news,news
1156143,2019,opinions,column
1156141,2019,news,news
1156138,2019,news,news
1156134,2019,news,news
1156166,2019,news,news
1156170,2019,news,news
1156171,2019,news,news
1156174,2019,opinions,op-ed
1156176,2019,news,news
1156181,2019,news,news
1156186,2019,news,news
1156184,2019,opinions,column
1155990,2019,opinions,opinion
1155924,2019,opinions,opinion
1156120,2019,opinions,opinion
1155868,2019,opinions,opinion
1155812,2019,opinions,opinion
1155814,2019,opinions,opinion
1155819,2019,opinions,opinion
1156194,2019,news,news
1156203,2019,news,news
1156224,2019,news,news
1156222,2019,opinions,op-ed
1156228,2019,news,news
1156234,2019,opinions,op-ed
1156241,2019,opinions,op-ed
1156230,2019,news,news
1156302,2019,news,news
1156315,2019,news,news
1156324,2019,news,news
1156339,2019,news,news
1156355,2019,news,news
1156352,2019,news,news
1156362,2019,news,news
1156365,2019,news,news
1156369,2019,news,news
1156379,2019,news,news
1156382,2019,news,news
1156376,2019,news,news
1156388,2019,news,news
1156391,2019,news,news
1156393,2019,news,news
1156407,2019,news,news
1156417,2019,news,news
1156421,2019,news,news
1156404,2019,news,news
1156427,2019,news,news
1156442,2019,opinions,op-ed
1156438,2019,opinions,op-ed
1156447,2019,news,news
1156454,2019,news,news
1156457,2019,news,news
1156462,2019,news,news
1156470,2019,news,news
1156496,2019,news,news
1156495,2019,opinions,op-ed
1156489,2019,news,news
1156487,2019,news,news
1156491,2019,news,news
1156500,2019,news,news
1156505,2019,news,news
1156519,2019,news,news
1156535,2019,news,news
1156558,2019,news,news
1156547,2019,news,news
1156561,2019,opinions,opinion
1156594,2019,opinions,op-ed
1156634,2019,news,news
1156654,2019,news,news
1156638,2019,news,news
1156644,2019,news,news
1156674,2019,opinions,op-ed
1156718,2019,news,news
1156739,2019,opinions,opinion
1156756,2019,news,news
1156773,2019,news,news
1156757,2019,news,news
1156797,2019,opinions,op-ed
1156805,2019,news,news
1156833,2019,news,news
1156847,2019,news,news
1156861,2019,news,news
1156914,2019,news,news
1156966,2019,news,news
1156987,2019,news,news
1157024,2019,news,news
1157000,2019,news,news
1157022,2019,news,news
1157035,2019,news,news
1156992,2019,opinions,op-ed
1157059,2019,news,news
1157079,2019,news,news
1157095,2019,news,news
1157139,2019,opinions,op-ed
1157134,2019,news,news
1157145,2019,news,news
1157177,2019,news,news
1157209,2019,news,news
1157233,2019,news,news
1157232,2019,news,news
1157238,2019,news,news
1157267,2019,news,news
1157260,2019,news,news
1157264,2019,news,news
1157304,2019,news,news
1157236,2019,news,news
1157343,2019,news,news
1157364,2019,news,news
1157411,2019,news,news
1157418,2019,news,news
1157464,2019,news,news
1157455,2019,opinions,op-ed
1157386,2019,news,news
1157469,2019,news,news
1157546,2019,opinions,op-ed
1157569,2019,opinions,column
1157474,2019,opinions,opinion
1157651,2019,news,news
1157549,2019,news,news
1157551,2019,news,news
1157637,2019,news,news
1157627,2019,news,news
1157555,2019,news,news
1157626,2019,news,news
1157600,2019,opinions,op-ed
1157689,2019,opinions,op-ed
1157759,2019,news,news
1157675,2019,news,news
1157699,2019,news,news
1157697,2019,news,news
1157598,2019,news,news
1157766,2019,news,news
1157725,2019,opinions,opinion
1157724,2019,opinions,opinion
1157730,2019,news,news
1157737,2019,news,news
1157791,2019,news,news
1157847,2019,news,news
1157858,2019,news,news
1157831,2019,opinions,opinion
1157903,2019,news,news
1157908,2019,news,news
1157936,2019,news,news
1157902,2019,news,news
1157910,2019,news,news
1157999,2019,news,news
1157986,2019,news,news
1157985,2019,opinions,column
1157996,2019,news,news
1157981,2019,news,news
1158038,2019,news,news
1158030,2019,news,news
1158024,2019,news,news
1158026,2019,news,news
1158061,2019,news,news
1158100,2019,news,news
1158064,2019,news,news
1158093,2019,opinions,column
1158195,2019,news,news
1158181,2019,news,news
1158197,2019,news,news
1158191,2019,news,news
1158193,2019,opinions,column
1158225,2019,news,news
1158267,2019,news,news
1158260,2019,news,news
1158270,2019,news,news
1158258,2019,news,news
1158300,2019,news,news
1158264,2019,opinions,column
1158361,2019,news,news
1158409,2019,news,news
1158339,2019,news,news
1158302,2019,opinions,column
1158336,2019,news,news
1158394,2019,opinions,column
1158342,2019,news,news
1158372,2019,news,news
1158375,2019,news,news
1158404,2019,news,news
1158445,2019,news,news
1158436,2019,news,news
1158443,2019,news,news
1158444,2019,news,news
1158425,2019,news,news
1158491,2019,news,news
1158449,2019,opinions,column
1158498,2019,news,news
1158574,2019,opinions,op-ed
1158468,2019,opinions,column
1158584,2019,news,news
1158637,2019,news,news
1158641,2019,news,news
1158612,2019,news,news
1158616,2019,opinions,column
1158509,2019,news,news
1158693,2019,news,news
1158704,2019,news,news
1158703,2019,news,news
1158688,2019,news,news
1158658,2019,news,news
1158654,2019,news,news
1158659,2019,opinions,column
1158717,2019,opinions,op-ed
1158718,2019,opinions,opinion
1158802,2019,news,news
1158807,2019,news,news
1158755,2019,news,news
1158725,2019,news,news
1158757,2019,news,news
1158723,2019,news,news
1158768,2019,news,news
1158808,2019,news,news
1158610,2019,news,news
1158817,2019,opinions,opinion
1158812,2019,opinions,opinion
1158893,2019,news,news
1158933,2019,opinions,editorial
1158936,2019,opinions,opinion
1158920,2019,news,news
1158910,2019,news,news
1159024,2019,news,news
1158953,2019,news,news
1158984,2019,news,news
1159032,2019,news,news
1158975,2019,opinions,column
1158943,2019,opinions,op-ed
1159038,2019,opinions,op-ed
1159065,2019,news,news
1159085,2019,news,news
1159084,2019,news,news
1159083,2019,news,news
1159088,2019,news,news
1159046,2019,opinions,opinion
1159111,2019,opinions,op-ed
1159095,2019,opinions,op-ed
1159037,2019,opinions,column
1159150,2019,news,news
1159139,2019,news,news
1159121,2019,news,news
1159138,2019,news,news
1159178,2019,news,news
1159223,2019,news,news
1159221,2019,news,news
1159253,2019,news,news
1159281,2019,news,news
1159204,2019,opinions,opinion
1159198,2019,opinions,opinion
1159314,2019,opinions,opinion
1159339,2019,news,news
1159319,2019,news,other
1159315,2019,opinions,opinion
1159432,2019,news,news
1159434,2019,news,news
1159435,2019,news,news
1159410,2019,news,news
1159429,2019,news,news
1159430,2019,news,news
1159386,2019,news,news
1159404,2019,opinions,opinion
1159408,2019,opinions,opinion
1159512,2019,opinions,opinion
1159510,2019,opinions,opinion
1159476,2019,opinions,opinion
1159482,2019,news,news
1159472,2019,news,news
1159495,2019,news,news
1159498,2019,news,news
1159534,2019,news,news
1159591,2019,news,news
1159568,2019,news,news
1159586,2019,news,news
1159578,2019,news,news
1159574,2019,news,news
1159606,2019,news,news
1159622,2019,news,news
1159655,2019,news,news
1159564,2019,news,news
1159679,2019,opinions,op-ed
1159034,2019,opinions,column
1159674,2019,news,news
1159654,2019,opinions,opinion
1159786,2019,opinions,op-ed
1159752,2019,opinions,op-ed
1159811,2019,news,news
1159768,2019,news,news
1159743,2019,news,news
1159878,2019,news,news
1159853,2019,news,news
1159876,2019,news,news
1159850,2019,news,news
1159828,2019,opinions,opinion
1159621,2019,news,news
1159882,2019,news,news
1159910,2019,news,news
1160020,2019,opinions,opinion
1159916,2019,opinions,op-ed
1159959,2019,news,news
1159923,2019,opinions,column
1159936,2019,news,news
1160024,2019,opinions,column
1159942,2019,news,news
1159994,2019,news,news
1159949,2019,news,news
1159993,2019,news,news
1160030,2019,news,news
1160033,2019,news,news
1159996,2019,news,news
1160053,2019,opinions,op-ed
1160113,2019,news,news
1160051,2019,opinions,column
1160066,2019,opinions,column
1160107,2019,news,news
1160098,2019,news,news
1160101,2019,news,news
1160142,2019,news,news
1160139,2019,news,news
1160208,2019,news,news
1160205,2019,news,news
1160180,2019,opinions,op-ed
1160159,2019,opinions,opinion
1160288,2019,news,news
1160284,2019,news,news
1160258,2019,news,news
1160280,2019,opinions,op-ed
1160277,2019,opinions,column
1160178,2019,opinions,column
1160275,2019,opinions,op-ed
1160281,2019,news,news
1160313,2019,news,news
1160454,2019,news,news
1160419,2019,news,news
1160459,2019,news,news
1160457,2019,news,news
1160455,2019,news,news
1160363,2019,news,news
1160379,2019,news,news
1160354,2019,news,news
1160377,2019,news,news
1160357,2019,opinions,column
1160322,2019,opinions,column
1160338,2019,opinions,op-ed
1160416,2019,opinions,column
1160410,2019,opinions,column
1160339,2019,news,news
1160414,2019,opinions,op-ed
1160529,2019,news,news
1160520,2019,news,news
1160523,2019,news,news
1160522,2019,news,news
1160510,2019,opinions,column
1160531,2019,opinions,op-ed
1160518,2019,opinions,op-ed
1160572,2019,news,news
1160648,2019,news,news
1160617,2019,news,news
1160665,2019,news,news
1160634,2019,opinions,column
1160746,2019,news,news
1160724,2019,news,news
1160700,2019,news,news
1160720,2019,opinions,op-ed
1160738,2019,opinions,op-ed
1160855,2019,news,news
1160803,2019,news,news
1160801,2019,news,news
1160845,2019,news,news
1160894,2019,news,news
1160876,2019,news,news
1160807,2019,opinions,opinion
1160858,2019,news,news
1160895,2019,news,news
1161004,2019,news,news
1160938,2019,news,news
1160947,2019,news,news
1160962,2019,news,news
1161213,2019,news,news
1161120,2019,news,news
1161002,2019,news,news
1160999,2019,news,news
1160781,2019,opinions,column
1160944,2019,opinions,column
1160941,2019,opinions,column
1161197,2019,opinions,op-ed
1161172,2019,opinions,column
1161153,2019,news,news
1161141,2019,news,news
1161192,2019,news,news
1161196,2019,news,news
1161217,2019,news,news
1161166,2019,opinions,column
1161275,2019,news,news
1161207,2019,news,news
1161165,2019,opinions,column
1161314,2019,news,news
1161355,2019,news,news
1160326,2019,opinions,column
1161374,2019,opinions,op-ed
1161490,2019,news,news
1161467,2019,news,news
1161499,2019,news,news
1161432,2019,opinions,column
1161380,2019,opinions,column
1161513,2019,news,news
1161544,2019,news,news
1161475,2019,news,news
1161541,2019,news,news
1161441,2019,opinions,op-ed
1161424,2019,opinions,column
1161546,2019,opinions,column
1161570,2019,opinions,op-ed
1161649,2019,news,news
1161636,2019,news,news
1161586,2019,news,news
1161590,2019,news,news
1161563,2019,news,news
1161600,2019,news,news
1161564,2019,news,news
1161565,2019,news,news
1161646,2019,news,news
1161605,2019,news,news
1161656,2019,news,news
1161543,2019,opinions,op-ed
1161568,2019,news,news
1161716,2019,news,news
1161528,2019,news,news
1161426,2019,opinions,column
1161750,2019,news,news
1161742,2019,news,news
1161735,2019,news,news
1161754,2019,news,news
1161751,2019,news,news
1161792,2019,news,news
1161831,2019,news,news
1161790,2019,news,news
1161842,2019,news,news
1161839,2019,news,news
1161870,2019,news,news
1161885,2019,news,news
1161894,2019,news,news
1161927,2019,news,news
1161929,2019,news,news
1161938,2019,news,news
1161956,2019,news,news
1161964,2019,news,news
1161937,2019,news,news
1161976,2020,news,news
1161748,2020,news,news
1161428,2020,opinions,opinion
1162075,2020,opinions,op-ed
1162114,2020,news,news
1162097,2020,news,news
1162117,2020,news,news
1162155,2020,news,news
1162212,2020,opinions,op-ed
1162152,2020,news,news
1162197,2020,news,news
1162192,2020,news,news
1162180,2020,news,news
1162205,2020,news,news
1162292,2020,news,news
1162322,2020,news,news
1162365,2020,news,news
1162334,2020,opinions,op-ed
1162259,2020,opinions,opinion
1162279,2020,news,news
1162268,2020,news,news
1162374,2020,news,news
1162405,2020,news,news
1162401,2020,news,news
1162431,2020,news,news
1162478,2020,news,news
1162482,2020,news,news
1162492,2020,news,news
1162447,2020,opinions,op-ed
1162497,2020,opinions,opinion
1162540,2020,news,news
1162547,2020,news,news
1162522,2020,news,news
1162525,2020,news,news
1162571,2020,news,news
1162573,2020,news,news
1162588,2020,news,news
1162649,2020,news,news
1162700,2020,opinions,opinion
1162653,2020,opinions,op-ed
1162648,2020,news,news
1162693,2020,opinions,opinion
1162782,2020,news,news
1162751,2020,news,news
1162635,2020,news,news
1162683,2020,news,news
1162689,2020,news,news
1162717,2020,news,news
1162748,2020,news,news
1162740,2020,news,news
1162752,2020,news,news
1162863,2020,news,news
1162775,2020,opinions,opinion
1162827,2020,news,news
1162856,2020,news,news
1162826,2020,opinions,op-ed
1162879,2020,news,news
1162934,2020,opinions,opinion
1162904,2020,news,news
1162945,2020,news,news
1162942,2020,news,news
1162995,2020,opinions,opinion
1163007,2020,news,news
1162999,2020,news,news
1163001,2020,news,news
1162982,2020,opinions,op-ed
1163047,2020,news,news
1163056,2020,news,news
1163046,2020,opinions,opinion
1163084,2020,news,news
1162670,2020,opinions,opinion
1163128,2020,news,news
1163096,2020,opinions,op-ed
1163111,2020,news,news
1163099,2020,news,news
1163100,2020,news,news
1163191,2020,news,news
1163195,2020,news,news
1163189,2020,news,news
1163221,2020,opinions,op-ed
1163156,2020,news,news
1163174,2020,opinions,op-ed
1163234,2020,news,news
1163369,2020,news,news
1163361,2020,news,news
1163449,2020,news,news
1163408,2020,news,news
1163413,2020,news,news
1163364,2020,news,news
1163329,2020,opinions,op-ed
1163321,2020,opinions,opinion
1163453,2020,news,news
1163437,2020,news,news
1163435,2020,news,news
1163400,2020,opinions,column
1163398,2020,opinions,column
1163506,2020,news,news
1163534,2020,news,news
1163480,2020,opinions,opinion
1163481,2020,opinions,op-ed
1163476,2020,opinions,opinion
1163535,2020,news,news
1163501,2020,news,news
1163498,2020,news,news
1163483,2020,news,news
1163451,2020,news,news
1163560,2020,news,news
1163645,2020,news,news
1163628,2020,news,news
1163636,2020,news,news
1163632,2020,news,news
1163538,2020,news,news
1163565,2020,news,news
1163530,2020,opinions,column
1163531,2020,opinions,op-ed
1163600,2020,opinions,column
1163609,2020,opinions,opinion
1163702,2020,opinions,opinion
1163811,2020,news,news
1163725,2020,news,news
1163763,2020,news,news
1163761,2020,news,news
1163751,2020,news,news
1163820,2020,news,news
1163796,2020,opinions,op-ed
1163707,2020,opinions,op-ed
1163720,2020,opinions,opinion
1163743,2020,opinions,opinion
1163908,2020,news,news
1163911,2020,news,news
1163921,2020,news,news
1163922,2020,news,news
1163915,2020,news,news
1163826,2020,opinions,op-ed
1163886,2020,news,news
1163841,2020,news,news
1163806,2020,news,news
1163829,2020,news,news
1163945,2020,news,news
1163977,2020,news,news
1163967,2020,news,news
1163954,2020,news,news
1163984,2020,news,news
1164062,2020,news,news
1164017,2020,news,news
1164055,2020,news,news
1163940,2020,opinions,opinion
1164011,2020,opinions,op-ed
1164010,2020,opinions,opinion
1164056,2020,news,news
1164066,2020,news,news
1164178,2020,news,news
1164177,2020,news,news
1164201,2020,news,news
1164083,2020,opinions,op-ed
1164235,2020,news,news
1164250,2020,news,news
1164241,2020,news,news
1164262,2020,news,news
1164164,2020,opinions,op-ed
1164300,2020,news,news
1164282,2020,opinions,op-ed
1164226,2020,opinions,column
1164218,2020,opinions,opinion
1164263,2020,news,news
1164318,2020,news,news
1164314,2020,news,news
1164284,2020,news,news
1164321,2020,news,news
1164343,2020,news,news
1164366,2020,news,news
1164373,2020,news,news
1164346,2020,news,news
1164362,2020,news,news
1164345,2020,opinions,column
1164348,2020,opinions,opinion
1164403,2020,news,news
1164406,2020,news,news
1164432,2020,news,news
1164469,2020,opinions,opinion
1164455,2020,news,news
1164485,2020,news,news
1164519,2020,news,news
1164533,2020,news,news
1164530,2020,news,news
1164423,2020,opinions,op-ed
1164422,2020,opinions,op-ed
1164585,2020,news,news
1164581,2020,news,news
1164594,2020,news,news
1164590,2020,news,news
1164592,2020,news,news
1164513,2020,opinions,op-ed
1164563,2020,opinions,opinion
1164550,2020,opinions,opinion
1164578,2020,news,news
1164614,2020,opinions,op-ed
1164629,2020,news,news
1164647,2020,news,news
1164645,2020,news,news
1164609,2020,news,news
1164621,2020,news,news
1164729,2020,news,news
1164676,2020,news,news
1164672,2020,news,news
1164698,2020,news,news
1164723,2020,news,news
1164693,2020,news,news
1164738,2020,news,news
1164712,2020,opinions,opinion
1164713,2020,opinions,opinion
1164767,2020,news,news
1164757,2020,news,news
1164744,2020,news,news
1164819,2020,opinions,opinion
1164815,2020,news,news
1164783,2020,news,news
1164800,2020,news,news
1164782,2020,opinions,op-ed
1164785,2020,opinions,opinion
1164781,2020,opinions,opinion
1164865,2020,news,news
1164866,2020,news,news
1164837,2020,news,news
1164889,2020,news,news
1164883,2020,news,news
1164931,2020,news,news
1164953,2020,news,news
1164927,2020,news,news
1164961,2020,news,news
1164845,2020,opinions,column
1164846,2020,opinions,opinion
1164963,2020,news,news
1164936,2020,news,news
1165022,2020,news,news
1164983,2020,news,news
1164987,2020,opinions,op-ed
1164921,2020,opinions,op-ed
1164922,2020,opinions,op-ed
1164989,2020,opinions,opinion
1164991,2020,news,news
1165025,2020,news,news
1165026,2020,news,news
1165017,2020,news,news
1164885,2020,news,news
1165105,2020,news,news
1165080,2020,news,news
1165108,2020,news,news
1165102,2020,news,news
1165064,2020,news,news
1165054,2020,news,news
1165116,2020,news,news
1165115,2020,news,news
1165144,2020,news,news
1165143,2020,news,news
1165059,2020,opinions,op-ed
1165058,2020,opinions,op-ed
1165213,2020,news,news
1165226,2020,opinions,op-ed
1165225,2020,opinions,opinion
1165257,2020,news,news
1165261,2020,news,news
1165270,2020,news,news
1165290,2020,news,news
1165253,2020,opinions,op-ed
1165228,2020,opinions,op-ed
1165271,2020,news,news
1165335,2020,opinions,op-ed
1165373,2020,opinions,op-ed
1165319,2020,opinions,op-ed
1165333,2020,opinions,opinion
1165237,2020,news,news
1165296,2020,news,news
1165329,2020,news,news
1165322,2020,news,news
1165368,2020,news,news
1165341,2020,news,news
1165366,2020,news,news
1165398,2020,news,news
1165391,2020,news,news
1165379,2020,opinions,op-ed
1165394,2020,opinions,opinion
1165397,2020,opinions,opinion
1165420,2020,opinions,opinion
1165415,2020,opinions,op-ed
1165414,2020,opinions,editorial
1165417,2020,news,news
1165403,2020,news,news
1165449,2020,news,news
1165428,2020,news,news
1165424,2020,news,news
1165430,2020,opinions,opinion
1165342,2020,news,news
1165452,2020,news,news
1165454,2020,news,news
1165471,2020,news,news
1165486,2020,news,news
1165498,2020,news,news
1165338,2020,news,news
1165479,2020,news,news
1165508,2020,news,news
1165523,2020,opinions,op-ed
1165528,2020,opinions,opinion
1165526,2020,opinions,opinion
1165535,2020,news,news
1165546,2020,news,news
1165548,2020,opinions,op-ed
1165550,2020,news,news
1165565,2020,news,news
1165568,2020,news,news
1165585,2020,news,news
1165578,2020,opinions,op-ed
1165571,2020,opinions,op-ed
1165591,2020,opinions,op-ed
1165594,2020,opinions,op-ed
1165593,2020,opinions,op-ed
1165599,2020,news,news
1165348,2020,news,news
1165605,2020,opinions,op-ed
1165613,2020,opinions,opinion
1165211,2020,news,news
1165644,2020,news,news
1165655,2020,news,news
1165658,2020,opinions,opinion
1165648,2020,opinions,op-ed
1165656,2020,news,news
1165652,2020,news,news
1165650,2020,news,news
1165154,2020,news,news
1165663,2020,news,news
1165685,2020,news,news
1165666,2020,news,news
1165673,2020,news,news
1165681,2020,news,news
1165671,2020,opinions,opinion
1165687,2020,opinions,op-ed
1165719,2020,news,news
1165708,2020,news,news
1165711,2020,news,news
1165735,2020,opinions,op-ed
1165730,2020,opinions,opinion
1165734,2020,opinions,op-ed
1165746,2020,news,news
1165700,2020,news,news
1165756,2020,opinions,op-ed
1165774,2020,news,news
1165753,2020,news,news
1165800,2020,news,news
1165785,2020,news,news
1165795,2020,opinions,op-ed
1165807,2020,news,news
1165798,2020,news,news
1165801,2020,news,news
1165848,2020,news,news
1165864,2020,news,news
1165879,2020,news,news
1165875,2020,news,news
1165849,2020,news,news
1165898,2020,news,news
1165908,2020,news,news
1165856,2020,news,news
1165895,2020,opinions,op-ed
1165752,2020,opinions,opinion
1165897,2020,opinions,opinion
1165938,2020,news,news
1165949,2020,news,news
1165953,2020,news,news
1165966,2020,opinions,op-ed
1165964,2020,opinions,op-ed
1165955,2020,news,news
1165983,2020,news,news
1165259,2020,news,news
1165996,2020,news,news
1165989,2020,news,news
1166005,2020,news,news
1166024,2020,news,news
1166027,2020,news,news
1166031,2020,news,news
1166040,2020,opinions,opinion
1166034,2020,news,news
1166076,2020,news,news
1166073,2020,news,news
1166079,2020,news,news
1166068,2020,news,news
1166072,2020,opinions,op-ed
1166137,2020,news,news
1166135,2020,news,news
1166130,2020,news,news
1166133,2020,news,news
1166128,2020,news,news
1166109,2020,news,news
1166094,2020,opinions,opinion
1166097,2020,opinions,op-ed
1166166,2020,news,news
1166185,2020,news,news
1166017,2020,opinions,op-ed
1166170,2020,opinions,op-ed
1166168,2020,opinions,opinion
1166163,2020,news,news
1166182,2020,news,news
1166184,2020,news,news
1166217,2020,news,news
1166224,2020,news,news
1166208,2020,opinions,column
1166221,2020,news,news
1166205,2020,news,news
1166278,2020,opinions,column
1166255,2020,opinions,op-ed
1166254,2020,opinions,op-ed
1166267,2020,news,news
1166280,2020,news,news
1166270,2020,news,news
1166274,2020,opinions,op-ed
1166322,2020,news,news
1166317,2020,news,news
1166312,2020,news,news
1166309,2020,news,news
1166302,2020,opinions,op-ed
1166304,2020,opinions,op-ed
1166362,2020,news,news
1166349,2020,news,news
1166347,2020,news,news
1166344,2020,news,news
1166340,2020,opinions,op-ed
1166402,2020,news,news
1166400,2020,news,news
1166382,2020,news,news
1166401,2020,news,news
1166385,2020,news,news
1166370,2020,opinions,op-ed
1166451,2020,news,news
1166449,2020,news,news
1166443,2020,news,news
1166435,2020,news,news
1166423,2020,news,news
1166416,2020,opinions,op-ed
1166421,2020,opinions,opinion
1166419,2020,news,news
1166476,2020,news,news
1166479,2020,news,news
1166483,2020,news,news
1166484,2020,news,news
1166481,2020,news,news
1166466,2020,opinions,opinion
1166519,2020,news,news
1166506,2020,news,news
1166577,2020,opinions,op-ed
1166583,2020,news,news
1166587,2020,news,news
1166486,2020,news,news
1166576,2020,opinions,op-ed
1166620,2020,news,news
1166631,2020,news,news
1166626,2020,news,news
1166630,2020,news,news
1166597,2020,opinions,op-ed
1166598,2020,opinions,opinion
1166659,2020,news,news
1166658,2020,opinions,op-ed
1166675,2020,news,news
1166686,2020,news,news
1166689,2020,news,news
1166744,2020,news,news
1166737,2020,news,news
1166734,2020,news,news
1166706,2020,opinions,editorial
1166705,2020,opinions,op-ed
1166748,2020,news,news
1166777,2020,news,news
1166780,2020,news,news
1166764,2020,opinions,op-ed
1166766,2020,opinions,op-ed
1166795,2020,news,news
1166791,2020,news,news
1166784,2020,news,news
1166768,2020,opinions,op-ed
1166825,2020,news,news
1166783,2020,news,news
1166872,2020,news,news
1166882,2020,news,news
1166864,2020,opinions,opinion
1166914,2020,opinions,op-ed
1166916,2020,opinions,op-ed
1166955,2020,news,news
1166868,2020,news,news
1166877,2020,news,news
1166933,2020,news,news
1166938,2020,news,news
1166932,2020,news,news
1166947,2020,news,news
1166949,2020,news,news
1166952,2020,news,news
1166994,2020,opinions,opinion
1167017,2020,news,news
1166999,2020,news,news
1167009,2020,news,news
1166990,2020,opinions,op-ed
1167012,2020,news,news
1166992,2020,opinions,opinion
1167035,2020,opinions,op-ed
1167040,2020,opinions,opinion
1167066,2020,news,news
1167072,2020,news,news
1167077,2020,news,news
1167055,2020,opinions,op-ed
1167052,2020,news,news
1167021,2020,news,news
1167086,2020,news,news
1167135,2020,news,news
1167127,2020,news,news
1167121,2020,news,news
1167145,2020,news,news
1167110,2020,news,news
1167134,2020,news,news
1167109,2020,opinions,column
1167131,2020,opinions,op-ed
1167205,2020,opinions,op-ed
1167232,2020,news,news
1167211,2020,news,news
1167229,2020,news,news
1167206,2020,opinions,column
1167273,2020,opinions,opinion
1167277,2020,opinions,op-ed
1167279,2020,news,news
1167292,2020,news,news
1167304,2020,news,news
1167311,2020,news,news
1167288,2020,news,news
1167360,2020,news,news
1167359,2020,news,news
1167367,2020,news,news
1167335,2020,opinions,op-ed
1167337,2020,opinions,op-ed
1166861,2020,news,news
1167417,2020,news,news
1167411,2020,opinions,opinion
1167423,2020,news,news
1167426,2020,news,news
1167429,2020,news,news
1167420,2020,news,news
1167395,2020,opinions,op-ed
1167469,2020,opinions,op-ed
1167515,2020,news,news
1167496,2020,news,news
1167462,2020,opinions,op-ed
1167476,2020,news,news
1167485,2020,news,news
1167479,2020,news,news
1167555,2020,news,news
1167385,2020,news,news
1167544,2020,news,news
1167603,2020,news,news
1167609,2020,news,news
1167629,2020,news,news
1167683,2020,news,news
1167687,2020,news,news
1167680,2020,news,news
1167670,2020,news,news
1167578,2020,opinions,op-ed
1167679,2020,news,news
1167675,2020,opinions,opinion
1167611,2020,opinions,editorial
1167673,2020,opinions,op-ed
1167705,2020,opinions,op-ed
1167718,2020,news,news
1167901,2020,news,news
1167894,2020,news,news
1167888,2020,news,news
1167889,2020,news,news
1167801,2020,news,news
1167780,2020,news,news
1167727,2020,news,news
1167743,2020,news,news
1167754,2020,news,news
1167905,2020,news,news
1167914,2020,news,news
1167713,2020,opinions,opinion
1167851,2020,opinions,op-ed
1167858,2020,opinions,op-ed
1167869,2020,opinions,opinion
1167878,2020,opinions,op-ed
1167918,2020,opinions,opinion
1167947,2020,news,news
1167939,2020,opinions,op-ed
1167872,2020,opinions,op-ed
1167952,2020,opinions,op-ed
1167933,2020,opinions,op-ed
1167973,2020,opinions,opinion
1167958,2020,news,news
1167950,2020,news,news
1168000,2020,news,news
1168047,2020,opinions,op-ed
1168122,2020,news,news
1167955,2020,news,news
1168068,2020,news,news
1168052,2020,news,news
1168115,2020,news,news
1168119,2020,news,news
1168121,2020,news,news
1168064,2020,news,news
1168062,2020,news,news
1168038,2020,opinions,opinion
1168034,2020,opinions,opinion
1168105,2020,opinions,opinion
1168107,2020,opinions,opinion
1168173,2020,opinions,opinion
1168069,2020,news,news
1168254,2020,opinions,opinion
1168273,2020,news,news
1168265,2020,news,news
1168277,2020,news,news
1168268,2020,news,news
1168188,2020,news,news
1168181,2020,news,news
1168256,2020,opinions,op-ed
1168198,2020,news,news
1165729,2020,news,news
1168264,2020,opinions,opinion
1168174,2020,news,news
1168321,2020,news,news
1168314,2020,news,news
1168355,2020,news,news
1168357,2020,news,news
1168358,2020,news,news
1168365,2020,news,news
1168366,2020,news,news
1168370,2020,news,news
1168326,2020,opinions,opinion
1168313,2020,opinions,opinion
1168343,2020,news,news
1168381,2020,news,news
1168384,2020,news,news
1168398,2020,opinions,op-ed
1168395,2020,opinions,op-ed
1168438,2020,news,news
1168445,2020,news,news
1168448,2020,news,news
1168443,2020,news,news
1168537,2020,news,news
1168518,2020,news,news
1168507,2020,news,news
1168470,2020,news,news
1168465,2020,opinions,opinion
1168464,2020,opinions,opinion
1168552,2020,news,news
1168521,2020,news,news
1168578,2020,news,news
1168569,2020,news,news
1168574,2020,news,news
1168559,2020,news,news
1168590,2020,news,news
1168644,2020,news,news
1168558,2020,opinions,opinion
1168641,2020,news,news
1168633,2020,news,news
1168635,2020,news,news
1168624,2020,news,news
1168653,2020,opinions,opinion
1168651,2020,opinions,opinion
1168640,2020,opinions,opinion
1168627,2020,opinions,opinion
1168652,2020,opinions,opinion
1168665,2020,opinions,opinion
1168681,2020,news,news
1168716,2020,opinions,opinion
1168715,2020,opinions,opinion
1168731,2020,news,news
1168733,2020,news,news
1168728,2020,news,news
1168757,2020,opinions,opinion
1168745,2020,opinions,op-ed
1168767,2020,news,news
1168772,2020,news,news
1168776,2020,news,news
1168755,2020,news,news
1168781,2020,news,news
1168790,2020,news,news
1168785,2020,news,news
1168796,2020,news,news
1168893,2020,news,news
1168869,2020,news,news
1168935,2020,news,news
1168941,2020,opinions,opinion
1168960,2020,opinions,opinion
1168931,2020,opinions,opinion
1168945,2020,opinions,opinion
1168977,2020,news,news
1168998,2020,news,news
1168955,2020,news,news
1168987,2020,opinions,opinion
1169001,2020,news,news
1169004,2020,opinions,op-ed
1168971,2020,opinions,opinion
1169014,2020,opinions,op-ed
1169047,2020,news,news
1169057,2020,news,news
1168990,2020,opinions,op-ed
1169015,2020,opinions,opinion
1169104,2020,news,news
1169103,2020,news,news
1169082,2020,news,news
1169063,2020,news,news
1169067,2020,news,news
1169086,2020,news,news
1169048,2020,news,news
1169109,2020,news,news
1169107,2020,opinions,opinion
1169112,2020,news,news
1169182,2020,opinions,opinion
1169222,2020,news,news
1169219,2020,news,news
1169217,2020,news,news
1169192,2020,news,news
1169183,2020,opinions,opinion
1169154,2020,opinions,opinion
1169156,2020,opinions,opinion
1169209,2020,news,news
1169168,2020,opinions,opinion
1169277,2020,opinions,opinion
1169224,2020,opinions,op-ed
1169293,2020,news,news
1169304,2020,news,news
1169289,2020,news,news
1169309,2020,news,news
1169238,2020,news,news
1169274,2020,opinions,opinion
1169276,2020,opinions,opinion
1169267,2020,news,news
1169353,2020,opinions,opinion
1169344,2020,news,news
1169341,2020,news,news
1169346,2020,opinions,opinion
1169334,2020,news,news
1169381,2020,opinions,op-ed
1169390,2020,news,news
1169336,2020,news,news
1169382,2020,opinions,op-ed
1169405,2020,opinions,opinion
1169380,2020,opinions,opinion
1169302,2020,news,news
1169416,2020,news,news
1169433,2020,news,news
1169430,2020,opinions,opinion
1169429,2020,opinions,opinion
1169436,2020,opinions,opinion
1169432,2020,opinions,opinion
1169482,2020,news,news
1169475,2020,opinions,opinion
1169474,2020,opinions,op-ed
1169500,2020,news,news
1169492,2020,news,news
1169479,2020,opinions,opinion
1169532,2020,opinions,op-ed
1169535,2020,opinions,opinion
1169540,2020,opinions,opinion
1169509,2020,opinions,opinion
1169543,2020,news,news
1169555,2020,news,news
1169559,2020,news,news
1169585,2020,news,news
1169572,2020,opinions,op-ed
1169561,2020,opinions,opinion
1169597,2020,opinions,op-ed
1169595,2020,opinions,op-ed
1169642,2020,news,news
1169508,2020,opinions,op-ed
1169601,2020,opinions,op-ed
1169588,2020,opinions,opinion
1169556,2020,opinions,opinion
1169641,2020,news,news
1169592,2020,opinions,opinion
1169587,2020,opinions,opinion
1169607,2020,opinions,opinion
1169666,2020,news,news
1169668,2020,news,news
1169685,2020,news,news
1169688,2020,news,news
1169722,2020,news,news
1169716,2020,news,news
1169715,2020,opinions,opinion
1169714,2020,opinions,opinion
1169729,2020,news,news
1169790,2020,news,news
1169787,2020,opinions,opinion
1169741,2020,opinions,op-ed
1169785,2020,news,news
1169814,2020,news,news
1169815,2020,news,news
1169801,2020,news,news
1169682,2020,opinions,opinion
1169742,2020,opinions,opinion
1169820,2020,news,news
1169796,2020,news,news
1169775,2020,opinions,opinion
1169825,2020,news,news
1169837,2020,news,news
1169860,2020,news,news
1169845,2020,news,news
1169848,2020,opinions,column
1169844,2020,news,news
1169882,2020,news,news
1169874,2020,opinions,op-ed
1169919,2020,opinions,op-ed
1169893,2020,news,news
1169937,2020,news,news
1169927,2020,news,news
1169854,2020,opinions,op-ed
1169916,2020,news,news
1169942,2020,opinions,opinion
1169929,2020,news,news
1169966,2020,news,news
1169923,2020,opinions,op-ed
1169744,2020,opinions,op-ed
1169948,2020,opinions,op-ed
1169915,2020,news,news
1169987,2020,news,news
1169969,2020,opinions,op-ed
1169976,2020,news,news
1169993,2020,news,news
1170003,2020,news,news
1169999,2020,news,news
1170010,2020,opinions,op-ed
1170017,2020,news,news
1169973,2020,opinions,op-ed
1170049,2020,news,news
1170042,2020,opinions,column
1170015,2020,opinions,op-ed
1170046,2020,news,news
1170090,2020,news,news
1170044,2020,opinions,column
1170100,2020,opinions,op-ed
1170041,2020,news,news
1170117,2020,news,news
1170158,2020,news,news
1170114,2020,news,news
1170137,2020,news,news
1170032,2020,news,news
1170159,2020,opinions,op-ed
1170156,2020,news,news
1170111,2020,news,news
1170151,2020,news,news
1170177,2020,news,news
1170188,2020,news,news
1170212,2020,news,news
1170142,2020,news,news
1170123,2020,news,news
1170204,2020,news,news
1170234,2020,news,news
1170225,2020,news,news
1170136,2020,news,news
1170206,2020,opinions,opinion
1170210,2020,opinions,op-ed
1170214,2020,opinions,op-ed
1170238,2020,news,news
1170242,2020,news,news
1170197,2020,news,news
1170256,2020,news,news
1170239,2020,news,news
1170252,2020,news,news
1170272,2020,news,news
1170308,2020,news,news
1170284,2020,news,news
1170269,2020,news,news
1170265,2020,news,news
1170347,2020,news,news
1170288,2020,news,news
1170338,2020,news,news
1170303,2020,news,news
1170285,2020,news,news
1170350,2020,opinions,opinion
1170357,2020,news,news
1170343,2020,news,news
1170320,2020,news,news
1170369,2020,news,news
1170402,2020,news,news
1170323,2020,news,news
1170346,2020,news,news
1170427,2020,news,news
1170330,2020,news,news
1170397,2020,news,news
1170471,2020,news,news
1170470,2020,opinions,op-ed
1170457,2020,opinions,column
1170420,2020,opinions,op-ed
1170468,2020,news,news
1170535,2020,news,news
1170504,2020,news,news
1170507,2020,news,news
1170500,2020,news,news
1170525,2020,opinions,op-ed
1170543,2020,news,news
1170496,2020,news,news
1170378,2020,news,news
1170576,2020,news,news
1170561,2020,news,news
1170546,2020,news,news
1170584,2020,opinions,opinion
1170553,2020,news,news
1170563,2020,news,news
1170617,2020,news,news
1170598,2020,news,news
1170618,2020,news,news
1170569,2020,news,news
1170597,2020,opinions,editorial
1170659,2020,news,news
1170624,2020,news,news
1170658,2020,news,news
1170672,2020,news,news
1170689,2020,news,news
1170652,2020,news,news
1170633,2020,news,news
1170628,2020,news,news
1170645,2020,news,news
1170647,2020,news,news
1170677,2020,news,news
1170666,2020,opinions,opinion
1170711,2020,news,news
1170726,2020,news,news
1170727,2020,news,news
1170769,2020,news,news
1170717,2020,news,news
1170759,2020,news,news
1170792,2020,news,news
1170787,2020,news,news
1170651,2020,news,news
1170737,2020,news,news
1170822,2020,news,news
1170820,2020,news,news
1170812,2020,opinions,op-ed
1170839,2020,news,news
1170844,2020,news,news
1170738,2020,news,news
1170811,2020,opinions,column
1170858,2020,news,news
1170875,2020,news,news
1170840,2020,news,news
1170862,2020,opinions,op-ed
1170665,2020,opinions,column
1170890,2020,news,news
1170946,2020,news,news
1170864,2020,news,news
1170926,2020,opinions,opinion
1170920,2020,opinions,op-ed
1170838,2020,opinions,opinion
1170941,2020,news,news
1170951,2020,news,news
1170948,2020,news,news
1170925,2020,news,news
1170980,2020,news,news
1170984,2020,news,news
1170988,2020,news,news
1170994,2020,news,news
1171051,2020,news,news
1171044,2020,news,news
1170991,2020,news,news
1171037,2020,news,news
1171054,2020,news,news
1171050,2020,news,news
1171113,2020,news,news
1171169,2020,news,news
1171149,2020,news,news
1171021,2020,opinions,opinion
1171147,2020,news,news
1171125,2020,news,news
1171123,2020,news,news
1171126,2020,news,news
1171210,2020,news,news
1171056,2020,news,news
1171208,2020,news,news
1171209,2020,news,news
1171225,2020,news,news
1171261,2020,news,news
1171180,2020,news,news
1171137,2020,news,news
1171302,2020,news,news
1171304,2020,news,news
1171222,2020,news,news
1171248,2020,news,news
1171312,2020,news,news
1171356,2020,news,news
1171271,2020,news,news
1171399,2020,news,news
1171364,2020,news,news
1171381,2020,news,news
1171423,2020,news,news
1171235,2020,news,news
1171366,2020,news,news
1171354,2020,news,news
1171401,2020,news,news
1171409,2020,news,news
1171449,2020,news,news
1171387,2020,opinions,op-ed
1171306,2020,opinions,op-ed
1171472,2020,opinions,op-ed
1171504,2020,news,news
1171307,2020,news,news
1171296,2020,news,news
1171515,2020,news,news
1171124,2020,opinions,op-ed
1171558,2020,news,news
1171370,2020,news,news
1171398,2020,news,news
1171277,2020,news,news
1171288,2020,news,news
1171601,2020,news,news
1171560,2020,news,news
1171701,2020,news,news
1171671,2020,news,news
1171475,2020,news,news
1171363,2020,news,news
1171425,2020,news,news
1171525,2020,news,news
1171237,2020,news,news
1171733,2020,news,news
1171720,2020,news,news
1171600,2020,news,news
1171556,2020,news,news
1171391,2020,news,news
1171559,2020,news,news
1171333,2020,opinions,op-ed
1171497,2020,opinions,op-ed
1171752,2020,news,news
1171725,2020,news,news
1171722,2020,news,news
1171341,2020,news,news
1171750,2020,news,news
1171726,2020,news,news
1171793,2020,opinions,opinion
1171808,2020,news,news
1171900,2020,news,news
1171838,2020,news,news
1171902,2020,news,news
1171901,2020,news,news
1171453,2020,news,news
1171854,2020,news,news
1171878,2020,news,news
1171923,2020,news,news
1171931,2020,news,news
1171969,2020,news,news
1171971,2020,news,news
1171978,2020,news,news
1171993,2020,news,news
1171996,2020,news,news
1172003,2020,news,news
1172026,2020,news,news
1172025,2020,opinions,op-ed
1172023,2020,opinions,opinion
1172030,2020,news,news
1172040,2020,news,news
1172054,2020,opinions,opinion
1172039,2020,opinions,opinion
1172062,2020,news,news
1171716,2020,opinions,op-ed
1172070,2020,opinions,op-ed
1172063,2020,news,news
1172093,2020,news,news
1172089,2020,news,news
1172091,2020,news,news
1172094,2020,news,news
1172108,2020,news,news
1172110,2020,news,news
1172189,2020,opinions,opinion
1172203,2020,news,news
1172124,2020,news,news
1172153,2020,news,news
1172149,2020,news,news
1172150,2020,news,news
1172249,2020,news,news
1172163,2020,news,news
1172231,2020,news,news
1172335,2020,news,news
1172309,2020,news,news
1172322,2020,news,news
1172382,2020,news,news
1172425,2020,news,news
1172401,2020,news,news
1172436,2020,news,news
1172345,2020,news,news
1172380,2020,news,news
1172526,2020,opinions,opinion
1172472,2020,news,news
1172554,2020,news,news
1172552,2020,news,news
1172557,2020,news,news
1172553,2020,news,news
1172479,2020,news,news
1172544,2020,opinions,opinion
1172593,2020,news,news
1172650,2020,news,news
1172622,2020,news,news
1172609,2020,news,news
1172524,2020,opinions,opinion
1172619,2020,opinions,op-ed
1172626,2020,news,news
1172680,2020,news,news
1172677,2020,news,news
1172683,2020,news,news
1172681,2020,opinions,op-ed
1172730,2020,news,news
1172733,2020,news,news
1172741,2020,news,news
1172754,2020,news,news
1172731,2020,opinions,opinion
1172777,2020,opinions,op-ed
1172739,2020,news,news
1172785,2020,news,news
1172766,2020,news,news
1172769,2020,news,news
1172762,2020,news,news
1172790,2020,news,news
1172778,2020,opinions,op-ed
1172827,2020,opinions,op-ed
1172847,2020,news,news
1172853,2020,news,news
1172851,2020,news,news
1172843,2020,news,news
1172775,2020,news,news
1172818,2020,news,news
1172864,2020,news,news
1172885,2020,news,news
1172887,2020,news,news
1172932,2020,news,news
1172855,2020,opinions,op-ed
1172857,2020,opinions,opinion
1172323,2020,news,news
1172964,2020,news,news
1172909,2020,news,news
1172961,2020,news,news
1173012,2020,news,news
1173028,2020,news,news
1173024,2020,news,news
1173020,2020,news,news
1173036,2020,news,news
1173069,2020,news,news
1173073,2020,news,news
1173063,2020,news,news
1173083,2020,news,news
1173145,2020,news,news
1173123,2020,news,news
1173128,2020,news,news
1173114,2020,news,news
1173058,2020,news,news
1173089,2020,news,news
1173124,2020,opinions,op-ed
1173098,2020,opinions,opinion
1173159,2020,news,news
1173170,2020,opinions,opinion
1173182,2020,opinions,op-ed
1172956,2020,news,news
1173177,2020,news,news
1173121,2020,news,news
1173235,2020,news,news
1173230,2020,news,news
1173218,2020,news,news
1173211,2020,news,news
1173281,2020,news,news
1173265,2020,news,news
1173270,2020,news,news
1173264,2020,news,news
1173311,2020,news,news
1173335,2020,news,news
1173304,2020,news,news
1173280,2020,news,news
1173318,2020,opinions,op-ed
1173321,2020,news,news
1173370,2020,news,news
1173365,2020,news,news
1173369,2020,opinions,op-ed
1173367,2020,news,news
1173386,2020,news,news
1173397,2020,news,news
1173407,2020,news,news
1173445,2020,news,news
1173434,2020,opinions,op-ed
1173444,2020,news,news
1173438,2020,news,news
1173433,2020,news,news
1173414,2020,opinions,op-ed
1173487,2020,news,news
1173477,2020,news,news
1173489,2020,news,news
1173521,2020,news,news
1173559,2020,news,news
1173589,2020,news,news
1173577,2020,news,news
1173584,2020,news,news
1173565,2020,news,news
1173634,2020,news,news
1173635,2020,opinions,opinion
1173656,2020,news,news
1173640,2020,news,news
1173646,2020,news,news
1173623,2020,news,news
1173618,2020,news,news
1173693,2020,opinions,opinion
1173663,2020,news,news
1173722,2020,news,news
1173692,2020,news,news
1173708,2020,news,news
1173694,2020,news,news
1173725,2020,news,news
1173763,2020,news,news
1173676,2020,news,news
1173720,2020,opinions,opinion
1173699,2020,news,news
1173765,2020,news,news
1173819,2020,news,news
1173815,2020,news,news
1173817,2020,news,news
1173823,2020,news,news
1173836,2020,news,news
1173822,2020,opinions,opinion
1173863,2020,news,news
1173880,2020,news,news
1173898,2020,news,news
1173886,2020,news,news
1173876,2020,news,news
1173937,2020,news,news
1173926,2020,news,news
1173912,2020,news,news
1173942,2020,news,news
1173920,2020,opinions,opinion
1173991,2020,opinions,opinion
1174007,2020,news,news
1173950,2020,news,news
1174001,2020,news,news
1173995,2020,news,news
1174016,2020,news,news
1174011,2020,opinions,opinion
1174023,2020,opinions,opinion
1174065,2020,news,news
1174033,2020,news,news
1174155,2020,news,news
1174105,2020,news,news
1174118,2020,news,news
1174112,2020,news,news
1174123,2020,news,news
1174116,2020,opinions,opinion
1174085,2020,opinions,opinion
1174083,2020,opinions,opinion
1174120,2020,news,news
1174222,2020,news,news
1174211,2020,news,news
1174209,2020,news,news
1174024,2020,opinions,opinion
1174201,2020,opinions,op-ed
1174010,2020,opinions,opinion
1174275,2020,news,news
1174254,2020,news,news
1174270,2020,news,news
1174286,2020,news,news
1174304,2020,news,news
1174169,2020,opinions,opinion
1174170,2020,opinions,opinion
1174263,2020,opinions,op-ed
1174252,2020,news,news
1174343,2020,opinions,op-ed
1174362,2020,opinions,opinion
1174313,2020,opinions,opinion
1174387,2020,news,news
1174316,2020,news,news
1174394,2020,news,news
1174348,2020,news,news
1174400,2020,news,news
1174416,2020,news,news
1174450,2020,news,news
1174437,2020,news,news
1174340,2020,news,news
1174465,2020,opinions,op-ed
1174428,2020,opinions,opinion
1174440,2020,news,news
1174489,2020,opinions,opinion
1174345,2020,opinions,op-ed
1174508,2020,news,news
1174499,2020,news,news
1174444,2020,news,news
1174522,2020,news,news
1174504,2020,news,news
1174546,2020,news,news
1174578,2020,opinions,opinion
1174588,2020,news,news
1174592,2020,news,news
1174593,2020,news,news
1174589,2020,news,news
1174643,2020,news,news
1174581,2020,news,news
1174637,2020,news,news
1174652,2020,news,news
1174659,2020,news,news
1174646,2020,news,news
1174617,2020,news,news
1174679,2020,opinions,op-ed
1174704,2020,news,news
1174689,2020,news,news
1174703,2020,news,news
1174676,2020,news,news
1174673,2020,news,news
1174797,2020,news,news
1174831,2020,news,news
1174814,2020,opinions,op-ed
1174667,2020,news,news
1174827,2020,news,news
1174810,2020,opinions,opinion
1174835,2020,news,news
1174896,2020,news,news
1174891,2020,news,news
1174899,2020,news,news
1174897,2020,news,news
1174886,2020,opinions,opinion
1174890,2020,opinions,opinion
1174960,2020,news,news
1174978,2020,news,news
1174961,2020,news,news
1174957,2020,news,news
1174949,2020,news,news
1174956,2020,news,news
1174992,2020,opinions,op-ed
1175019,2020,news,news
1175064,2020,news,news
1175022,2020,opinions,op-ed
1175057,2020,news,news
1175013,2020,opinions,op-ed
1175092,2020,news,news
1175125,2020,news,news
1175099,2020,news,news
1175085,2020,news,news
1175084,2020,news,news
1175196,2020,news,news
1175156,2020,news,news
1175204,2020,opinions,op-ed
1174621,2020,news,news
1175254,2020,news,news
1175191,2020,opinions,op-ed
1175226,2020,news,news
1175300,2020,news,news
1175288,2020,news,news
1175190,2020,opinions,opinion
1175169,2020,news,news
1175179,2020,news,news
1175193,2020,news,news
1175329,2020,news,news
1175101,2020,news,news
1175352,2020,news,news
1175380,2020,news,news
1175384,2020,news,news
1175378,2020,news,news
1175441,2020,news,news
1175215,2020,news,news
1175209,2020,news,news
1175358,2020,opinions,opinion
1175389,2020,opinions,opinion
1175392,2020,opinions,opinion
1175390,2020,opinions,opinion
1175187,2020,opinions,column
1175150,2020,opinions,opinion
1175363,2020,opinions,opinion
1175485,2020,news,news
1175503,2020,news,news
1175484,2020,news,news
1175537,2020,news,news
1175581,2020,news,news
1175505,2020,news,news
1175582,2020,news,news
1175570,2020,news,news
1175585,2020,news,news
1175650,2020,news,news
1175652,2020,news,news
1175643,2020,news,news
1175641,2020,opinions,op-ed
1175640,2020,news,news
1175678,2020,news,news
1175632,2020,news,news
1175693,2020,news,news
1175638,2020,news,news
1175718,2020,news,news
1175700,2020,opinions,opinion
1175722,2020,news,news
1175732,2020,news,news
1175745,2020,news,news
1175750,2020,news,news
1175753,2020,news,news
1175794,2020,news,news
1175783,2020,opinions,opinion
1175804,2020,news,news
1175785,2020,news,news
1175843,2020,news,news
1175812,2020,news,news
1175847,2020,news,news
1175845,2020,news,news
1175849,2020,news,news
1175851,2020,news,news
1175852,2020,news,news
1175876,2020,news,news
1175924,2020,news,news
1175911,2020,news,news
1175918,2020,news,news
1175921,2020,news,news
1175914,2020,news,news
1175802,2020,news,news
1175907,2020,news,news
1175858,2020,news,news
1175873,2020,news,news
1175814,2020,news,news
1175956,2020,news,news
1175954,2020,news,news
1175969,2020,news,news
1175974,2020,news,news
1176006,2020,opinions,opinion
1176007,2020,opinions,opinion
1175998,2020,news,news
1176021,2020,news,news
1175864,2020,news,news
1176034,2020,news,news
1175967,2020,news,news
1176067,2020,opinions,op-ed
1175877,2020,news,news
1176117,2020,news,news
1176085,2020,opinions,opinion
1176135,2020,news,news
1176147,2020,news,news
1176097,2020,news,news
1175991,2020,news,news
1176129,2020,news,news
1176134,2020,news,news
1176102,2020,news,news
1176127,2020,news,news
1176171,2020,news,news
1176159,2020,opinions,column
1176162,2020,opinions,opinion
1176196,2020,news,news
1176179,2020,news,news
1176190,2020,news,news
1176177,2020,opinions,opinion
1176209,2020,news,news
1176223,2020,opinions,opinion
1176252,2020,news,news
1176277,2020,news,news
1176266,2020,news,news
1176284,2020,news,news
1176294,2020,news,news
1176301,2020,news,news
1176315,2020,news,news
1176310,2020,opinions,opinion
1176326,2020,news,news
1176345,2020,news,news
1176347,2020,news,news
1176367,2021,opinions,op-ed
1176389,2021,news,news
1176417,2021,news,news
1176406,2021,news,news
1176412,2021,news,news
1176418,2021,news,news
1176436,2021,news,news
1176454,2021,news,news
1175756,2021,news,news
1176481,2021,news,news
1176483,2021,news,news
1176475,2021,news,news
1176280,2021,news,news
1176496,2021,opinions,op-ed
1176489,2021,opinions,opinion
1176534,2021,news,news
1176527,2021,news,news
1176495,2021,opinions,op-ed
1176546,2021,news,news
1176580,2021,news,news
1176402,2021,news,news
1176516,2021,news,news
1176611,2021,news,news
1176577,2021,opinions,op-ed
1176612,2021,news,news
1176582,2021,news,news
1176617,2021,news,news
1176661,2021,news,news
1176667,2021,news,news
1176694,2021,news,news
1176696,2021,news,news
1176748,2021,news,news
1176745,2021,news,news
1176581,2021,news,news
1176207,2021,news,news
1176285,2021,news,news
1176772,2021,news,news
1176272,2021,news,news
1176807,2021,news,news
1176795,2021,opinions,opinion
1176725,2021,opinions,opinion
1176811,2021,news,news
1176473,2021,news,news
1176237,2021,news,news
1176872,2021,news,news
1176246,2021,news,news
1176874,2021,news,news
1176887,2021,news,news
1176871,2021,news,news
1176912,2021,news,news
1176485,2021,news,news
1176946,2021,news,news
1176919,2021,news,news
1176956,2021,news,news
1176914,2021,opinions,op-ed
1176962,2021,opinions,opinion
1177012,2021,news,news
1176993,2021,news,news
1176983,2021,news,news
1176978,2021,news,news
1176982,2021,news,news
1177042,2021,news,news
1176427,2021,news,news
1177068,2021,news,news
1177040,2021,opinions,op-ed
1177047,2021,news,news
1177038,2021,news,news
1177085,2021,news,news
1177098,2021,opinions,opinion
1176484,2021,news,news
1176595,2021,news,news
1177136,2021,news,news
1177156,2021,news,news
1177132,2021,news,news
1177140,2021,opinions,op-ed
1176518,2021,news,news
1177202,2021,news,news
1177205,2021,news,news
1177208,2021,news,news
1177203,2021,news,news
1177246,2021,news,news
1177217,2021,opinions,opinion
1177237,2021,news,news
1177240,2021,news,news
1177186,2021,news,news
1177242,2021,news,news
1177292,2021,news,news
1176434,2021,news,news
1176395,2021,news,news
1177283,2021,news,news
1177285,2021,opinions,op-ed
1177280,2021,opinions,op-ed
1177290,2021,news,news
1177348,2021,news,news
1177331,2021,news,news
1177333,2021,news,news
1177316,2021,news,news
1176319,2021,news,news
1177404,2021,opinions,op-ed
1177411,2021,news,news
1177414,2021,news,news
1176607,2021,news,news
1177401,2021,opinions,opinion
1177399,2021,opinions,opinion
1177442,2021,news,news
1177483,2021,news,news
1177466,2021,news,news
1177460,2021,opinions,opinion
1177450,2021,opinions,opinion
1177463,2021,news,news
1177435,2021,news,news
1177444,2021,news,news
1177564,2021,news,news
1177582,2021,news,news
1177506,2021,news,news
1177540,2021,news,news
1177559,2021,news,news
1177562,2021,news,news
1177567,2021,news,news
1177600,2021,news,news
1177641,2021,news,news
1177638,2021,news,news
1177659,2021,news,news
1177655,2021,opinions,column
1177678,2021,opinions,opinion
1177628,2021,news,news
1177710,2021,opinions,opinion
1177748,2021,news,news
1177753,2021,news,news
1177715,2021,news,news
1177723,2021,news,news
1177711,2021,news,news
1177785,2021,news,news
1177782,2021,news,news
1177802,2021,news,news
1177790,2021,news,news
1177797,2021,news,news
1177777,2021,opinions,opinion
1177780,2021,news,news
1177499,2021,opinions,opinion
1177830,2021,news,news
1177821,2021,news,news
1177825,2021,news,news
1177846,2021,news,news
1177851,2021,news,news
1177883,2021,news,news
1177882,2021,opinions,opinion
1177906,2021,news,news
1177892,2021,news,news
1177964,2021,opinions,column
1177920,2021,opinions,opinion
1177891,2021,news,news
1177965,2021,news,news
1177959,2021,news,news
1177942,2021,news,news
1177940,2021,news,news
1177947,2021,news,news
1177911,2021,news,news
1177973,2021,news,news
1177981,2021,opinions,opinion
1178047,2021,opinions,opinion
1178029,2021,news,news
1178039,2021,news,news
1178046,2021,news,news
1178040,2021,news,news
1178072,2021,news,news
1178107,2021,opinions,opinion
1178093,2021,news,news
1178087,2021,news,news
1178030,2021,news,news
1178126,2021,news,news
1178128,2021,news,news
1178180,2021,news,news
1178168,2021,news,news
1178169,2021,opinions,opinion
1178133,2021,news,news
1178156,2021,news,news
1178220,2021,opinions,opinion
1178221,2021,opinions,column
1178261,2021,news,news
1178260,2021,news,news
1178257,2021,news,news
1178248,2021,opinions,opinion
1178226,2021,news,news
1178251,2021,news,news
1178190,2021,news,news
1178193,2021,news,news
1178184,2021,news,news
1178240,2021,news,news
1178222,2021,news,news
1178279,2021,news,news
1178288,2021,news,news
1176242,2021,news,news
1178402,2021,opinions,opinion
1178353,2021,opinions,column
1178372,2021,news,news
1177424,2021,news,news
1178456,2021,news,news
1178441,2021,news,news
1178423,2021,news,news
1178415,2021,news,news
1177872,2021,opinions,opinion
1178356,2021,opinions,opinion
1178440,2021,news,news
1178433,2021,news,news
1178536,2021,opinions,opinion
1178410,2021,opinions,opinion
1178492,2021,opinions,opinion
1178510,2021,news,news
1178531,2021,news,news
1178503,2021,news,news
1178501,2021,news,news
1178558,2021,opinions,opinion
1178591,2021,news,news
1178507,2021,news,news
1178603,2021,news,news
1178712,2021,news,news
1178689,2021,news,news
1178718,2021,news,news
1178658,2021,opinions,opinion
1178679,2021,news,news
1178670,2021,news,news
1178676,2021,news,news
1178646,2021,news,news
1178672,2021,news,news
1178736,2021,news,news
1178716,2021,news,news
1178724,2021,news,news
1178703,2021,news,news
1178770,2021,news,news
1178773,2021,news,news
1178831,2021,news,news
1178817,2021,news,news
1178904,2021,news,news
1178851,2021,news,news
1178928,2021,news,news
1178969,2021,opinions,opinion
1178948,2021,opinions,opinion
1178925,2021,news,news
1178937,2021,news,news
1178933,2021,news,news
1179027,2021,news,news
1179007,2021,news,news
1178973,2021,news,news
1178975,2021,news,news
1178989,2021,news,news
1178953,2021,news,news
1178950,2021,news,news
1178847,2021,news,news
1179089,2021,news,news
1179058,2021,news,news
1178888,2021,news,news
1179067,2021,news,news
1179045,2021,opinions,opinion
1179055,2021,opinions,opinion
1179140,2021,opinions,opinion
1179156,2021,news,news
1178992,2021,news,news
1179145,2021,news,news
1179137,2021,news,news
1179130,2021,news,news
1179205,2021,news,news
1179281,2021,news,news
1179325,2021,news,news
1179330,2021,news,news
1179177,2021,news,news
1179228,2021,opinions,opinion
1179292,2021,opinions,opinion
1179271,2021,opinions,opinion
1179036,2021,news,news
1179395,2021,opinions,opinion
1179417,2021,news,news
1179379,2021,news,news
1179401,2021,news,news
1179393,2021,news,news
1179358,2021,news,news
1179414,2021,news,news
1179429,2021,news,news
1179477,2021,opinions,opinion
1179431,2021,news,news
1179456,2021,news,news
1179472,2021,news,news
1179524,2021,news,news
1179517,2021,news,news
1179537,2021,news,news
1179521,2021,news,news
1179555,2021,news,news
1179581,2021,news,news
1179608,2021,news,news
1179508,2021,opinions,opinion
1179613,2021,news,news
1179618,2021,news,news
1179344,2021,opinions,opinion
1179340,2021,news,news
1179750,2021,news,news
1179651,2021,news,news
1179632,2021,news,news
1179669,2021,news,news
1179823,2021,news,news
1179800,2021,opinions,opinion
1179843,2021,opinions,opinion
1179893,2021,news,news
1179918,2021,news,news
1179936,2021,opinions,opinion
1179945,2021,news,news
1179571,2021,news,news
1179937,2021,news,news
1179984,2021,news,news
1179970,2021,opinions,opinion
1179968,2021,news,news
1179960,2021,news,news
1179955,2021,opinions,opinion
1179993,2021,opinions,opinion
1180021,2021,news,news
1180007,2021,news,news
1179992,2021,news,news
1179998,2021,news,news
1179989,2021,news,news
1180048,2021,opinions,opinion
1180105,2021,news,news
1180121,2021,news,news
1180141,2021,news,news
1180142,2021,news,news
1180155,2021,opinions,opinion
1180174,2021,news,news
1180206,2021,news,news
1180184,2021,news,news
1180279,2021,news,news
1180277,2021,news,news
1180253,2021,opinions,opinion
1180392,2021,news,news
1180400,2021,news,news
1180390,2021,news,news
1180379,2021,news,news
1180370,2021,opinions,opinion
1180358,2021,opinions,opinion
1180450,2021,news,news
1180447,2021,news,news
1180430,2021,opinions,opinion
1180441,2021,opinions,opinion
1180510,2021,opinions,opinion
1180531,2021,opinions,opinion
1180513,2021,news,news
1180533,2021,news,news
1180528,2021,news,news
1180529,2021,news,news
1180607,2021,news,news
1180573,2021,news,news
1180587,2021,news,news
1180543,2021,news,news
1180626,2021,news,news
1180685,2021,news,news
1180643,2021,opinions,opinion
1180655,2021,opinions,opinion
1180682,2021,opinions,opinion
1180666,2021,news,news
1180584,2021,news,news
1180718,2021,news,news
1180766,2021,news,news
1180736,2021,news,news
1180721,2021,opinions,opinion
1180769,2021,opinions,opinion
1180773,2021,opinions,op-ed
1180804,2021,news,news
1180800,2021,opinions,opinion
1180794,2021,news,news
1180787,2021,news,news
1180750,2021,news,news
1180776,2021,news,news
1180780,2021,news,news
1180751,2021,news,news
1180764,2021,news,news
1180812,2021,news,news
1180814,2021,news,news
1180816,2021,news,news
1180818,2021,news,news
1180839,2021,news,news
1180853,2021,news,news
1180889,2021,news,news
1180887,2021,news,news
1180888,2021,opinions,opinion
1180880,2021,news,news
1180859,2021,news,news
1180857,2021,news,news
1180883,2021,news,news
1180911,2021,news,news
1180920,2021,news,news
1180909,2021,news,news
1181014,2021,news,news
1180988,2021,opinions,opinion
1180960,2021,opinions,opinion
1180878,2021,news,news
1180996,2021,news,news
1180969,2021,news,news
1180982,2021,news,news
1181039,2021,opinions,opinion
1181035,2021,news,news
1181048,2021,news,news
1181049,2021,news,news
1181042,2021,news,news
1181037,2021,news,news
1181090,2021,news,news
1181084,2021,news,news
1181098,2021,news,news
1181096,2021,opinions,opinion
1181116,2021,news,news
1181132,2021,news,news
1181085,2021,news,news
1181153,2021,news,news
1181176,2021,news,news
1181179,2021,news,news
1181137,2021,opinions,opinion
1181107,2021,news,news
1181213,2021,news,news
1180882,2021,opinions,opinion
1181182,2021,news,news
1181189,2021,news,news
1180727,2021,news,news
1181247,2021,news,news
1181253,2021,opinions,opinion
1181312,2021,opinions,op-ed
1181313,2021,opinions,opinion
1181265,2021,news,news
1181314,2021,news,news
1181327,2021,news,news
1181373,2021,opinions,opinion
1181379,2021,news,news
1181372,2021,news,news
1181309,2021,news,news
1181391,2021,news,news
1181394,2021,news,news
1181302,2021,news,news
1181401,2021,news,news
1181416,2021,opinions,opinion
1181419,2021,news,news
1181433,2021,news,news
1181441,2021,news,news
1181434,2021,news,news
1181414,2021,opinions,opinion
1181431,2021,opinions,opinion
1181407,2021,news,news
1181469,2021,news,news
1181488,2021,news,news
1181462,2021,opinions,column
1181472,2021,news,news
1181499,2021,news,news
1181519,2021,opinions,opinion
1181501,2021,news,news
1181537,2021,news,news
1181534,2021,news,news
1181495,2021,news,news
1181545,2021,news,news
1181577,2021,news,news
1181566,2021,news,news
1181557,2021,news,news
1181581,2021,opinions,opinion
1181629,2021,news,news
1181656,2021,news,news
1181657,2021,news,news
1181662,2021,news,news
1181675,2021,news,news
1181658,2021,news,news
1181664,2021,news,news
1181640,2021,opinions,opinion
1181708,2021,opinions,opinion
1181688,2021,news,news
1181699,2021,news,news
1181692,2021,news,news
1181719,2021,news,news
1181772,2021,news,news
1181735,2021,opinions,opinion
1181763,2021,news,news
1181760,2021,news,news
1181728,2021,news,news
1181743,2021,news,news
1181808,2021,opinions,opinion
1181811,2021,news,news
1181800,2021,news,news
1181801,2021,news,news
1181806,2021,news,news
1181840,2021,news,news
1181805,2021,news,news
1181776,2021,opinions,op-ed
1181890,2021,news,news
1181906,2021,news,news
1181923,2021,opinions,op-ed
1181901,2021,news,news
1181952,2021,news,news
1181950,2021,news,news
1181992,2021,news,news
1181972,2021,news,news
1181976,2021,news,news
1181966,2021,news,news
1181983,2021,news,news
1181991,2021,news,news
1181947,2021,opinions,opinion
1182022,2021,opinions,op-ed
1181864,2021,news,news
1182045,2021,news,news
1182036,2021,news,news
1182104,2021,news,news
1182096,2021,opinions,opinion
1182084,2021,news,news
1182114,2021,news,news
1182132,2021,opinions,op-ed
1182153,2021,news,news
1182151,2021,news,news
1182069,2021,news,news
1182206,2021,news,news
1182241,2021,news,news
1182209,2021,news,news
1182239,2021,opinions,opinion
1182310,2021,news,news
1182297,2021,news,news
1182292,2021,news,news
1182296,2021,news,news
1182284,2021,opinions,opinion
1182322,2021,opinions,op-ed
1182330,2021,news,news
1182210,2021,news,news
1182335,2021,news,news
1182364,2021,news,news
1182378,2021,news,news
1182418,2021,news,news
1182381,2021,news,news
1182386,2021,opinions,op-ed
1182440,2021,opinions,op-ed
1182351,2021,opinions,op-ed
1182466,2021,news,news
1182460,2021,news,news
1182261,2021,news,news
1182448,2021,news,news
1182475,2021,news,news
1182493,2021,news,news
1182555,2021,news,news
1182604,2021,news,news
1182594,2021,opinions,opinion
1182628,2021,news,news
1182603,2021,news,news
1182640,2021,news,news
1182668,2021,opinions,opinion
1182688,2021,news,news
1182670,2021,news,news
1182681,2021,news,news
1182695,2021,news,news
1182711,2021,opinions,op-ed
1182713,2021,news,news
1182735,2021,news,news
1182747,2021,news,news
1182765,2021,news,news
1182790,2021,news,news
1182818,2021,news,news
1182791,2021,news,news
1182776,2021,opinions,opinion
1182800,2021,opinions,opinion
1182825,2021,news,news
1182824,2021,news,news
1182836,2021,news,news
1182853,2021,opinions,opinion
1182875,2021,news,news
1182905,2021,news,news
1182872,2021,news,news
1182880,2021,news,news
1182895,2021,opinions,opinion
1182959,2021,news,news
1182854,2021,opinions,opinion
1182761,2021,news,news
1182941,2021,news,news
1182927,2021,news,news
1182961,2021,opinions,op-ed
1182985,2021,news,news
1182979,2021,opinions,opinion
1182980,2021,opinions,opinion
1182988,2021,news,news
1182996,2021,news,news
1183022,2021,news,news
1183017,2021,news,news
1183057,2021,news,news
1183078,2021,news,news
1183085,2021,news,news
1183063,2021,opinions,opinion
1183117,2021,opinions,opinion
1183118,2021,news,news
1183100,2021,news,news
1182764,2021,news,news
1183113,2021,news,news
1183101,2021,news,news
1183171,2021,opinions,column
1183183,2021,opinions,op-ed
1183264,2021,news,news
1183193,2021,opinions,op-ed
1183289,2021,news,news
1183302,2021,news,news
1183138,2021,news,news
1183142,2021,news,news
1183408,2021,news,news
1183195,2021,opinions,op-ed
1183164,2021,news,news
1183409,2021,news,news
1183390,2021,news,news
1182666,2021,news,news
1183163,2021,opinions,column
1183325,2021,news,news
1183444,2021,news,news
1183449,2021,opinions,op-ed
1183481,2021,opinions,op-ed
1183482,2021,opinions,opinion
1183495,2021,news,news
1183440,2021,news,news
1183518,2021,news,news
1183513,2021,news,news
1183532,2021,news,news
1183523,2021,news,news
1183522,2021,news,news
1183387,2021,news,news
1183543,2021,news,news
1183549,2021,news,news
1183580,2021,news,news
1183576,2021,news,news
1183706,2021,opinions,opinion
1183728,2021,news,news
1183724,2021,news,news
1183726,2021,news,news
1183747,2021,opinions,op-ed
1183745,2021,opinions,opinion
1183768,2021,news,news
1183786,2021,news,news
1183779,2021,news,news
1183804,2021,news,news
1183827,2021,news,news
1183832,2021,news,news
1183844,2021,news,news
1183843,2021,news,news
1183866,2021,opinions,opinion
1183874,2021,news,news
1183900,2021,news,news
1183897,2021,news,news
1183899,2021,news,news
1183920,2021,news,news
1183928,2021,news,news
1183944,2021,news,news
1183950,2021,news,news
1183959,2021,news,news
1183962,2021,news,news
1183970,2021,news,news
1183966,2021,news,news
1183978,2021,news,news
1183982,2021,news,news
1184016,2021,opinions,opinion
1184013,2021,opinions,opinion
1184017,2021,news,news
1184023,2021,news,news
1184041,2021,news,news
1184045,2021,news,news
1184032,2021,opinions,opinion
1184051,2021,news,news
1184069,2021,opinions,opinion
1184063,2021,news,news
1184062,2021,news,news
1184064,2021,news,news
1184073,2021,news,news
1184081,2021,news,news
1184078,2021,news,news
1184102,2021,news,news
1184119,2021,opinions,opinion
1184111,2021,opinions,opinion
1184106,2021,news,news
1184126,2021,news,news
1184148,2021,opinions,opinion
1184163,2021,opinions,opinion
1184157,2021,news,news
1184176,2021,news,news
1184182,2021,news,news
1184169,2021,news,news
1184166,2021,news,news
1184189,2021,news,news
1184203,2021,news,news
1184224,2021,news,news
1184234,2021,news,news
1184232,2021,news,news
1184244,2021,news,news
1184263,2021,news,news
1184243,2021,opinions,opinion
1184268,2021,news,news
1184276,2021,news,news
1184282,2021,news,news
1184290,2021,news,news
1184256,2021,news,news
1184300,2021,news,news
1184302,2021,news,news
1184312,2021,news,news
1184317,2021,news,news
1184319,2021,news,news
1184329,2021,news,news
1184310,2021,news,news
1184322,2021,news,news
1184301,2021,news,news
1184376,2021,news,news
1184405,2021,news,news
1184407,2021,news,news
1184385,2021,news,news
1184335,2021,news,news
1184426,2021,news,news
1184327,2021,news,news
1184430,2021,news,news
1184456,2021,news,news
1184479,2021,news,news
1184509,2021,news,news
1184566,2021,news,news
1184551,2021,news,news
1184557,2021,news,news
1184586,2021,news,news
1184604,2021,news,news
1184589,2021,news,news
1184639,2021,news,news
1184624,2021,news,news
1184615,2021,news,news
1184657,2021,news,news
1184682,2021,news,news
1184704,2021,opinions,opinion
1184718,2021,news,news
1184694,2021,news,news
1184702,2021,news,news
1184659,2021,news,news
1184721,2021,news,news
1184764,2021,news,news
1184771,2021,news,news
1184786,2021,news,news
1184795,2021,news,news
1184821,2021,opinions,opinion
1184818,2021,opinions,opinion
1184886,2021,news,news
1184915,2021,news,news
1184917,2021,news,news
1184926,2021,news,news
1184901,2021,opinions,opinion
1184910,2021,news,news
1184911,2021,news,news
1184983,2021,news,news
1185011,2021,news,news
1185027,2021,news,news
1185002,2021,opinions,opinion
1184607,2021,news,news
1184571,2021,news,news
1185058,2021,opinions,opinion
1185096,2021,news,news
1185128,2021,news,news
1185122,2021,opinions,opinion
1185119,2021,opinions,opinion
1185183,2021,news,news
1185198,2021,news,news
1184805,2021,news,news
1185210,2021,news,news
1185217,2021,opinions,opinion
1185238,2021,news,news
1185240,2021,news,news
1185231,2021,opinions,opinion
1185262,2021,news,news
1185268,2021,news,news
1185187,2021,news,news
1185279,2021,news,news
1184619,2021,news,news
1185355,2021,news,news
1185346,2021,news,news
1185411,2021,news,news
1185414,2021,news,news
1185466,2021,news,news
1185468,2021,news,news
1185483,2021,news,news
1185527,2021,news,news
1184634,2021,news,news
1185515,2021,opinions,opinion
1185526,2021,news,news
1185595,2021,news,news
1185604,2021,news,news
1185583,2021,news,news
1185640,2021,news,news
1185644,2021,news,news
1185727,2021,news,news
1185730,2021,news,news
1185738,2021,news,news
1185768,2021,news,news
1185766,2021,news,news
1185765,2021,opinions,opinion
1185807,2021,news,news
1185844,2021,news,news
1185839,2021,news,news
1185838,2021,news,news
1185880,2021,news,news
1185873,2021,news,news
1185870,2021,news,news
1185884,2021,news,news
1185935,2021,news,news
1185962,2021,news,news
1185964,2021,news,news
1185990,2021,news,news
1186007,2021,news,news
1186017,2021,news,news
1186050,2021,news,news
1186046,2021,opinions,opinion
1186093,2021,news,news
1186087,2021,news,news
1186080,2021,news,news
1186074,2021,news,news
1186065,2021,news,news
1186175,2021,news,news
1186163,2021,news,news
1186166,2021,news,news
1186126,2021,news,news
1186111,2021,news,news
1186109,2021,news,news
1186197,2021,news,news
1186227,2021,news,news
1186242,2021,news,news
1186228,2021,news,news
1186252,2021,news,news
1186264,2021,news,news
1186295,2021,opinions,opinion
1186324,2021,news,news
1186342,2021,news,news
1186360,2021,opinions,opinion
1186407,2021,news,news
1186421,2021,news,news
1186412,2021,news,news
1186482,2021,news,news
1186462,2021,opinions,opinion
1186461,2021,news,news
1186502,2021,news,news
1186520,2021,news,news
1186453,2021,opinions,opinion
1186525,2021,news,news
1186546,2021,news,news
1186569,2021,news,news
1186541,2021,news,news
1186575,2021,news,news
1186585,2021,news,news
1186611,2021,news,news
1186606,2021,news,news
1186567,2021,opinions,opinion
1186573,2021,news,news
1186638,2021,news,news
1186670,2021,news,news
1186682,2021,news,news
1186738,2021,news,news
1186722,2021,news,news
1186720,2021,opinions,opinion
1186595,2021,news,news
1186800,2021,news,news
1186769,2021,news,news
1186763,2021,opinions,opinion
1186798,2021,news,news
1186816,2021,news,news
1186842,2021,news,news
1186854,2021,news,news
1186896,2021,news,news
1186883,2021,news,news
1186878,2021,news,news
1186920,2021,opinions,op-ed
1186969,2021,news,news
1186953,2021,news,news
1186990,2021,news,news
1187007,2021,news,news
1187052,2021,news,news
1187044,2021,news,news
1187001,2021,opinions,opinion
1187006,2021,news,news
1187081,2021,news,news
1187085,2021,news,news
1187102,2021,news,news
1187126,2021,news,news
1187138,2021,news,news
1187136,2021,news,news
1187178,2021,news,news
1187212,2021,news,news
1187222,2021,news,news
1187300,2021,opinions,opinion
1187312,2021,news,news
1187301,2021,news,news
1187285,2021,news,news
1187370,2021,news,news
1187350,2021,news,news
1187348,2021,opinions,opinion
1187364,2021,news,news
1187420,2021,news,news
1187457,2021,news,news
1187459,2021,news,news
1187476,2021,news,news
1187511,2021,opinions,opinion
1187484,2021,news,news
1187361,2021,news,news
1187522,2021,news,news
1187532,2021,news,news
1187531,2021,news,news
1187524,2021,opinions,op-ed
1187553,2021,news,news
1187516,2021,news,news
1187561,2021,news,news
1187668,2021,news,news
1187169,2021,news,news
1187785,2021,news,news
1187719,2021,opinions,opinion
1187784,2021,news,news
1187850,2021,news,news
1187880,2021,news,news
1187905,2021,news,news
1187923,2021,news,news
1187952,2021,news,news
1187788,2021,news,news
1187972,2021,news,news
1187976,2021,news,news
1187987,2021,news,news
1187908,2021,opinions,opinion
1188079,2021,news,news
1188072,2021,news,news
1188088,2021,opinions,opinion
1188027,2021,news,news
1188031,2021,news,news
1188107,2021,news,news
1187965,2021,news,news
1187248,2021,opinions,opinion
1188183,2021,news,news
1188211,2021,news,news
1188207,2021,news,news
1188272,2021,news,news
1188266,2021,news,news
1188313,2021,news,news
1188330,2021,news,news
1188348,2021,news,news
1188320,2021,opinions,opinion
1188384,2021,news,news
1188209,2021,news,news
1188412,2021,news,news
1188379,2021,opinions,opinion
1188378,2021,opinions,opinion
1188463,2021,news,news
1188462,2021,news,news
1188476,2021,news,news
1188431,2021,opinions,opinion
1188496,2021,opinions,opinion
1188505,2021,news,news
1188504,2021,news,news
1188492,2021,news,news
1188497,2021,news,news
1188587,2021,news,news
1188544,2021,opinions,opinion
1188256,2021,news,news
1188563,2021,news,news
1188525,2021,news,news
1188607,2021,news,news
1188591,2021,news,news
1188661,2021,news,news
1188666,2021,news,news
1188663,2021,news,news
1188670,2021,news,news
1188707,2021,news,news
1188719,2021,news,news
1188753,2021,news,news
1188751,2021,news,news
1188725,2021,news,news
1188738,2021,opinions,opinion
1188748,2021,opinions,opinion
1188841,2021,news,news
1188800,2021,news,news
1188821,2021,news,news
1188733,2021,news,news
1188859,2021,news,news
1188882,2021,news,news
1188898,2021,news,news
1188909,2021,news,news
1188954,2021,news,news
1188964,2021,news,news
1188989,2021,news,news
1189284,2022,news,news
1189197,2022,opinions,editorial
1189242,2022,news,news
1189209,2022,news,news
1189346,2022,news,news
1189427,2022,news,news
1189381,2022,news,news
1189437,2022,news,news
1189474,2022,opinions,opinion
1188722,2022,opinions,opinion
1188573,2022,news,news
1189503,2022,news,news
1189656,2022,news,news
1189726,2022,news,news
1189725,2022,news,news
1189753,2022,news,news
1189752,2022,opinions,opinion
1189792,2022,opinions,opinion
1189912,2022,news,news
1189872,2022,news,news
1189916,2022,news,news
1189944,2022,news,news
1189784,2022,news,news
1190137,2022,news,news
1190130,2022,opinions,opinion
1190201,2022,news,news
1190132,2022,opinions,opinion
1189905,2022,news,news
1190313,2022,news,news
1189976,2022,news,news
1190433,2022,opinions,opinion
1190497,2022,news,news
1190500,2022,news,news
1190462,2022,news,news
1190791,2022,news,news
1190549,2022,news,news
1190438,2022,opinions,opinion
1190697,2022,news,news
1190808,2022,news,news
1190603,2022,opinions,opinion
1190831,2022,news,news
1190415,2022,news,news
1190931,2022,news,news
1190953,2022,opinions,opinion
1191122,2022,opinions,opinion
1190446,2022,news,news
1191192,2022,news,news
1191202,2022,news,news
1191181,2022,news,news
1191331,2022,news,news
1191275,2022,opinions,opinion
1191310,2022,news,news
1191322,2022,news,news
1191381,2022,opinions,opinion
1191362,2022,news,news
1191428,2022,news,news
1191261,2022,news,news
1191456,2022,news,news
1191534,2022,news,news
1191466,2022,news,news
1191498,2022,news,news
1191470,2022,news,news
1191660,2022,news,news
1191647,2022,news,news
1191265,2022,news,news
1191390,2022,news,news
1191126,2022,opinions,opinion
1191711,2022,news,news
1191688,2022,opinions,opinion
1191909,2022,news,news
1191914,2022,news,news
1191916,2022,news,news
1191949,2022,news,news
1191951,2022,news,news
1192082,2022,opinions,opinion
1191970,2022,news,news
1191983,2022,news,news
1192031,2022,news,news
1192072,2022,news,news
1192098,2022,news,news
1192139,2022,news,news
1192145,2022,news,news
1192170,2022,news,news
1192258,2022,news,news
1192265,2022,news,news
1192234,2022,news,news
1192296,2022,news,news
1192367,2022,news,news
1192393,2022,news,news
1192554,2022,opinions,opinion
1192545,2022,news,news
1192589,2022,news,news
1192601,2022,news,news
1192800,2022,news,news
1192650,2022,opinions,opinion
1192869,2022,opinions,opinion
1190237,2022,opinions,opinion
1190164,2022,news,news
1189668,2022,news,news
1193101,2022,news,news
1193106,2022,news,news
1193046,2022,news,news
1192834,2022,news,news
1192839,2022,news,news
1193000,2022,news,news
1190048,2022,news,news
1193292,2022,opinions,opinion
1193258,2022,news,news
1193264,2022,news,news
1193370,2022,news,news
1193475,2022,news,news
1193592,2022,news,news
1193594,2022,news,news
1193283,2022,news,news
1193437,2022,news,news
1193682,2022,news,news
1193717,2022,news,news
1193663,2022,news,news
1193863,2022,news,news
1193738,2022,news,news
1193736,2022,opinions,opinion
1193819,2022,news,news
1193840,2022,news,news
1193888,2022,opinions,opinion
1193964,2022,news,news
1193880,2022,news,news
1193921,2022,news,news
1194041,2022,news,news
1194007,2022,news,news
1194063,2022,news,news
1194080,2022,news,news
1194247,2022,news,news
1194190,2022,opinions,opinion
1193426,2022,opinions,opinion
1194195,2022,news,news
1194312,2022,opinions,opinion
1194322,2022,news,news
1194284,2022,news,news
1194435,2022,news,news
1194568,2022,news,news
1194539,2022,news,news
1194759,2022,opinions,opinion
1194565,2022,news,news
1194701,2022,news,news
1194758,2022,news,news
1194567,2022,opinions,opinion
1194783,2022,news,news
1194904,2022,news,news
1194798,2022,news,news
1194928,2022,news,news
1194896,2022,opinions,opinion
1194985,2022,news,news
1194953,2022,news,news
1194943,2022,news,news
1194933,2022,news,news
1194958,2022,opinions,opinion
1195199,2022,news,news
1195190,2022,news,news
1194656,2022,news,news
1195123,2022,opinions,opinion
1195288,2022,news,news
1195410,2022,news,news
1195393,2022,news,news
1195326,2022,news,news
1195257,2022,news,news
1195294,2022,opinions,opinion
1195322,2022,news,news
1195424,2022,news,news
1195651,2022,news,news
1195524,2022,news,news
1195542,2022,news,news
1195674,2022,news,news
1195694,2022,news,news
1195754,2022,news,news
1195816,2022,news,news
1195838,2022,news,news
1195851,2022,news,news
1195943,2022,news,news
1196030,2022,news,news
1195996,2022,news,news
1196131,2022,news,news
1196163,2022,news,news
1195922,2022,opinions,opinion
1196271,2022,opinions,opinion
1196204,2022,news,news
1196275,2022,news,news
1196319,2022,news,news
1196422,2022,news,news
1196615,2022,news,news
1196470,2022,news,news
1196594,2022,news,news
1196269,2022,opinions,opinion
1196434,2022,news,news
1196784,2022,news,news
1196651,2022,news,news
1196684,2022,news,news
1196743,2022,news,news
1196765,2022,news,news
1196762,2022,news,news
1196800,2022,news,news
1196847,2022,news,news
1197024,2022,news,news
1196960,2022,news,news
1196937,2022,news,news
1196943,2022,opinions,opinion
1197270,2022,news,news
1196915,2022,opinions,opinion
1197272,2022,news,news
1197397,2022,news,news
1197409,2022,news,news
1197326,2022,news,news
1196921,2022,opinions,opinion
1197372,2022,news,news
1197484,2022,news,news
1197590,2022,news,news
1197550,2022,news,news
1197593,2022,news,news
1197606,2022,news,news
1197616,2022,news,news
1197561,2022,opinions,opinion
1197538,2022,news,news
1197618,2022,news,news
1197647,2022,news,news
1197710,2022,news,news
1197803,2022,news,news
1197778,2022,news,news
1197844,2022,news,news
1197903,2022,news,news
1197793,2022,opinions,opinion
1197931,2022,news,news
1198008,2022,news,news
1197991,2022,news,news
1197946,2022,news,news
1198092,2022,news,news
1198074,2022,news,news
1198126,2022,news,news
1197786,2022,opinions,opinion
1197797,2022,opinions,opinion
1197791,2022,opinions,opinion
1198382,2022,news,news
1198500,2022,news,news
1198493,2022,news,news
1198461,2022,news,news
1198360,2022,news,news
1198352,2022,news,news
1197784,2022,opinions,opinion
1198702,2022,news,news
1198695,2022,news,news
1198742,2022,news,news
1198886,2022,news,news
1198869,2022,news,news
1198879,2022,news,news
1198979,2022,news,news
1198981,2022,news,news
1198967,2022,news,news
1199007,2022,opinions,opinion
1199166,2022,opinions,opinion
1199094,2022,news,news
1199111,2022,news,news
1199148,2022,news,news
1199244,2022,news,news
1199240,2022,news,news
1199235,2022,news,news
1199955,2022,news,news
1199853,2022,news,news
1199855,2022,opinions,opinion
1199936,2022,news,news
1200038,2022,news,news
1200073,2022,news,news
1200059,2022,news,news
1199981,2022,opinions,opinion
1200214,2022,news,news
1200156,2022,news,news
1198952,2022,news,news
1200273,2022,opinions,opinion
1200296,2022,news,news
1200274,2022,opinions,opinion
1200340,2022,news,news
1200339,2022,news,news
1200351,2022,news,news
1200352,2022,news,news
1200370,2022,news,news
1200413,2022,news,news
1200436,2022,news,news
1200477,2022,news,news
1200487,2022,news,news
1200634,2022,news,news
1200575,2022,news,news
1200805,2022,news,news
1200812,2022,news,news
1200537,2022,opinions,opinion
1200695,2022,opinions,opinion
1200666,2022,news,news
1200991,2022,news,news
1201130,2022,news,news
1200894,2022,news,news
1201127,2022,news,news
1201131,2022,news,news
1201252,2022,news,news
1201207,2022,news,news
1201291,2022,news,news
1201303,2022,news,news
1201123,2022,news,news
1201104,2022,news,news
1201100,2022,news,news
1200986,2022,news,news
1200917,2022,news,news
1200988,2022,news,news
1200682,2022,news,news
1200883,2022,news,news
1201256,2022,news,news
1201273,2022,news,news
1201052,2022,news,news
1200557,2022,opinions,opinion
1200154,2022,opinions,opinion
1200699,2022,opinions,opinion
1200697,2022,opinions,opinion
1200758,2022,opinions,opinion
1201396,2022,news,news
1201388,2022,news,news
1201365,2022,opinions,opinion
1201550,2022,news,news
1201557,2022,news,news
1201561,2022,news,news
1201564,2022,news,news
1201611,2022,news,news
1201552,2022,news,news
1201413,2022,news,news
1201613,2022,news,news
1201516,2022,opinions,opinion
1201816,2022,news,news
1201713,2022,news,news
1201756,2022,news,news
1201659,2022,news,news
1201643,2022,news,news
1201889,2022,news,news
1201865,2022,news,news
1201868,2022,news,news
1201850,2022,opinions,opinion
1201915,2022,opinions,opinion
1201951,2022,news,news
1201940,2022,news,news
1199243,2022,opinions,op-ed
1199231,2022,news,news
1199250,2022,news,news
1199254,2022,news,news
1199226,2022,news,news
1199261,2022,opinions,opinion
1201978,2022,news,news
1202286,2022,news,news
1202284,2022,news,news
1202285,2022,news,news
1202317,2022,news,news
1202334,2022,news,news
1202333,2022,news,news
1202480,2022,news,news
1202492,2022,news,news
1202543,2022,news,news
1202525,2022,news,news
1202508,2022,news,news
1202701,2022,news,news
1202677,2022,opinions,opinion
1202601,2022,news,news
1202636,2022,news,news
1202669,2022,news,news
1202722,2022,news,news
1202741,2022,news,news
1202769,2022,news,news
1202812,2022,news,news
1202889,2022,news,news
1202874,2022,news,news
1202912,2022,news,news
1202952,2022,news,news
1202895,2022,news,news
1203002,2022,opinions,opinion
1203034,2022,news,news
1202987,2022,news,news
1203005,2022,news,news
1202960,2022,news,news
1202934,2022,news,news
1203181,2022,news,news
1203074,2022,opinions,opinion
1203235,2022,opinions,opinion
1203205,2022,news,news
1203250,2022,news,news
1203262,2022,news,news
1203256,2022,news,news
1203341,2022,news,news
1203410,2022,news,news
1203427,2022,news,news
1203506,2022,news,news
1203497,2022,news,news
1203504,2022,news,news
1203595,2022,news,news
1203551,2022,news,news
1203553,2022,opinions,opinion
1203604,2022,news,news
1203617,2022,news,news
1203612,2022,opinions,opinion
1203851,2022,news,news
1203733,2022,news,news
1203678,2022,news,news
1203674,2022,news,news
1203705,2022,opinions,opinion
1203863,2022,news,news
1203914,2022,news,news
1203949,2022,news,news
1203953,2022,news,news
1204206,2022,news,news
1204166,2022,news,news
1204356,2022,news,news
1204402,2022,news,news
1204425,2022,news,news
1204517,2022,news,news
1204454,2022,news,news
1204533,2022,news,news
1204607,2022,news,news
1204648,2022,opinions,opinion
1204690,2022,news,news
1204694,2022,news,news
1204721,2022,news,news
1204649,2022,news,news
1204805,2022,news,news
1204778,2022,opinions,opinion
1204813,2022,news,news
1204991,2022,news,news
1204994,2022,news,news
1204781,2022,opinions,opinion
1205087,2022,news,news
1205110,2022,news,news
1205104,2022,news,news
1205113,2022,opinions,opinion
1205309,2022,news,news
1204790,2022,opinions,opinion
1205311,2022,news,news
1205317,2022,news,news
1205347,2022,opinions,opinion
1205423,2022,news,news
1205426,2022,news,news
1205402,2022,news,news
1205457,2022,opinions,opinion
1205453,2022,opinions,opinion
1205450,2022,opinions,opinion
1205460,2022,opinions,opinion
1205504,2022,opinions,opinion
1205547,2022,opinions,opinion
1205514,2022,news,news
1205510,2022,news,news
1205567,2022,news,news
1205584,2022,news,news
1205298,2022,news,news
1205578,2022,news,news
1205720,2022,news,news
1205804,2022,news,news
1205815,2022,news,news
1205642,2022,opinions,opinion
1205835,2022,news,news
1205859,2022,news,news
1205864,2022,news,news
1205851,2022,opinions,opinion
1205986,2022,news,news
1206071,2022,news,news
1206091,2022,opinions,opinion
1206064,2022,news,news
1206119,2022,news,news
1206050,2022,news,news
1205994,2022,news,news
1206172,2022,news,news
1206134,2022,news,news
1206260,2022,news,news
1206253,2022,news,news
1206350,2022,news,news
1206380,2022,news,news
1206473,2022,news,news
1206467,2022,news,news
1206419,2022,news,news
1206505,2022,news,news
1206444,2022,opinions,opinion
1206561,2022,news,news
1206237,2022,news,news
1206501,2022,news,news
1206556,2022,news,news
1206593,2022,news,news
1206624,2022,news,news
1206708,2022,news,news
1206314,2022,news,news
1206797,2022,opinions,opinion
1206716,2022,news,news
1206704,2022,news,news
1206715,2022,news,news
1206872,2022,opinions,column
1206653,2022,news,news
1206665,2022,news,news
1206692,2022,news,news
1207122,2022,news,news
1207473,2022,news,news
1207528,2022,news,news
1207560,2022,news,news
1207586,2022,news,news
1207605,2022,news,news
1207643,2022,news,news
1207757,2022,news,news
1207739,2022,news,news
1207789,2022,news,news
1207809,2022,news,news
1207434,2022,news,news
1206893,2022,news,news
1207930,2022,news,news
1206352,2022,news,news
1208054,2022,opinions,opinion
1207945,2022,opinions,column
1207887,2022,news,news
1208241,2022,news,news
1208199,2022,news,news
1208265,2022,news,news
1208338,2022,news,news
1208300,2022,opinions,opinion
1208315,2022,news,news
1208375,2022,news,news
1208431,2022,news,news
1208428,2022,news,news
1207984,2022,news,news
1208480,2022,news,news
1208491,2022,news,news
1207968,2022,news,news
1208580,2022,news,news
1208583,2022,news,news
1208611,2022,opinions,opinion
1208550,2022,opinions,opinion
1208699,2022,news,news
1208648,2022,opinions,opinion
1207965,2022,news,news
1207971,2022,news,news
1208754,2022,news,news
1208743,2022,opinions,opinion
1208752,2022,news,news
1207963,2022,news,news
1208835,2022,news,news
1208847,2022,news,news
1207961,2022,news,news
1207957,2022,news,news
1208894,2022,news,news
1209009,2022,news,news
1209031,2022,news,news
1208949,2022,opinions,opinion
1208892,2022,news,news
1207975,2022,news,news
1207895,2022,news,news
1207973,2022,news,news
1209073,2022,news,news
1209088,2022,news,news
1209085,2022,news,news
1208062,2022,news,news
1207891,2022,news,news
1209154,2022,news,news
1209173,2022,news,news
1209158,2022,news,news
1209160,2022,news,news
1208193,2022,news,news
1207981,2022,news,news
1209165,2022,opinions,opinion
1209260,2022,news,news
1209302,2022,news,news
1209341,2022,opinions,opinion
1208018,2022,news,news
1209380,2022,news,news
1209292,2022,opinions,opinion
1209536,2022,news,news
1209623,2022,news,news
1209512,2022,news,news
1209595,2022,news,news
1209612,2022,news,news
1209629,2022,opinions,column
1209722,2022,news,news
1209671,2022,news,news
1209760,2022,news,news
1209581,2022,opinions,opinion
1209874,2022,news,news
1209739,2022,opinions,editorial
1209878,2022,news,news
1209969,2022,news,news
1209939,2022,news,news
1210025,2022,news,news
1210071,2022,news,news
1210141,2022,opinions,opinion
1210156,2022,opinions,opinion
1210214,2022,news,news
1210173,2022,news,news
1210190,2022,news,news
1210366,2022,news,news
1210359,2022,news,news
1210372,2022,opinions,opinion
1210307,2022,news,news
1210284,2022,news,news
1210488,2022,news,news
1210501,2022,news,news
1210421,2022,opinions,opinion
1210514,2022,news,news
1210623,2022,news,news
1210819,2022,news,news
1210776,2022,news,news
1210683,2022,news,news
1210676,2022,news,news
1210610,2022,news,news
1210758,2022,opinions,opinion
1210665,2022,news,news
1210848,2022,news,news
1210854,2022,news,news
1210888,2022,opinions,opinion
1211058,2022,news,news
1211042,2022,news,news
1211000,2022,news,news
1210785,2022,news,news
1211203,2022,news,news
1211218,2022,news,news
1211179,2022,news,news
1211152,2022,news,news
1211077,2022,news,news
1211330,2022,news,news
1211357,2022,news,news
1211345,2022,news,news
1208010,2022,news,news
1211507,2022,news,news
1211430,2022,news,news
1211522,2022,news,news
1211534,2022,news,news
1211513,2022,news,news
1211638,2022,news,news
1211633,2022,news,news
1211687,2022,news,news
1211706,2022,news,news
1211813,2022,news,news
1211827,2022,news,news
1211812,2022,opinions,opinion
1211861,2022,news,news
1211866,2022,news,news
1211923,2022,opinions,opinion
1212157,2022,news,news
1212352,2022,news,news
1212308,2022,news,news
1212046,2022,news,news
1212133,2022,news,news
1212303,2022,opinions,opinion
1212136,2022,news,news
1211925,2022,news,news
1212004,2022,news,news
1212017,2022,opinions,opinion
1212360,2022,news,news
1212379,2022,news,news
1212531,2022,news,news
1212534,2022,news,news
1212549,2022,opinions,opinion
1212553,2022,opinions,opinion
1212811,2022,news,news
1212346,2022,news,news
1212817,2022,news,news
1212362,2022,news,news
1212013,2022,news,news
1212376,2022,news,news
1212299,2022,news,news
1211985,2022,news,news
1212679,2022,opinions,opinion
1212619,2022,news,news
1212803,2022,news,news
1212977,2022,news,news
1212995,2022,news,news
1213014,2022,news,news
1213039,2022,news,news
1213149,2022,news,news
1213177,2022,news,news
1213158,2022,news,news
1213186,2022,news,news
1213111,2022,opinions,opinion
1213264,2022,news,news
1213361,2022,news,news
1213348,2022,news,news
1213393,2022,news,news
1213473,2022,news,news
1213447,2022,news,news
1213495,2022,opinions,opinion
1213353,2022,news,news
1213384,2022,news,news
1213614,2022,news,news
1213627,2022,news,news
1213630,2022,news,news
1213800,2022,news,news
1213781,2022,news,news
1213731,2022,news,news
1213890,2022,news,news
1213895,2022,news,news
1213831,2022,news,news
1213943,2022,news,news
1214182,2022,news,news
1214278,2022,news,news
1214287,2022,news,news
1214414,2022,news,news
1214251,2022,opinions,opinion
1214306,2022,news,news
1214421,2022,news,news
1214393,2022,news,news
1214348,2022,opinions,opinion
1214370,2022,opinions,opinion
1214519,2022,news,news
1214558,2022,news,news
1214525,2022,news,news
1214582,2022,news,news
1214566,2022,news,news
1214508,2022,news,news
1214756,2022,news,news
1214764,2022,news,news
1214520,2022,news,news
1214788,2022,news,news
1214862,2022,opinions,opinion
1214953,2022,opinions,opinion
1215042,2022,opinions,opinion
1214986,2022,news,news
1214972,2022,news,news
1215063,2022,news,news
1215074,2022,news,news
1215259,2022,news,news
1215227,2022,news,news
1215092,2022,news,news
1215144,2022,news,news
1215046,2022,opinions,opinion
1215273,2022,news,news
1215274,2022,news,news
1215080,2022,news,news
1215332,2022,news,news
1215356,2022,news,news
1215427,2022,news,news
1215445,2022,news,news
1215413,2022,news,news
1215342,2022,news,news
1215303,2022,news,news
1215494,2022,news,news
1215479,2022,opinions,opinion
1215608,2022,opinions,opinion
1215576,2022,news,news
1215593,2022,news,news
1215817,2022,news,news
1215263,2022,news,news
1215884,2022,news,news
1215888,2022,news,news
1215897,2022,news,news
1215989,2022,news,news
1215436,2022,news,news
1215942,2022,news,news
1216002,2022,news,news
1216093,2022,news,news
1213125,2022,opinions,opinion
1216167,2022,news,news
1216089,2022,opinions,opinion
1216074,2022,news,news
1216144,2022,news,news
1216212,2022,news,news
1216177,2022,news,news
1216238,2022,news,news
1216039,2022,news,news
1216330,2022,news,news
1216416,2022,news,news
1216477,2022,news,news
1216471,2022,opinions,op-ed
1209801,2022,news,news
1209998,2022,opinions,opinion
1216561,2022,news,news
1216789,2023,news,news
1216820,2023,opinions,opinion
1215506,2023,news,news
1216877,2023,news,news
1216882,2023,news,news
1216928,2023,news,news
1216086,2023,news,news
1216947,2023,news,news
1216969,2023,opinions,opinion
1216983,2023,news,news
1217045,2023,news,news
1217050,2023,news,news
1217094,2023,news,news
1217091,2023,news,news
1217069,2023,opinions,column
1217215,2023,news,news
1217139,2023,news,news
1217169,2023,news,news
1217209,2023,news,news
1217304,2023,news,news
1217318,2023,news,news
1217345,2023,news,news
1217363,2023,news,news
1217322,2023,news,news
1217453,2023,opinions,column
1217387,2023,news,news
1217428,2023,news,news
1217450,2023,news,news
1217493,2023,news,news
1217492,2023,news,news
1217532,2023,news,news
1217669,2023,news,news
1217679,2023,news,news
1217652,2023,news,news
1217827,2023,news,news
1217776,2023,news,news
1217759,2023,news,news
1217720,2023,opinions,opinion
1217790,2023,news,news
1217906,2023,news,news
1217937,2023,news,news
1217949,2023,news,news
1217944,2023,news,news
1217999,2023,news,news
1217973,2023,news,news
1217780,2023,opinions,opinion
1218017,2023,news,news
1218047,2023,news,news
1218097,2023,news,news
1218157,2023,news,news
1218169,2023,opinions,opinion
1218216,2023,news,news
1218241,2023,news,news
1218345,2023,news,news
1218364,2023,news,news
1220067,2023,news,news
1220213,2023,news,news
1220210,2023,news,news
1220230,2023,news,news
1218248,2023,opinions,opinion
1220335,2023,opinions,opinion
1220387,2023,news,news
1220362,2023,news,news
1220398,2023,news,news
1220420,2023,news,news
1220405,2023,opinions,opinion
1220449,2023,news,news
1220553,2023,opinions,opinion
1220491,2023,news,news
1220561,2023,news,news
1220566,2023,news,news
1220680,2023,news,news
1220722,2023,news,news
1220721,2023,news,news
1220828,2023,news,news
1220773,2023,news,news
1220648,2023,news,news
1220785,2023,news,news
1220791,2023,opinions,column
1221018,2023,news,news
1220985,2023,news,news
1221016,2023,news,news
1220963,2023,opinions,opinion
1221172,2023,news,news
1221165,2023,news,news
1221187,2023,news,news
1221238,2023,news,news
1221292,2023,news,news
1221285,2023,opinions,opinion
1221433,2023,news,news
1221478,2023,news,news
1221487,2023,news,news
1221277,2023,opinions,op-ed
1221554,2023,news,news
1221564,2023,news,news
1221607,2023,news,news
1221135,2023,opinions,column
1215611,2023,news,news
1221658,2023,news,news
1221629,2023,news,news
1221624,2023,opinions,opinion
1221804,2023,news,news
1221695,2023,news,news
1221933,2023,news,news
1221844,2023,opinions,opinion
1222051,2023,news,news
1222035,2023,opinions,opinion
1222243,2023,news,news
1222438,2023,news,news
1222405,2023,news,news
1222251,2023,news,news
1222268,2023,news,news
1222275,2023,news,news
1222193,2023,opinions,opinion
1221929,2023,news,news
1222480,2023,news,news
1222322,2023,news,news
1221534,2023,news,news
1221638,2023,news,news
1222199,2023,news,news
1221876,2023,news,news
1222373,2023,opinions,opinion
1222210,2023,opinions,opinion
1222188,2023,opinions,opinion
1221667,2023,news,news
1222651,2023,news,news
1222642,2023,news,news
1222683,2023,news,news
1222667,2023,news,news
1222795,2023,news,news
1222740,2023,news,news
1222805,2023,news,news
1222793,2023,news,news
1222849,2023,news,news
1222886,2023,news,news
1222869,2023,news,news
1223041,2023,news,news
1222977,2023,news,news
1222976,2023,news,news
1223063,2023,news,news
1223070,2023,news,news
1223028,2023,news,news
1223233,2023,opinions,opinion
1223315,2023,news,news
1223351,2023,news,news
1223399,2023,opinions,opinion
1223361,2023,news,news
1223473,2023,news,news
1223496,2023,news,news
1223533,2023,news,news
1223561,2023,opinions,opinion
1223463,2023,news,news
1223566,2023,news,news
1223614,2023,opinions,opinion
1223699,2023,opinions,opinion
1223749,2023,opinions,opinion
1223675,2023,news,news
1223679,2023,news,news
1223809,2023,news,news
1223837,2023,news,news
1223857,2023,news,news
1223716,2023,news,news
1223941,2023,news,news
1223982,2023,news,news
1223985,2023,opinions,opinion
1223976,2023,news,news
1223799,2023,news,news
1224039,2023,news,news
1224138,2023,news,news
1224110,2023,news,news
1224131,2023,news,news
1224283,2023,news,news
1224273,2023,news,news
1224189,2023,opinions,opinion
1224291,2023,news,news
1224315,2023,news,news
1224304,2023,news,news
1224363,2023,news,news
1224497,2023,news,news
1224521,2023,news,news
1224573,2023,opinions,opinion
1224582,2023,news,news
1224588,2023,news,news
1224585,2023,opinions,opinion
1224647,2023,news,news
1224732,2023,news,news
1224672,2023,opinions,opinion
1224714,2023,news,news
1224590,2023,opinions,opinion
1224825,2023,news,news
1224742,2023,news,news
1224735,2023,news,news
1224801,2023,news,news
1224879,2023,news,news
1224754,2023,opinions,opinion
1224896,2023,news,news
1224898,2023,news,news
1224883,2023,news,news
1224917,2023,news,news
1224928,2023,news,news
1224941,2023,opinions,opinion
1224998,2023,news,news
1225044,2023,news,news
1225089,2023,news,news
1225109,2023,news,news
1225067,2023,opinions,opinion
1225146,2023,news,news
1224890,2023,opinions,opinion
1225185,2023,news,news
1225258,2023,news,news
1225178,2023,opinions,opinion
1225330,2023,news,news
1225357,2023,news,news
1225312,2023,news,news
1225303,2023,news,news
1225275,2023,opinions,opinion
1224948,2023,news,news
1225370,2023,opinions,opinion
1225377,2023,news,news
1225406,2023,news,news
1225396,2023,news,news
1225472,2023,news,news
1225454,2023,news,news
1225545,2023,news,news
1225481,2023,news,news
1225541,2023,opinions,opinion
1225524,2023,news,news
1225560,2023,opinions,opinion
1225604,2023,news,news
1225590,2023,news,news
1225570,2023,news,news
1225595,2023,news,news
1225741,2023,news,news
1225743,2023,news,news
1225432,2023,opinions,opinion
1225591,2023,opinions,opinion
1225841,2023,news,news
1225796,2023,news,news
1225683,2023,news,news
1225748,2023,news,news
1225858,2023,news,news
1225922,2023,news,news
1225943,2023,news,news
1225961,2023,opinions,opinion
1226128,2023,opinions,opinion
1226085,2023,news,news
1226100,2023,news,news
1226045,2023,news,news
1226039,2023,news,news
1226104,2023,news,news
1226255,2023,news,news
1226162,2023,news,news
1226218,2023,opinions,opinion
1226337,2023,news,news
1226334,2023,news,news
1226329,2023,news,news
1226215,2023,news,news
1226226,2023,news,news
1226259,2023,news,news
1226313,2023,opinions,opinion
1226389,2023,news,news
1226380,2023,news,news
1226437,2023,news,news
1226453,2023,news,news
1226421,2023,opinions,opinion
1226446,2023,opinions,opinion
1226481,2023,opinions,opinion
1226495,2023,news,news
1226641,2023,news,news
1226629,2023,news,news
1226570,2023,news,news
1226563,2023,opinions,opinion
1226919,2023,opinions,column
1226814,2023,news,news
1226980,2023,news,news
1226957,2023,news,news
1226960,2023,news,news
1227031,2023,news,news
1227005,2023,opinions,opinion
1227064,2023,news,news
1227104,2023,news,news
1227157,2023,news,news
1227187,2023,news,news
1227183,2023,opinions,opinion
1227307,2023,news,news
1227351,2023,news,news
1227392,2023,news,news
1227395,2023,news,news
1227440,2023,news,news
1227594,2023,news,news
1227588,2023,news,news
1227595,2023,news,news
1227797,2023,opinions,opinion
1227813,2023,news,news
1227778,2023,news,news
1227847,2023,news,news
1227981,2023,news,news
1227982,2023,news,news
1227867,2023,opinions,opinion
1227674,2023,opinions,opinion
1227954,2023,news,news
1227977,2023,news,news
1227925,2023,news,news
1228194,2023,news,news
1228161,2023,news,news
1228188,2023,opinions,opinion
1228199,2023,news,news
1228201,2023,news,news
1228242,2023,news,news
1228339,2023,news,news
1228253,2023,news,news
1228301,2023,opinions,opinion
1228595,2023,news,news
1228683,2023,opinions,column
1228723,2023,opinions,opinion
1228672,2023,news,news
1228766,2023,news,news
1228767,2023,news,news
1228816,2023,news,news
1228728,2023,opinions,opinion
1228842,2023,news,news
1228821,2023,news,news
1228887,2023,news,news
1228906,2023,news,news
1228916,2023,news,news
1227785,2023,opinions,op-ed
1228896,2023,opinions,opinion
1229040,2023,news,news
1229052,2023,news,news
1228455,2023,opinions,opinion
1225620,2023,opinions,opinion
1227752,2023,news,news
1227761,2023,news,news
1227759,2023,news,news
1229156,2023,opinions,opinion
1229033,2023,news,news
1229111,2023,opinions,opinion
1229275,2023,opinions,opinion
1229463,2023,news,news
1229493,2023,news,news
1229475,2023,opinions,opinion
1229490,2023,news,news
1229426,2023,news,news
1229650,2023,opinions,opinion
1229655,2023,news,news
1229689,2023,news,news
1229674,2023,news,news
1229724,2023,news,news
1229768,2023,news,news
1229800,2023,news,news
1229808,2023,opinions,opinion
1229849,2023,news,news
1229915,2023,opinions,opinion
1229946,2023,news,news
1230040,2023,news,news
1229918,2023,news,news
1229999,2023,news,news
1229932,2023,news,news
1230001,2023,opinions,opinion
1229938,2023,news,news
1230042,2023,news,news
1230072,2023,opinions,opinion
1230125,2023,news,news
1230123,2023,news,news
1230116,2023,news,news
1230161,2023,news,news
1230174,2023,news,news
1230243,2023,opinions,opinion
1230228,2023,news,news
1230300,2023,news,news
1222926,2023,news,news
1223756,2023,opinions,opinion
1230383,2023,news,news
1230528,2023,news,news
1230538,2023,news,news
1230640,2023,news,news
1230633,2023,news,news
1230730,2023,news,news
1230799,2023,news,news
1230922,2023,news,news
1230968,2023,news,news
1230951,2023,news,news
1231222,2023,news,news
1231035,2023,news,news
1231481,2023,news,news
1231033,2023,news,news
1231005,2023,news,news
1231847,2023,news,news
1231699,2023,news,news
1230991,2023,news,news
1231089,2023,news,news
1231346,2023,news,news
1231425,2023,news,news
1231415,2023,news,news
1231981,2023,news,news
1231090,2023,news,news
1232057,2023,news,news
1231229,2023,news,news
1232117,2023,opinions,opinion
1231043,2023,news,news
1232184,2023,news,news
1231227,2023,news,news
1231060,2023,news,news
1231087,2023,news,news
1231208,2023,news,news
1232435,2023,news,news
1232521,2023,news,news
1232549,2023,news,news
1231332,2023,news,news
1232714,2023,news,news
1231065,2023,news,news
1232379,2023,opinions,opinion
1232709,2023,news,news
1232783,2023,news,news
1232857,2023,news,news
1232854,2023,news,news
1232756,2023,news,news
1232720,2023,opinions,opinion
1233152,2023,news,news
1233138,2023,news,news
1232986,2023,opinions,opinion
1233196,2023,news,news
1233210,2023,news,news
1233328,2023,opinions,opinion
1233403,2023,news,news
1233392,2023,news,news
1233488,2023,news,news
1233461,2023,news,news
1233476,2023,opinions,opinion
1233468,2023,opinions,opinion
1233414,2023,news,news
1233776,2023,news,news
1233747,2023,news,news
1233570,2023,news,news
1233617,2023,news,news
1233646,2023,news,news
1233540,2023,opinions,opinion
1233894,2023,news,news
1233833,2023,news,news
1233905,2023,news,news
1233917,2023,news,news
1233874,2023,news,news
1233856,2023,news,news
1233992,2023,news,news
1233994,2023,news,news
1233974,2023,news,news
1234036,2023,news,news
1234059,2023,news,news
1234043,2023,news,news
1234070,2023,news,news
1234124,2023,news,news
1234213,2023,news,news
1234159,2023,news,news
1234273,2023,news,news
1234260,2023,news,news
1234322,2023,news,news
1234357,2023,news,news
1234419,2023,news,news
1234430,2023,news,news
1234423,2023,news,news
1234573,2023,opinions,opinion
1234595,2023,news,news
1234586,2023,news,news
1234612,2023,news,news
1234638,2023,news,news
1234802,2023,news,news
1234719,2023,news,news
1234780,2023,news,news
1234834,2023,news,news
1234147,2023,opinions,opinion
1234793,2023,news,news
1235239,2023,news,news
1235211,2023,news,news
1235111,2023,news,news
1235158,2023,news,news
1235143,2023,opinions,opinion
1234431,2023,opinions,opinion
1235248,2023,news,news
1235262,2023,news,news
1235355,2023,news,news
1235349,2023,opinions,opinion
1235302,2023,news,news
1235392,2023,news,news
1235544,2023,news,news
1235549,2023,news,news
1235532,2023,news,news
1235612,2023,news,news
1235638,2023,news,news
1235653,2023,news,news
1235988,2023,news,news
1236049,2023,news,news
1235740,2023,news,news
1235787,2023,news,news
1235741,2023,news,news
1235998,2023,news,news
1236021,2023,opinions,opinion
1236135,2023,news,news
1236163,2023,news,news
1236061,2023,news,news
1236146,2023,opinions,opinion
1236134,2023,news,news
1236173,2023,news,news
1236461,2023,news,news
1236431,2023,news,news
1236332,2023,news,news
1236319,2023,opinions,opinion
1236132,2023,news,news
1236274,2023,news,news
1236295,2023,news,news
1236630,2023,news,news
1236544,2023,news,news
1236589,2023,news,news
1236628,2023,news,news
1236644,2023,news,news
1236758,2023,news,news
1236826,2023,news,news
1236884,2023,news,news
1236971,2023,news,news
1236961,2023,news,news
1236763,2023,opinions,opinion
1237043,2023,news,news
1237200,2023,news,news
1237175,2023,news,news
1237169,2023,news,news
1237215,2023,news,news
1237330,2023,news,news
1237361,2023,news,news
1234363,2023,news,news
1237353,2023,news,news
1237731,2023,news,news
1237736,2023,news,news
1237748,2023,news,news
1238073,2023,opinions,opinion
1238156,2023,news,news
1238142,2023,news,news
1238266,2023,news,news
1238432,2023,news,news
1238408,2023,news,news
1238383,2023,opinions,opinion
1238350,2023,news,news
1238263,2023,news,news
1238472,2023,news,news
1238524,2023,news,news
1238555,2023,news,news
1238534,2023,news,news
1238659,2023,news,news
1238670,2023,news,news
1238291,2023,news,news
1238268,2023,opinions,column
1238776,2023,news,news
1238890,2023,news,news
1238855,2023,news,news
1239083,2023,news,news
1239013,2023,news,news
1239106,2023,news,news
1239151,2023,opinions,opinion
1239165,2023,news,news
1239072,2023,news,news
1239067,2023,news,news
1239388,2023,news,news
1239394,2023,news,news
1239321,2023,news,news
1239288,2023,news,news
1239292,2023,news,news
1236320,2023,opinions,opinion
1239480,2023,news,news
1239450,2023,news,news
1239601,2023,news,news
1239612,2023,news,news
1239537,2023,news,news
1239471,2023,opinions,opinion
1238532,2023,opinions,opinion
1239467,2023,opinions,opinion
1239513,2023,news,news
1239695,2023,news,news
1239383,2023,news,news
1239751,2023,news,news
1239910,2024,news,news
1239895,2024,news,news
1239534,2024,news,news
1239968,2024,news,news
1240002,2024,news,news
1239960,2024,news,news
1240054,2024,news,news
1240089,2024,news,news
1240116,2024,news,news
1240142,2024,news,news
1240135,2024,news,news
1240347,2024,news,news
1240280,2024,news,news
1240294,2024,news,news
1240460,2024,news,news
1240365,2024,news,news
1240491,2024,news,news
1240572,2024,news,news
1240658,2024,news,news
1240715,2024,news,news
1240757,2024,news,news
1240763,2024,news,news
1240750,2024,news,news
1240850,2024,news,news
1240911,2024,news,news
1240861,2024,news,news
1240830,2024,news,news
1240989,2024,news,news
1240968,2024,news,news
1240982,2024,news,news
1240966,2024,opinions,opinion
1241051,2024,news,news
1241059,2024,news,news
1241269,2024,news,news
1241196,2024,opinions,opinion
1241189,2024,news,news
1241161,2024,news,news
1241334,2024,news,news
1241380,2024,news,news
1241375,2024,news,news
1241413,2024,news,news
1241471,2024,news,news
1241434,2024,news,news
1241474,2024,news,news
1241585,2024,news,news
1241421,2024,news,news
1241403,2024,opinions,opinion
1240661,2024,opinions,opinion
1241604,2024,news,news
1241719,2024,opinions,opinion
1241621,2024,news,news
1241616,2024,news,news
1241805,2024,news,news
1241861,2024,news,news
1241845,2024,news,news
1241972,2024,news,news
1241963,2024,news,news
1241838,2024,news,news
1241851,2024,opinions,opinion
1241986,2024,news,news
1242002,2024,news,news
1241703,2024,news,news
1242069,2024,news,news
1242092,2024,news,news
1242163,2024,news,news
1242143,2024,news,news
1242171,2024,news,news
1242339,2024,news,news
1242247,2024,news,news
1242284,2024,news,news
1242411,2024,news,news
1242430,2024,news,news
1242469,2024,news,news
1242511,2024,news,news
1242671,2024,news,news
1242655,2024,news,news
1242527,2024,news,news
1242422,2024,news,news
1242641,2024,news,news
1242286,2024,news,news
1242702,2024,news,news
1242760,2024,opinions,column
1242735,2024,news,news
1242837,2024,news,news
1242885,2024,news,news
1242927,2024,news,news
1242924,2024,news,news
1243061,2024,news,news
1242965,2024,news,news
1242989,2024,opinions,opinion
1243036,2024,news,news
1243278,2024,news,news
1243208,2024,news,news
1243126,2024,news,news
1243134,2024,news,news
1243153,2024,news,news
1243194,2024,opinions,opinion
1242280,2024,news,news
1243353,2024,news,news
1243466,2024,news,news
1243239,2024,opinions,opinion
1243455,2024,news,news
1243531,2024,news,news
1243525,2024,news,news
1243521,2024,news,news
1243634,2024,news,news
1243630,2024,news,news
1243624,2024,news,news
1243825,2024,news,news
1243830,2024,news,news
1243725,2024,news,news
1243734,2024,news,news
1243762,2024,news,news
1243860,2024,news,news
1243959,2024,news,news
1243952,2024,news,news
1243953,2024,news,news
1244102,2024,news,news
1244042,2024,opinions,opinion
1244061,2024,news,news
1244021,2024,news,news
1243995,2024,news,news
1244122,2024,news,news
1244140,2024,news,news
1244151,2024,news,news
1244215,2024,news,news
1244198,2024,news,news
1244233,2024,news,news
1244195,2024,news,news
1244278,2024,news,news
1244264,2024,news,news
1244286,2024,news,news
1244335,2024,news,news
1244341,2024,news,news
1244359,2024,news,news
1244391,2024,news,news
1244418,2024,news,news
1244475,2024,news,news
1244592,2024,news,news
1244439,2024,opinions,opinion
1244578,2024,news,news
1244459,2024,news,news
1244667,2024,news,news
1244786,2024,news,news
1244761,2024,opinions,opinion
1244794,2024,news,news
1244572,2024,news,news
1244843,2024,news,news
1244815,2024,opinions,opinion
1244871,2024,news,news
1244885,2024,news,news
1244964,2024,news,news
1245034,2024,news,news
1245205,2024,news,news
1245240,2024,news,news
1245244,2024,news,news
1245233,2024,news,news
1245329,2024,news,news
1245339,2024,news,news
1245439,2024,news,news
1245444,2024,news,news
1245343,2024,news,news
1245386,2024,news,news
1245419,2024,news,news
1245468,2024,opinions,opinion
1245472,2024,news,news
1245484,2024,news,news
1245533,2024,news,news
1245469,2024,news,news
1245552,2024,news,news
1245563,2024,news,news
1245663,2024,news,news
1245581,2024,news,news
1245589,2024,news,news
1245707,2024,news,news
1245761,2024,news,news
1245753,2024,news,news
1245777,2024,news,news
1245863,2024,news,news
1245880,2024,news,news
1245830,2024,news,news
1245872,2024,news,news
1246052,2024,news,news
1246051,2024,news,news
1246039,2024,news,news
1245995,2024,news,news
1246111,2024,news,news
1246106,2024,news,news
1246122,2024,news,news
1246151,2024,news,news
1246204,2024,news,news
1246176,2024,news,news
1246206,2024,opinions,opinion
1246317,2024,news,news
1246283,2024,news,news
1246292,2024,news,news
1246362,2024,news,news
1246374,2024,news,news
1246397,2024,news,news
1246505,2024,news,news
1246519,2024,opinions,opinion
1246551,2024,opinions,opinion
1246481,2024,news,news
1246442,2024,news,news
1246492,2024,news,news
1246701,2024,news,news
1246638,2024,news,news
1246698,2024,news,news
1246714,2024,opinions,opinion
1246569,2024,opinions,editorial
1246587,2024,news,news
1246553,2024,news,news
1246583,2024,news,news
1246563,2024,news,news
1246717,2024,news,news
1246764,2024,news,news
1246818,2024,opinions,opinion
1246727,2024,news,news
1246936,2024,news,news
1246833,2024,news,news
1246856,2024,news,news
1246889,2024,news,news
1246931,2024,news,news
1246907,2024,news,news
1246964,2024,news,news
1247071,2024,news,news
1246962,2024,news,news
1246853,2024,opinions,opinion
1247068,2024,news,news
1247039,2024,news,news
1247009,2024,news,news
1247275,2024,news,news
1247344,2024,news,news
1247236,2024,news,news
1247241,2024,news,news
1247221,2024,news,news
1247371,2024,news,news
1247407,2024,news,news
1247385,2024,news,news
1247381,2024,news,news
1247158,2024,news,news
1247493,2024,news,news
1247428,2024,news,news
1247496,2024,news,news
1247490,2024,news,news
1247545,2024,news,news
1247487,2024,news,news
1247535,2024,news,news
1247662,2024,news,news
1247678,2024,news,news
1247640,2024,opinions,opinion
1247637,2024,opinions,opinion
1247618,2024,news,news
1247796,2024,opinions,opinion
1247732,2024,news,news
1247658,2024,news,news
1247822,2024,news,news
1247947,2024,news,news
1247952,2024,news,news
1247980,2024,news,news
1248019,2024,news,news
1248007,2024,news,news
1248052,2024,news,news
1248116,2024,news,news
1248111,2024,news,news
1247555,2024,opinions,opinion
1248192,2024,news,news
1248204,2024,news,news
1248185,2024,news,news
1248286,2024,news,news
1248257,2024,news,news
1248266,2024,news,news
1248345,2024,news,news
1248320,2024,news,news
1248229,2024,opinions,column
1248316,2024,opinions,opinion
1248514,2024,opinions,column
1248597,2024,news,news
1248410,2024,news,news
1248530,2024,news,news
1248449,2024,news,news
1248415,2024,news,news
1248637,2024,news,news
1248663,2024,news,news
1248599,2024,news,news
1248670,2024,news,news
1248719,2024,news,news
1248723,2024,news,news
1248772,2024,news,news
1248810,2024,news,news
1248838,2024,news,news
1248887,2024,news,news
1248920,2024,news,news
1248896,2024,news,news
1248992,2024,news,news
1249065,2024,news,news
1248820,2024,opinions,opinion
1248947,2024,news,news
1248995,2024,news,news
1249076,2024,news,news
1249057,2024,news,news
1249157,2024,opinions,opinion
1249180,2024,news,news
1248954,2024,opinions,opinion
1249196,2024,news,news
1249226,2024,news,news
1249246,2024,news,news
1249334,2024,news,news
1249351,2024,news,news
1249496,2024,opinions,opinion
1249396,2024,news,news
1249481,2024,news,news
1249453,2024,news,news
1249413,2024,news,news
1249534,2024,opinions,opinion
1249600,2024,news,news
1249618,2024,news,news
1249595,2024,news,news
1249668,2024,news,news
1250147,2024,opinions,opinion
1250184,2024,news,news
1250457,2024,news,news
1250492,2024,news,news
1250482,2024,news,news
1250394,2024,news,news
1250593,2024,news,news
1250648,2024,opinions,column
1250689,2024,news,news
1250718,2024,news,news
1250721,2024,news,news
1250669,2024,opinions,opinion
1250887,2024,opinions,opinion
1251017,2024,news,news
1251213,2024,news,news
1251282,2024,opinions,opinion
1251431,2024,news,news
1251628,2024,opinions,opinion
1251724,2024,news,news
1251489,2024,news,news
1251948,2024,opinions,opinion
1251889,2024,news,news
1252151,2024,news,news
1252409,2024,opinions,opinion
1252030,2024,news,news
1252436,2024,opinions,opinion
1251434,2024,news,news
1252534,2024,opinions,opinion
1251609,2024,news,news
1252432,2024,news,news
1252721,2024,news,news
1252770,2024,news,news
1252716,2024,news,news
1252973,2024,news,news
1252976,2024,news,news
1252895,2024,news,news
1253171,2024,news,news
1253348,2024,news,news
1250926,2024,news,news
1252848,2024,news,news
1253216,2024,news,news
1252761,2024,news,news
1253430,2024,news,news
1251764,2024,news,news
1253608,2024,news,news
1253578,2024,news,news
1252027,2024,news,news
1253882,2024,news,news
1253776,2024,opinions,opinion
1253887,2024,news,news
1253967,2024,news,news
1254042,2024,opinions,opinion
1254074,2024,news,news
1254232,2024,opinions,opinion
1254234,2024,news,news
1254092,2024,news,news
1254293,2024,news,news
1254469,2024,news,news
1254376,2024,opinions,opinion
1254258,2024,news,news
1254430,2024,news,news
1254432,2024,news,news
1254647,2024,news,news
1254597,2024,news,news
1253938,2024,news,news
1254604,2024,opinions,opinion
1254756,2024,news,news
1254835,2024,news,news
1254744,2024,news,news
1254735,2024,opinions,opinion
1254952,2024,news,news
1254898,2024,news,news
1254910,2024,news,news
1255088,2024,opinions,opinion
1255225,2024,opinions,opinion
1255183,2024,news,news
1255140,2024,news,news
1255231,2024,news,news
1255360,2024,news,news
1255247,2024,news,news
1250964,2024,news,news
1255314,2024,opinions,opinion
1255366,2024,opinions,opinion
1255488,2024,news,news
1254109,2024,news,news
1255638,2024,opinions,opinion
1255661,2024,opinions,opinion
1251615,2024,news,news
1255353,2024,news,news
1255920,2024,news,news
1255933,2024,news,news
1256016,2024,news,news
1251774,2024,news,news
1256156,2024,opinions,opinion
1256062,2024,news,news
1256070,2024,news,news
1256088,2024,news,news
1256125,2024,news,news
1256191,2024,news,news
1256262,2024,news,news
1256187,2024,news,news
1256266,2024,news,news
1256484,2024,news,news
1256581,2024,news,news
1256550,2024,opinions,opinion
1256715,2024,opinions,opinion
1256650,2024,news,news
1256628,2024,news,news
1256615,2024,news,news
1256723,2024,news,news
1256956,2024,news,news
1256963,2024,news,news
1256981,2024,news,news
1256986,2024,news,news
1257124,2024,news,news
1256921,2024,news,news
1257121,2024,news,news
1257193,2024,news,news
1257219,2024,news,news
1257197,2024,news,news
1257369,2024,news,news
1257500,2024,news,news
1257451,2024,news,news
1257641,2024,news,news
1257494,2024,news,news
1257545,2024,news,news
1257596,2024,news,news
1257513,2024,opinions,opinion
1258018,2024,news,news
1257291,2024,opinions,opinion
1257321,2024,opinions,column
1257821,2024,opinions,opinion
1257860,2024,news,news
1257934,2024,news,news
1257948,2024,news,news
1258046,2024,news,news
1258022,2024,news,news
1257249,2024,opinions,opinion
1257269,2024,opinions,opinion
1258252,2024,news,news
1258233,2024,news,news
1258210,2024,news,news
1258114,2024,news,news
1258193,2024,news,news
1258384,2024,news,news
1258399,2024,news,news
1258227,2024,news,news
1258184,2024,news,news
1258118,2024,news,news
1256924,2024,news,news
1258540,2024,opinions,opinion
1258621,2024,news,news
1258764,2024,news,news
1258740,2024,opinions,opinion
1258737,2024,opinions,column
1258923,2024,opinions,opinion
1258919,2024,opinions,column
1258568,2024,news,news
1258861,2024,news,news
1258662,2024,news,news
1258899,2024,news,news
1258816,2024,news,news
1259259,2024,news,news
1259230,2024,news,news
1259213,2024,news,news
1259068,2024,news,news
1259076,2024,news,news
1259049,2024,news,news
1259178,2024,opinions,opinion
1259364,2024,news,news
1259327,2024,news,news
1259323,2024,news,news
1259347,2024,news,news
1259496,2024,news,news
1259606,2024,news,news
1259522,2024,news,news
1259484,2024,news,news
1259030,2024,opinions,column
1259544,2024,news,news
1259664,2024,news,news
1259674,2024,news,news
1259670,2024,news,news
1259827,2024,opinions,opinion
1259887,2024,news,news
1259832,2024,news,news
1259867,2024,news,news
1259912,2024,news,news
1259885,2024,news,news
1259999,2024,news,news
1260053,2024,opinions,opinion
1259955,2024,opinions,opinion
1260061,2024,opinions,opinion
1260105,2024,news,news
1260140,2024,news,news
1260191,2024,news,news
1260282,2024,news,news
1260388,2024,news,news
1260459,2024,news,news
1260363,2024,news,news
1260355,2024,news,news
1260076,2024,news,news
1260180,2024,opinions,opinion
1260210,2024,opinions,opinion
1260066,2024,opinions,column
1260207,2024,news,news
1260697,2024,news,news
1260419,2024,news,news
1260411,2024,news,news
1260592,2024,news,news
1260766,2024,news,news
1256462,2024,news,news
1260787,2024,news,news
1260823,2024,news,news
1260826,2024,opinions,opinion
1260998,2024,news,news
1261022,2024,news,news
1261116,2024,news,news
1261113,2024,news,news
1261267,2024,news,news
1261284,2024,news,news
1261147,2024,opinions,opinion
1261383,2024,news,news
1261326,2024,news,news
1261391,2024,news,news
1261506,2024,opinions,opinion
1260757,2024,opinions,opinion
1261634,2024,news,news
1261567,2024,news,news
1261664,2024,news,news
1261448,2024,news,news
1261693,2024,opinions,column
1261739,2024,opinions,opinion
1261770,2024,opinions,opinion
1261782,2024,news,news
1261783,2024,news,news
1261836,2024,news,news
1261880,2024,opinions,opinion
1261916,2024,news,news
1261896,2024,news,news
1261925,2024,news,news
1261962,2024,news,news
1261951,2024,opinions,opinion
1262035,2024,news,news
1262024,2024,news,news
1262206,2024,news,news
1260942,2024,news,news
1262125,2024,news,news
1262068,2024,opinions,opinion
1262267,2024,news,news
1262305,2024,opinions,opinion
1261824,2024,news,news
1262245,2024,news,news
1262162,2024,news,news
1262399,2024,news,news
1262360,2024,news,news
1262299,2024,opinions,opinion
1262472,2024,news,news
1262406,2024,news,news
1262486,2024,news,news
1262551,2024,news,news
1262568,2024,news,news
1262618,2024,news,news
1262610,2024,opinions,opinion
1262644,2024,news,news
1262804,2025,news,news
1262919,2025,news,news
1262940,2025,news,news
1262854,2025,opinions,column
1262894,2025,news,news
1262984,2025,news,news
1263015,2025,opinions,opinion
1263116,2025,news,news
1263085,2025,news,news
1263079,2025,news,news
1263041,2025,news,news
1263024,2025,news,news
1263029,2025,news,news
1263185,2025,opinions,opinion
1263162,2025,opinions,opinion
1263173,2025,news,news
1263221,2025,news,news
1263298,2025,news,news
1263303,2025,news,news
1263325,2025,news,news
1263352,2025,news,news
1263321,2025,news,news
1262831,2025,opinions,opinion
1263357,2025,news,news
1263378,2025,news,news
1263429,2025,news,news
1263440,2025,news,news
1263526,2025,news,news
1263532,2025,news,news
1263511,2025,news,news
1263577,2025,news,news
1263588,2025,news,news
1263673,2025,news,news
1263557,2025,news,news
1263703,2025,news,news
1263655,2025,news,news
1263680,2025,news,news
1263750,2025,opinions,opinion
1263753,2025,news,news
1263854,2025,news,news
1263815,2025,news,news
1263777,2025,news,news
1263868,2025,news,news
1263772,2025,news,news
1263873,2025,news,news
1263785,2025,news,news
1263916,2025,opinions,column
1263553,2025,news,news
1264020,2025,news,news
1263859,2025,news,news
1264147,2025,news,news
1264126,2025,news,news
1264156,2025,opinions,column
1264153,2025,news,news
1264276,2025,news,news
1264320,2025,news,news
1264314,2025,opinions,column
1264247,2025,news,news
1264424,2025,opinions,opinion
1264407,2025,news,news
1264350,2025,news,news
1264383,2025,news,news
1264386,2025,news,news
1264484,2025,news,news
1264493,2025,news,news
1264457,2025,opinions,opinion
1264604,2025,opinions,opinion
1264577,2025,news,news
1264707,2025,news,news
1264728,2025,news,news
1264699,2025,news,news
1263674,2025,news,news
1263562,2025,news,news
1263567,2025,news,news
1263579,2025,news,news
1263887,2025,news,news
1264581,2025,news,news
1264841,2025,news,news
1264985,2025,news,news
1264825,2025,news,news
1264703,2025,news,news
1263665,2025,opinions,column
1265131,2025,opinions,opinion
1264515,2025,news,news
1264830,2025,news,news
1265090,2025,news,news
1265059,2025,news,news
1264662,2025,news,news
1265214,2025,opinions,opinion
1265261,2025,news,news
1265264,2025,news,news
1265355,2025,news,news
1265366,2025,news,other
1265285,2025,opinions,opinion
1265540,2025,news,news
1265529,2025,news,news
1265371,2025,news,other
1265402,2025,news,news
1265396,2025,news,news
1265561,2025,news,news
1265352,2025,news,news
1265575,2025,news,news
1265571,2025,news,news
1265614,2025,news,news
1265647,2025,opinions,opinion
1265724,2025,news,news
1265774,2025,opinions,column
1265726,2025,news,news
1265830,2025,news,news
1265838,2025,news,news
1265984,2025,news,news
1265891,2025,news,news
1265853,2025,opinions,opinion
1265928,2025,news,news
1265923,2025,news,news
1265419,2025,opinions,opinion
1266112,2025,news,news
1266011,2025,news,news
1266029,2025,news,news
1266074,2025,news,news
1265987,2025,opinions,opinion
1266006,2025,news,news
1266169,2025,news,news
1266175,2025,news,news
1266190,2025,opinions,opinion
1266261,2025,news,news
1266317,2025,opinions,opinion
1266377,2025,news,news
1266386,2025,news,news
1266305,2025,opinions,column
1266299,2025,news,news
1266408,2025,news,news
1266403,2025,news,news
1266557,2025,news,news
1266483,2025,news,news
1266533,2025,opinions,column
1266461,2025,news,news
1266467,2025,news,news
1266589,2025,news,news
1266665,2025,opinions,opinion
1266650,2025,opinions,opinion
1266586,2025,news,news
1266606,2025,news,news
1266670,2025,news,other
1266633,2025,news,news
1266705,2025,news,news
1266711,2025,news,news
1266751,2025,opinions,opinion
1266803,2025,news,news
1266815,2025,news,news
1266823,2025,news,news
1266784,2025,news,news
1267004,2025,news,news
1266970,2025,news,news
1266911,2025,news,other
1266901,2025,news,news
1266894,2025,opinions,column
1266965,2025,opinions,column
1266995,2025,news,news
1267043,2025,news,news
1267055,2025,news,news
1266853,2025,news,news
1267094,2025,news,news
1267088,2025,news,news
1267141,2025,opinions,column
1267228,2025,opinions,opinion
1267208,2025,news,news
1267193,2025,news,news
1267166,2025,news,news
1267252,2025,news,news
1267251,2025,opinions,column
1267274,2025,news,news
1267364,2025,news,news
1267382,2025,news,news
1267406,2025,opinions,opinion
1267324,2025,opinions,opinion
1267377,2025,news,news
1267585,2025,news,news
1267483,2025,news,news
1267501,2025,news,news
1267549,2025,opinions,opinion
1267491,2025,news,news
1267454,2025,opinions,column
1267596,2025,news,news
1267487,2025,news,news
1267617,2025,news,news
1267671,2025,news,news
1267609,2025,news,news
1267686,2025,news,news
1267735,2025,news,news
1267834,2025,news,news
1267769,2025,news,news
1267785,2025,opinions,opinion
1267703,2025,opinions,column
1267744,2025,news,news
1267704,2025,news,news
1267912,2025,news,news
1267902,2025,opinions,opinion
1267933,2025,news,news
1267969,2025,news,news
1267981,2025,opinions,opinion
1268108,2025,news,news
1268103,2025,news,news
1268089,2025,news,news
1267991,2025,news,news
1267987,2025,news,news
1268056,2025,opinions,opinion
1268005,2025,news,news
1268123,2025,news,news
1268232,2025,news,news
1268173,2025,opinions,opinion
1268315,2025,opinions,column
1268304,2025,news,news
1268246,2025,news,news
1268240,2025,news,news
1268335,2025,news,news
1268328,2025,news,news
1268371,2025,opinions,opinion
1268394,2025,opinions,opinion
1268398,2025,news,news
1268429,2025,news,news
1268461,2025,news,news
1268511,2025,news,news
1268469,2025,opinions,opinion
1268709,2025,opinions,opinion
1268744,2025,news,news
1268738,2025,news,news
1268749,2025,news,news
1268765,2025,news,news
1268518,2025,opinions,op-ed
1268733,2025,opinions,op-ed
1268833,2025,news,news
1268831,2025,news,news
1268925,2025,news,news
1268975,2025,news,news
1268962,2025,news,news
1268898,2025,news,other
1268867,2025,opinions,opinion
1268974,2025,opinions,opinion
1269080,2025,news,news
1269069,2025,news,news
1269010,2025,news,news
1269334,2025,news,news
1269350,2025,opinions,opinion
1269419,2025,news,news
1269430,2025,opinions,opinion
1269429,2025,news,other
1269557,2025,opinions,opinion
1269472,2025,news,news
1269481,2025,news,news
1269570,2025,news,news
1269577,2025,news,news
1269474,2025,news,news
1269593,2025,news,news
1269601,2025,news,news
1269630,2025,opinions,opinion
1269627,2025,opinions,opinion
1269584,2025,news,news
1269634,2025,news,news
1269665,2025,news,news
1269709,2025,news,news
1269737,2025,news,news
1269742,2025,news,news
1269758,2025,opinions,opinion
1269874,2025,opinions,opinion
1269901,2025,news,news
1269849,2025,news,news
1269812,2025,news,news
1269831,2025,news,news
1269819,2025,news,news
1269979,2025,news,news
1269914,2025,news,news
1269906,2025,news,news
1269995,2025,news,news
1269950,2025,opinions,opinion
1269975,2025,news,news
1269936,2025,opinions,opinion
1270036,2025,news,news
1270032,2025,news,news
1270075,2025,news,news
1270067,2025,news,news
1270104,2025,opinions,opinion
1270170,2025,news,news
1270235,2025,news,news
1270213,2025,news,news
1270205,2025,opinions,opinion
1270242,2025,news,news
1270250,2025,news,news
1270318,2025,opinions,opinion
1270313,2025,opinions,opinion
1270291,2025,news,news
1270297,2025,news,news
1270353,2025,opinions,opinion
1270388,2025,news,news
1270398,2025,news,news
1270404,2025,news,news
1270446,2025,news,news
1270556,2025,opinions,opinion
1270480,2025,news,news
1270488,2025,news,news
1270485,2025,news,news
1270580,2025,news,news
1270584,2025,news,news
1270592,2025,news,news
1270586,2025,news,news
1270595,2025,news,news
1270451,2025,opinions,opinion
1270652,2025,news,news
1270753,2025,news,news
1270709,2025,news,news
1270739,2025,opinions,opinion
1270690,2025,news,news
1270697,2025,news,news
1270677,2025,news,news
1270782,2025,opinions,column
1270763,2025,news,news
1270837,2025,news,news
1270885,2025,opinions,opinion
1270832,2025,news,news
1270850,2025,news,news
1270892,2025,news,news
1270907,2025,news,news
1270942,2025,news,news
1270979,2025,opinions,opinion
1270912,2025,news,news
1270952,2025,news,news
1271024,2025,news,news
1271041,2025,news,news
1271057,2025,news,news
1271136,2025,news,news
1271130,2025,news,other
1271123,2025,news,news
1271146,2025,news,news
1271114,2025,news,news
1271153,2025,opinions,opinion
1271181,2025,opinions,opinion
1271186,2025,news,news
1271248,2025,news,news
1271216,2025,news,news
1271220,2025,news,news
1271297,2025,news,news
1271305,2025,news,news
1271309,2025,news,news
1271336,2025,news,news
1271363,2025,opinions,opinion
1271366,2025,news,news
1271371,2025,news,news
1271376,2025,news,news
1271390,2025,news,news
1271428,2025,news,news
1271445,2025,news,news
1271573,2025,news,news
1271557,2025,opinions,opinion
1271658,2025,news,news
1271684,2025,news,news
1271691,2025,news,news
1271682,2025,news,news
1271673,2025,opinions,opinion
1271664,2025,news,news
1271869,2025,news,news
1271976,2025,news,news
1271877,2025,news,news
1271853,2025,opinions,opinion
1271886,2025,opinions,opinion
1272091,2025,news,news
1272014,2025,news,news
1272018,2025,news,news
1271992,2025,opinions,opinion
1272210,2025,news,news
1272124,2025,news,news
1272102,2025,news,news
1272109,2025,news,other
1272089,2025,news,news
1271358,2025,opinions,opinion
1272234,2025,news,news
1272221,2025,news,news
1272230,2025,news,news
1272300,2025,news,news
1272346,2025,news,news
1272359,2025,news,news
1272466,2025,opinions,opinion
1272606,2025,news,news
1272437,2025,news,news
1272584,2025,opinions,column
1272662,2025,news,news
1272655,2025,news,news
1272626,2025,opinions,opinion
1272608,2025,opinions,opinion
1272718,2025,news,news
1272670,2025,opinions,column
1272742,2025,news,news
1272732,2025,news,news
1272772,2025,opinions,column
1272751,2025,news,news
1272775,2025,opinions,opinion
1272848,2025,news,news
1272855,2025,news,news
1272861,2025,news,news
1272839,2025,news,news
1272910,2025,opinions,opinion
1272983,2025,news,news
1272962,2025,news,news
1272939,2025,news,news
1272950,2025,news,news
1272992,2025,opinions,opinion
1272988,2025,news,news
1272892,2025,opinions,opinion
1273092,2025,opinions,column
1273002,2025,news,news
1273044,2025,news,news
1273069,2025,news,news
1273123,2025,news,news
1273097,2025,opinions,opinion
1273019,2025,news,news
1273259,2025,news,other
1273256,2025,news,news
1273324,2025,news,news
1273346,2025,news,news
1273372,2025,news,news
1273284,2025,opinions,opinion
1273288,2025,opinions,opinion
1273268,2025,news,news
1273140,2025,opinions,opinion
1273379,2025,news,news
1273451,2025,news,other
1273468,2025,news,news
1273198,2025,opinions,opinion
1273495,2025,news,news
1273584,2025,opinions,opinion
1273603,2025,news,news
1273665,2025,news,news
1273675,2025,news,news
1273724,2025,news,news
1273717,2025,news,news
1273655,2025,news,news
1273733,2025,news,news
1273790,2025,news,news
1273801,2025,opinions,opinion
1273896,2025,news,news
1273900,2025,news,news
1273911,2025,opinions,column
1273987,2025,news,news
1274004,2025,news,news
1273992,2025,news,news
1273997,2025,opinions,opinion
1273622,2025,news,news
1273645,2025,opinions,opinion
1274021,2025,news,news
1274177,2025,opinions,opinion
1274194,2025,news,news
1274204,2025,news,news
1274186,2025,news,news
1274237,2025,news,news
1274253,2025,news,other
1274266,2025,opinions,opinion
1274271,2025,opinions,opinion
1274284,2025,news,news
1274309,2025,opinions,opinion
1274329,2025,news,news
1274356,2025,news,news
1274450,2025,news,news
1274629,2025,news,news
1274644,2025,news,news
1274334,2025,news,news
1274667,2025,news,news
1274663,2025,news,news
1274753,2025,opinions,opinion
1274863,2025,news,news
1274952,2025,news,news
1275178,2025,opinions,column
1275261,2025,news,news
1275201,2025,opinions,column
1274931,2025,news,news
1275254,2025,news,news
1274958,2025,news,news
1275283,2025,news,news
1275390,2025,news,news
1274576,2025,news,news
1274966,2025,news,news
1275427,2025,news,news
1275406,2025,opinions,opinion
1275573,2025,news,news
1275555,2025,news,news
1275538,2025,news,news
1275457,2025,opinions,opinion
1275705,2025,news,news
1275590,2025,news,news
1275221,2025,opinions,opinion
1275692,2025,news,news
1275824,2025,news,news
1275800,2025,opinions,opinion
1275845,2025,news,news
1275903,2025,news,news
1275859,2025,news,news
1275913,2025,opinions,column
1275911,2025,news,news
1276001,2025,news,news
1275937,2025,opinions,column
1276007,2025,news,news
1276012,2025,news,news
1276094,2025,news,news
1276215,2025,news,news
1276115,2025,news,news
1276099,2025,news,news
1276204,2025,news,news
1276101,2025,opinions,opinion
1276141,2025,opinions,opinion
1276343,2025,news,news
1276338,2025,opinions,opinion
1276362,2025,news,news
1276349,2025,news,news
1276385,2025,opinions,opinion
1276445,2025,news,news
1276440,2025,news,news
1276567,2025,news,news
1276579,2025,news,news
1276460,2025,opinions,opinion
1276437,2025,news,news
1276615,2025,news,news
1276628,2025,news,news
1276693,2025,news,news
1276733,2025,news,news
1276779,2025,news,news
1276666,2025,opinions,opinion
1276638,2025,news,news
1276847,2025,news,news
1276798,2025,news,news
1276936,2025,news,news
1276953,2025,news,news
1276817,2025,opinions,opinion
1276976,2025,opinions,opinion
1277051,2025,news,news
1277054,2025,news,news
1277166,2025,opinions,column
1277144,2025,news,news
1277132,2025,news,news
1277273,2025,news,news
1277278,2025,news,news
1277129,2025,news,news
1277274,2025,news,news
1277304,2025,news,news
1277395,2025,news,news
1277410,2025,news,news
1277488,2025,opinions,opinion
1277424,2025,news,news
1277441,2025,news,news
1277455,2025,news,news
1277435,2025,news,news
1277539,2025,news,news
1277549,2025,news,news
1277449,2025,news,news
1277444,2025,opinions,column
1277567,2025,news,news
1277582,2025,news,news
1277692,2025,news,news
1277627,2025,news,news
1277652,2025,opinions,column
1277718,2025,opinions,opinion
1277795,2025,news,news
1277772,2025,news,news
1277759,2025,news,news
1277698,2025,news,news
1277800,2025,news,news
1277928,2025,opinions,opinion
1277929,2025,news,news
1277927,2025,news,news
1277947,2025,news,news
1277925,2025,news,news
1277897,2025,news,news
1278025,2025,opinions,column
1277944,2025,news,news
1278055,2025,news,news
1278021,2025,news,news
1278062,2025,news,news
1278068,2025,news,news
1278076,2025,news,news
1278084,2025,news,news
1278168,2025,news,news
1277805,2025,news,news
1278280,2025,news,news
1278227,2025,opinions,column
1278246,2025,news,news
1278323,2025,news,news
1278397,2025,news,news
1278338,2025,news,news
1278381,2025,news,news
1278357,2025,opinions,opinion
1278394,2025,opinions,column
1278502,2025,news,news
1278519,2025,news,news
1278630,2025,news,news
1278594,2025,news,news
1278248,2025,opinions,opinion
1278649,2025,news,news
1278510,2025,news,news
1278646,2025,news,news
1278588,2025,opinions,opinion
1278654,2025,news,news
1278744,2025,news,news
1278748,2025,news,news
1278886,2025,news,news
1278898,2025,news,news
1278893,2025,news,news
1278974,2025,news,news
1278808,2025,opinions,column
1278970,2025,opinions,column
1279025,2025,opinions,opinion
1278994,2025,news,news
1279004,2025,news,news
1279088,2025,news,news
1279070,2025,news,news
1279086,2025,news,news
1279107,2025,news,news
1279074,2025,news,news
1279266,2025,news,news
1279080,2025,news,news
1279051,2025,news,news
1279251,2025,opinions,opinion
1279300,2025,news,news
1279329,2025,opinions,column
1279295,2025,news,news
1279273,2025,news,news
1279287,2025,news,news
1279408,2025,news,news
1279410,2025,news,news
1279421,2025,news,news
1279422,2025,news,news
1279440,2025,news,news
1279462,2025,opinions,opinion
1279496,2025,news,news
1279512,2025,news,news
1279501,2025,news,news
1279616,2025,opinions,column
1279515,2025,news,news
1279589,2025,news,news
1279598,2025,news,news
1279593,2025,news,news
1279604,2025,news,news
1279526,2025,news,news
1279712,2025,news,news
1279641,2025,opinions,opinion
1279689,2025,news,news
1279698,2025,news,news
1279701,2025,news,news
1279806,2025,news,news
1279772,2025,news,news
1279792,2025,opinions,opinion
1279825,2025,news,news
1279894,2025,news,news
1279904,2025,news,news
1279842,2025,opinions,opinion
1279959,2025,opinions,column
1280001,2025,news,news
1279988,2025,news,news
1279993,2025,news,news
1280232,2025,news,news
1280152,2025,news,news
1280220,2025,news,news
1280128,2025,opinions,column
1280133,2025,news,news
1280214,2025,opinions,opinion
1280116,2025,news,news
1280287,2025,opinions,opinion
1280411,2025,news,news
1280249,2025,news,news
1280251,2025,news,news
1280343,2025,news,news
1280381,2025,news,news
1280375,2025,news,news
1280400,2025,news,news
1280417,2025,news,news
1280529,2025,opinions,opinion
1280526,2025,news,news
1280534,2025,news,news
1280539,2025,news,news
1280557,2025,news,news
1280547,2025,news,news
1280753,2025,opinions,opinion
1280785,2025,news,other
1280810,2025,news,news
1280801,2025,news,news
1280861,2025,news,news
1280824,2025,opinions,opinion
1280902,2025,news,news
1280900,2025,news,news
1280918,2025,news,news
1280866,2025,news,news
1280969,2025,news,news
1280896,2025,news,news
1280912,2025,news,news
1280964,2025,opinions,opinion
1281082,2025,news,news
1281016,2025,opinions,opinion
1281009,2025,opinions,column
1281107,2025,news,news
1281137,2025,news,news
1281178,2025,news,news
1281195,2025,news,news
1281201,2025,news,news
1281208,2025,news,news
1281229,2025,news,news
1281268,2025,news,news
1281345,2026,opinions,opinion
1281301,2026,news,news
1281402,2026,opinions,opinion
1281428,2026,opinions,opinion
1281415,2026,news,news
1281494,2026,news,news
1281502,2026,news,news
1281476,2026,news,news
1281535,2026,news,news
1281555,2026,news,news
1281570,2026,news,news
1281579,2026,news,news
1281546,2026,opinions,opinion
1281668,2026,news,news
1281644,2026,news,news
1281678,2026,news,news
1281601,2026,opinions,opinion
1281604,2026,opinions,opinion
1281774,2026,opinions,opinion
1281807,2026,news,news
1281871,2026,news,news
1281824,2026,opinions,column
1281818,2026,news,news
1281930,2026,opinions,opinion
1281885,2026,news,news
1281878,2026,news,news
1281947,2026,news,news
1281971,2026,news,news
1282051,2026,news,news
1281982,2026,news,news
1282025,2026,opinions,opinion
1282114,2026,opinions,opinion
1282184,2026,news,news
1282157,2026,news,news
1282135,2026,news,news
1282235,2026,opinions,opinion
1282246,2026,news,news
1282258,2026,news,news
1282387,2026,news,news
1282380,2026,news,news
1282232,2026,opinions,column
1282481,2026,news,news
1282579,2026,news,news
1282570,2026,opinions,opinion
1282492,2026,news,news
1282514,2026,news,news
1282550,2026,news,news
1282586,2026,news,news
1282595,2026,news,news
1282613,2026,opinions,opinion
1282688,2026,news,news
1282567,2026,news,news
1282605,2026,news,news
1282601,2026,news,news
1282697,2026,news,news
1282805,2026,news,news
1282746,2026,news,news
1282820,2026,opinions,opinion
1282829,2026,news,news
1282835,2026,news,news
1282894,2026,news,news
1282853,2026,opinions,opinion
1282907,2026,news,news
1282930,2026,news,news
1283028,2026,news,news
1283025,2026,opinions,opinion
1283045,2026,news,news
1283065,2026,news,news
1283068,2026,opinions,opinion
1283199,2026,news,news
1283339,2026,news,news
1283333,2026,news,news
1283209,2026,news,news
1283235,2026,opinions,opinion
1283277,2026,opinions,opinion
1283372,2026,news,news
1283437,2026,opinions,opinion
1283622,2026,news,news
1283713,2026,news,news
1283537,2026,news,news
1283565,2026,news,news
1283642,2026,opinions,column
1283572,2026,news,news
1283768,2026,news,news
1283851,2026,news,news
1283784,2026,news,news
1283889,2026,news,news
1283970,2026,news,news
1283917,2026,news,other
1284001,2026,news,news
1283910,2026,opinions,column
1284010,2026,opinions,opinion
1284173,2026,news,news
1284315,2026,news,news
1284212,2026,news,news
1284250,2026,opinions,opinion
1284118,2026,news,news
1284078,2026,news,news
1284187,2026,news,news
1284363,2026,news,news
1284342,2026,news,news
1284388,2026,news,news
1284368,2026,news,news
1284395,2026,news,news
1284478,2026,opinions,column
1284544,2026,news,news
1284565,2026,news,news
1284668,2026,news,news
1284701,2026,news,news
1284771,2026,news,news
1284616,2026,opinions,opinion
1284714,2026,opinions,opinion
1284988,2026,opinions,column
1284846,2026,news,news
1284861,2026,news,news
1284457,2026,opinions,opinion
1285023,2026,news,news
1285024,2026,news,news
1285067,2026,news,news
1285184,2026,news,news
1285245,2026,news,news
1285362,2026,news,news
1285333,2026,news,news
1285404,2026,news,news
1285310,2026,opinions,opinion
1285286,2026,news,news
1285523,2026,news,news
1285474,2026,news,news
1285501,2026,opinions,opinion
1285585,2026,news,news
1285651,2026,opinions,opinion
1285591,2026,news,news
1285786,2026,news,news
1285811,2026,opinions,opinion
1285772,2026,news,news
1285791,2026,news,news
1285895,2026,news,news
1285952,2026,news,news
1286016,2026,opinions,opinion
1285941,2026,news,news
1286079,2026,news,news
1286019,2026,news,news
1286098,2026,news,news
1286205,2026,news,news
1286201,2026,opinions,opinion
1286385,2026,news,news
1286398,2026,news,news
1286284,2026,news,news
1286346,2026,opinions,opinion
1286282,2026,news,news
1286404,2026,news,news
1286423,2026,opinions,opinion
1286676,2026,opinions,opinion
1286646,2026,opinions,opinion
1286681,2026,news,news
1286624,2026,news,news
1286550,2026,news,news
1286529,2026,news,news
1286559,2026,news,news
1286536,2026,news,news
1286502,2026,news,news
1286779,2026,opinions,column
1286805,2026,news,news
1286745,2026,news,news
1286732,2026,news,news
1286846,2026,news,news
1286875,2026,news,news
1287017,2026,news,news
1287177,2026,news,news
1287143,2026,news,news
1287168,2026,opinions,opinion
1286951,2026,opinions,opinion
1287089,2026,news,news
1287345,2026,news,news
1287258,2026,news,news
1287268,2026,news,news
1287329,2026,opinions,column
1287510,2026,opinions,opinion
1287417,2026,news,news
1287335,2026,news,news
1287406,2026,news,news
1287568,2026,news,news
1287717,2026,news,news
1287655,2026,opinions,opinion
1287556,2026,news,news
1287584,2026,news,news
1287665,2026,news,news
1287769,2026,news,news
1287649,2026,news,news
1287926,2026,news,news
1287914,2026,opinions,opinion
1288124,2026,news,news
1288120,2026,news,news
1288008,2026,news,news
1288066,2026,opinions,opinion
1288166,2026,news,news
1288183,2026,opinions,opinion
1288212,2026,news,news
1288278,2026,news,news
1288362,2026,news,news
1288369,2026,news,news
1288211,2026,news,news
1288340,2026,opinions,opinion
1288195,2026,opinions,opinion
1288519,2026,news,news
1288541,2026,news,news
1288506,2026,news,news
1288393,2026,news,news
1288508,2026,news,news
1288759,2026,news,news
1288771,2026,news,news
1288693,2026,opinions,column
1288798,2026,opinions,opinion
1289001,2026,opinions,opinion
1288848,2026,news,other
1288981,2026,news,news
1288886,2026,news,news
1289172,2026,opinions,opinion
1289210,2026,news,news
1289186,2026,news,news
1289058,2026,news,news
1289115,2026,news,news
1289215,2026,news,news
1289219,2026,news,news
1289346,2026,news,news
1289335,2026,opinions,opinion
1289388,2026,news,news
1289472,2026,news,news
1289450,2026,news,news
1289429,2026,opinions,opinion
1289532,2026,opinions,column
1289721,2026,news,news
1289738,2026,news,news
1289660,2026,news,news
1289603,2026,news,news
1289735,2026,opinions,opinion
1289868,2026,opinions,column
1289680,2026,news,news
1289763,2026,news,news
1289843,2026,news,news
1289908,2026,news,news
1289921,2026,news,news
1289939,2026,news,news
1289943,2026,news,news
1290051,2026,news,news
1290068,2026,opinions,opinion
1290089,2026,news,news
1290165,2026,opinions,opinion
1290401,2026,opinions,opinion
1290275,2026,news,news
1290247,2026,news,news
1290264,2026,news,news
1290567,2026,news,news
1290434,2026,news,news
1290467,2026,news,news
1290430,2026,news,news
1290496,2026,news,news
1290480,2026,news,news
1290493,2026,opinions,opinion
1290637,2026,opinions,opinion
1290608,2026,news,news
1290612,2026,news,news
1290778,2026,news,news
1290785,2026,news,news
1290811,2026,news,news
1290807,2026,news,news
1290822,2026,news,news
1290881,2026,news,news
1290154,2026,opinions,column
1290935,2026,news,news
1290979,2026,news,news
1290984,2026,news,news
1291293,2026,news,news
1291335,2026,news,news
1291199,2026,opinions,column
1290993,2026,news,news
1291364,2026,news,news
1291445,2026,opinions,opinion
1291669,2026,news,news
1291475,2026,news,news
1291667,2026,opinions,opinion
1291450,2026,news,news
1291699,2026,news,news
1291706,2026,news,news
1291720,2026,news,news
1291703,2026,news,news
1291812,2026,news,news
1291763,2026,opinions,column
1291897,2026,news,news
1291893,2026,news,news
1291829,2026,news,news
1291869,2026,news,news
1292014,2026,news,news
1291965,2026,opinions,opinion
1292011,2026,news,news
1292033,2026,news,news
1292092,2026,opinions,opinion
1292075,2026,opinions,opinion
1292102,2026,news,news
1292105,2026,news,news
1292190,2026,news,news
1292122,2026,news,news
1292359,2026,news,news
1292238,2026,opinions,opinion
1292327,2026,opinions,column
1292364,2026,news,news
1292236,2026,news,news
1292222,2026,news,news
1292390,2026,news,news
1292532,2026,news,news
1292389,2026,news,news
1292492,2026,news,news
1292430,2026,opinions,opinion
1292513,2026,news,news
1292577,2026,news,news
1292608,2026,opinions,column
1292739,2026,news,news
1292736,2026,news,news
1292743,2026,news,news
1292769,2026,news,news
1292805,2026,opinions,opinion
1292852,2026,news,news
1292867,2026,news,news
1292884,2026,news,news
1292844,2026,opinions,opinion
1292856,2026,news,news
1292860,2026,news,news
1293025,2026,news,news
1293062,2026,news,news
1293141,2026,opinions,opinion
1293181,2026,news,news
1293083,2026,news,news
1293070,2026,news,news
1293031,2026,news,news
1293351,2026,opinions,column
1293300,2026,news,news
1293223,2026,news,news
1293233,2026,news,news
1293379,2026,news,news
1293396,2026,news,news
1293405,2026,news,news
1293446,2026,opinions,opinion
1293626,2026,opinions,column
1293596,2026,news,news
1293595,2026,news,news
1293687,2026,news,news
1293715,2026,opinions,opinion
1293677,2026,news,news
1293768,2026,news,news
1293770,2026,news,news
1293756,2026,news,news
1293819,2026,opinions,opinion
1293868,2026,news,news
1293872,2026,news,news
1293893,2026,news,news
1293959,2026,news,news
1293958,2026,opinions,opinion
1294050,2026,news,news
1294093,2026,opinions,opinion
1294097,2026,news,news
1294268,2026,news,news
1294247,2026,news,news
1294343,2026,opinions,opinion
1294276,2026,opinions,opinion
1294301,2026,news,news
1294596,2026,news,news
1294491,2026,news,news
1294580,2026,news,news
1294761,2026,news,news
1294691,2026,opinions,opinion
1294795,2026,news,news
1294788,2026,news,news
1294821,2026,news,news
1294910,2026,news,news
1294896,2026,news,news
1294808,2026,news,news
1294828,2026,opinions,opinion
1294927,2026,news,news
1294926,2026,news,news
1295126,2026,news,news
1295133,2026,news,news
1295143,2026,news,news
1295110,2026,opinions,opinion
1295209,2026,opinions,column
1295284,2026,news,news
1295415,2026,opinions,opinion
1295377,2026,news,news
1295607,2026,opinions,opinion
1295514,2026,news,news
1295538,2026,news,news
1295533,2026,news,news
1295661,2026,news,news
1295672,2026,news,news
1295769,2026,opinions,opinion
1295650,2026,news,news
1295967,2026,news,news
1295958,2026,news,news
1295956,2026,news,news
1296020,2026,opinions,column
1296177,2026,opinions,opinion
1296078,2026,news,news
1296088,2026,news,news
1296257,2026,news,news
1296243,2026,news,news
1296308,2026,opinions,column
1296382,2026,news,news
1296397,2026,news,news
1296530,2026,news,news
1296402,2026,news,news
1296510,2026,news,news
1296564,2026,news,news
1296515,2026,opinions,column
1296586,2026,opinions,column
1296592,2026,news,news
1296601,2026,opinions,opinion
1296514,2026,opinions,opinion
1296634,2026,opinions,opinion
1296646,2026,news,news
1296780,2026,news,news
1296751,2026,opinions,opinion
1296784,2026,news,news
1296172,2026,opinions,opinion
1296881,2026,news,news
1296164,2026,opinions,opinion
1296959,2026,news,news
1296979,2026,news,news
1296987,2026,news,news
1297012,2026,news,news
1297015,2026,news,news
1297029,2026,news,news
1297030,2026,news,news
1297069,2026,opinions,opinion
1297118,2026,news,news
1297128,2026,news,news
1297160,2026,news,news
